    ___    __  _______  __________ 
   /   |  /  |/  / __ )/ ____/ __ \
  / /| | / /|_/ / __  / __/ / /_/ /
 / ___ |/ /  / / /_/ / /___/ _, _/ 
/_/  |_/_/  /_/_____/_____/_/ |_|  
=============  V0.2.0  ============
[ Loading ] Using Launch File launch.json 
Base Link = base_link
End Effector = seven_Link
CAN_CONTROL_ENABLE
UDP_SERVER_ENABLE
[ Loading ] Control Frequency @ 200hz 
[ Loading ] Using URDF File   @ ./urdf/amber_l1/amber_l1.urdf 
[ Started ] LCM_ROS_Data_Publisher
[ DELAY ] 6308[ Started ] UDP_Server
[ DELAY ] 6754[ Started ] Drake_Kinematic_Solver
[ Started ] LCM_ROS_Command_Listener
    ___    __  _______  __________ 
   /   |  /  |/  / __ )/ ____/ __ \
  / /| | / /|_/ / __  / __/ / /_/ /
 / ___ |/ /  / / /_/ / /___/ _, _/ 
/_/  |_/_/  /_/_____/_____/_/ |_|  
=============  V0.2.0  ============
[ Loading ] Using Launch File launch.json 
Base Link = base_link
End Effector = seven_Link
CAN_CONTROL_ENABLE
UDP_SERVER_ENABLE
[ Loading ] Control Frequency @ 200hz 
[ Loading ] Using URDF File   @ ./urdf/amber_l1/amber_l1.urdf 
[ Started ] LCM_ROS_Data_Publisher
[ Started ] UDP_Server
[ DELAY ] 5003[ Started ] LCM_ROS_Command_Listener
[ Started ] Drake_Kinematic_Solver
[ DELAY ] 5004[ DELAY ] 5005[ DELAY ] 12702[ LCMDATA ] 0.899874 0.899874 0.899874 0.899874 0.899874 0.899874 0.899874
[ LCMDATA ] 1.79954 1.79954 1.79954 1.79954 1.79954 1.79954 1.79954
[ LCMDATA ] 2.69874 2.69874 2.69874 2.69874 2.69874 2.69874 2.69874
[ LCMDATA ] 3.5976 3.5976 3.5976 3.5976 3.5976 3.5976 3.5976
[ LCMDATA ] 4.49527 4.49527 4.49527 4.49527 4.49527 4.49527 4.49527
[ LCMDATA ] 5.39182 5.39182 5.39182 5.39182 5.39182 5.39182 5.39182
[ LCMDATA ] 6.28704 6.28704 6.28704 6.28704 6.28704 6.28704 6.28704
[ LCMDATA ] 7.1807 7.1807 7.1807 7.1807 7.1807 7.1807 7.1807
[ LCMDATA ] 8.07259 8.07259 8.07259 8.07259 8.07259 8.07259 8.07259
[ LCMDATA ] 8.96249 8.96249 8.96249 8.96249 8.96249 8.96249 8.96249
[ LCMDATA ] 9.8502 9.8502 9.8502 9.8502 9.8502 9.8502 9.8502
[ LCMDATA ] 10.7355 10.7355 10.7355 10.7355 10.7355 10.7355 10.7355
[ LCMDATA ] 11.6181 11.6181 11.6181 11.6181 11.6181 11.6181 11.6181
[ LCMDATA ] 12.4978 12.4978 12.4978 12.4978 12.4978 12.4978 12.4978
[ LCMDATA ] 13.3745 13.3745 13.3745 13.3745 13.3745 13.3745 13.3745
[ LCMDATA ] 14.2479 14.2479 14.2479 14.2479 14.2479 14.2479 14.2479
[ LCMDATA ] 15.1177 15.1177 15.1177 15.1177 15.1177 15.1177 15.1177
[ LCMDATA ] 15.9838 15.9838 15.9838 15.9838 15.9838 15.9838 15.9838
[ LCMDATA ] 16.846 16.846 16.846 16.846 16.846 16.846 16.846
[ LCMDATA ] 17.704 17.704 17.704 17.704 17.704 17.704 17.704
[ LCMDATA ] 18.5577 18.5577 18.5577 18.5577 18.5577 18.5577 18.5577
[ LCMDATA ] 19.4067 19.4067 19.4067 19.4067 19.4067 19.4067 19.4067
[ LCMDATA ] 20.251 20.251 20.251 20.251 20.251 20.251 20.251
[ LCMDATA ] 21.0903 21.0903 21.0903 21.0903 21.0903 21.0903 21.0903
[ LCMDATA ] 21.9244 21.9244 21.9244 21.9244 21.9244 21.9244 21.9244
[ LCMDATA ] 22.8032 22.8032 22.8032 22.8032 22.8032 22.8032 22.8032
[ LCMDATA ] 23.6266 23.6266 23.6266 23.6266 23.6266 23.6266 23.6266
[ LCMDATA ] 24.4473 24.4473 24.4473 24.4473 24.4473 24.4473 24.4473
[ LCMDATA ] 25.2582 25.2582 25.2582 25.2582 25.2582 25.2582 25.2582
[ LCMDATA ] 26.0627 26.0627 26.0627 26.0627 26.0627 26.0627 26.0627
[ LCMDATA ] 26.8609 26.8609 26.8609 26.8609 26.8609 26.8609 26.8609
[ LCMDATA ] 27.9295 27.9295 27.9295 27.9295 27.9295 27.9295 27.9295
[ LCMDATA ] 28.7118 28.7118 28.7118 28.7118 28.7118 28.7118 28.7118
[ LCMDATA ] 29.4869 29.4869 29.4869 29.4869 29.4869 29.4869 29.4869
[ LCMDATA ] 30.255 30.255 30.255 30.255 30.255 30.255 30.255
[ LCMDATA ] 31.0154 31.0154 31.0154 31.0154 31.0154 31.0154 31.0154
[ LCMDATA ] 31.7682 31.7682 31.7682 31.7682 31.7682 31.7682 31.7682
[ LCMDATA ] 32.5132 32.5132 32.5132 32.5132 32.5132 32.5132 32.5132
[ LCMDATA ] 33.4098 33.4098 33.4098 33.4098 33.4098 33.4098 33.4098
[ LCMDATA ] 34.1367 34.1367 34.1367 34.1367 34.1367 34.1367 34.1367
[ LCMDATA ] 34.8552 34.8552 34.8552 34.8552 34.8552 34.8552 34.8552
[ LCMDATA ] 35.5651 35.5651 35.5651 35.5651 35.5651 35.5651 35.5651
[ LCMDATA ] 36.4828 36.4828 36.4828 36.4828 36.4828 36.4828 36.4828
[ LCMDATA ] 37.1721 37.1721 37.1721 37.1721 37.1721 37.1721 37.1721
[ LCMDATA ] 37.8523 37.8523 37.8523 37.8523 37.8523 37.8523 37.8523
[ LCMDATA ] 38.5231 38.5231 38.5231 38.5231 38.5231 38.5231 38.5231
[ LCMDATA ] 39.3005 39.3005 39.3005 39.3005 39.3005 39.3005 39.3005
[ LCMDATA ] 39.9504 39.9504 39.9504 39.9504 39.9504 39.9504 39.9504
[ LCMDATA ] 40.5905 40.5905 40.5905 40.5905 40.5905 40.5905 40.5905
[ LCMDATA ] 41.2205 41.2205 41.2205 41.2205 41.2205 41.2205 41.2205
[ LCMDATA ] 41.8404 41.8404 41.8404 41.8404 41.8404 41.8404 41.8404
[ LCMDATA ] 42.4499 42.4499 42.4499 42.4499 42.4499 42.4499 42.4499
[ LCMDATA ] 43.049 43.049 43.049 43.049 43.049 43.049 43.049
[ LCMDATA ] 43.6374 43.6374 43.6374 43.6374 43.6374 43.6374 43.6374
[ LCMDATA ] 44.2151 44.2151 44.2151 44.2151 44.2151 44.2151 44.2151
[ LCMDATA ] 44.7819 44.7819 44.7819 44.7819 44.7819 44.7819 44.7819
[ LCMDATA ] 45.3376 45.3376 45.3376 45.3376 45.3376 45.3376 45.3376
[ LCMDATA ] 46.071 46.071 46.071 46.071 46.071 46.071 46.071
[ LCMDATA ] 46.6002 46.6002 46.6002 46.6002 46.6002 46.6002 46.6002
[ LCMDATA ] 47.1863 47.1863 47.1863 47.1863 47.1863 47.1863 47.1863
[ LCMDATA ] 47.6908 47.6908 47.6908 47.6908 47.6908 47.6908 47.6908
[ LCMDATA ] 48.3778 48.3778 48.3778 48.3778 48.3778 48.3778 48.3778
[ LCMDATA ] 48.8539 48.8539 48.8539 48.8539 48.8539 48.8539 48.8539
[ LCMDATA ] 49.4205 49.4205 49.4205 49.4205 49.4205 49.4205 49.4205
[ LCMDATA ] 49.8696 49.8696 49.8696 49.8696 49.8696 49.8696 49.8696
[ LCMDATA ] 50.3803 50.3803 50.3803 50.3803 50.3803 50.3803 50.3803
[ LCMDATA ] 50.8097 50.8097 50.8097 50.8097 50.8097 50.8097 50.8097
[ LCMDATA ] 51.3085 51.3085 51.3085 51.3085 51.3085 51.3085 51.3085
[ LCMDATA ] 51.7244 51.7244 51.7244 51.7244 51.7244 51.7244 51.7244
[ LCMDATA ] 52.1189 52.1189 52.1189 52.1189 52.1189 52.1189 52.1189
[ LCMDATA ] 52.4929 52.4929 52.4929 52.4929 52.4929 52.4929 52.4929
[ LCMDATA ] 52.8469 52.8469 52.8469 52.8469 52.8469 52.8469 52.8469
[ LCMDATA ] 53.3236 53.3236 53.3236 53.3236 53.3236 53.3236 53.3236
[ LCMDATA ] 53.6979 53.6979 53.6979 53.6979 53.6979 53.6979 53.6979
[ LCMDATA ] 54.0298 54.0298 54.0298 54.0298 54.0298 54.0298 54.0298
[ LCMDATA ] 54.3224 54.3224 54.3224 54.3224 54.3224 54.3224 54.3224
[ LCMDATA ] 54.6015 54.6015 54.6015 54.6015 54.6015 54.6015 54.6015
[ LCMDATA ] 54.8672 54.8672 54.8672 54.8672 54.8672 54.8672 54.8672
[ LCMDATA ] 55.1194 55.1194 55.1194 55.1194 55.1194 55.1194 55.1194
[ LCMDATA ] 55.4467 55.4467 55.4467 55.4467 55.4467 55.4467 55.4467
[ LCMDATA ] 55.6663 55.6663 55.6663 55.6663 55.6663 55.6663 55.6663
[ LCMDATA ] 55.8722 55.8722 55.8722 55.8722 55.8722 55.8722 55.8722
[ LCMDATA ] 56.0642 56.0642 56.0642 56.0642 56.0642 56.0642 56.0642
[ LCMDATA ] 56.2995 56.2995 56.2995 56.2995 56.2995 56.2995 56.2995
[ LCMDATA ] 56.4934 56.4934 56.4934 56.4934 56.4934 56.4934 56.4934
[ LCMDATA ] 56.6663 56.6663 56.6663 56.6663 56.6663 56.6663 56.6663
[ LCMDATA ] 56.7917 56.7917 56.7917 56.7917 56.7917 56.7917 56.7917
[ LCMDATA ] 56.9093 56.9093 56.9093 56.9093 56.9093 56.9093 56.9093
[ LCMDATA ] 57.0058 57.0058 57.0058 57.0058 57.0058 57.0058 57.0058
[ LCMDATA ] 57.0988 57.0988 57.0988 57.0988 57.0988 57.0988 57.0988
[ LCMDATA ] 57.1782 57.1782 57.1782 57.1782 57.1782 57.1782 57.1782
[ LCMDATA ] 57.2364 57.2364 57.2364 57.2364 57.2364 57.2364 57.2364
[ LCMDATA ] 57.2682 57.2682 57.2682 57.2682 57.2682 57.2682 57.2682
[ LCMDATA ] 57.286 57.286 57.286 57.286 57.286 57.286 57.286
[ LCMDATA ] 57.2896 57.2896 57.2896 57.2896 57.2896 57.2896 57.2896
[ LCMDATA ] 57.2761 57.2761 57.2761 57.2761 57.2761 57.2761 57.2761
[ LCMDATA ] 57.2415 57.2415 57.2415 57.2415 57.2415 57.2415 57.2415
[ LCMDATA ] 57.1974 57.1974 57.1974 57.1974 57.1974 57.1974 57.1974
[ LCMDATA ] 57.1393 57.1393 57.1393 57.1393 57.1393 57.1393 57.1393
[ LCMDATA ] 57.067 57.067 57.067 57.067 57.067 57.067 57.067
[ LCMDATA ] 56.9422 56.9422 56.9422 56.9422 56.9422 56.9422 56.9422
[ LCMDATA ] 56.8361 56.8361 56.8361 56.8361 56.8361 56.8361 56.8361
[ LCMDATA ] 56.7161 56.7161 56.7161 56.7161 56.7161 56.7161 56.7161
[ LCMDATA ] 56.582 56.582 56.582 56.582 56.582 56.582 56.582
[ LCMDATA ] 56.3984 56.3984 56.3984 56.3984 56.3984 56.3984 56.3984
[ LCMDATA ] 56.1949 56.1949 56.1949 56.1949 56.1949 56.1949 56.1949
[ LCMDATA ] 56.0128 56.0128 56.0128 56.0128 56.0128 56.0128 56.0128
[ LCMDATA ] 55.817 55.817 55.817 55.817 55.817 55.817 55.817
[ LCMDATA ] 55.5987 55.5987 55.5987 55.5987 55.5987 55.5987 55.5987
[ LCMDATA ] 55.3245 55.3245 55.3245 55.3245 55.3245 55.3245 55.3245
[ LCMDATA ] 55.0839 55.0839 55.0839 55.0839 55.0839 55.0839 55.0839
[ LCMDATA ] 54.8298 54.8298 54.8298 54.8298 54.8298 54.8298 54.8298
[ LCMDATA ] 54.5252 54.5252 54.5252 54.5252 54.5252 54.5252 54.5252
[ LCMDATA ] 54.166 54.166 54.166 54.166 54.166 54.166 54.166
[ LCMDATA ] 53.8663 53.8663 53.8663 53.8663 53.8663 53.8663 53.8663
[ LCMDATA ] 53.5532 53.5532 53.5532 53.5532 53.5532 53.5532 53.5532
[ LCMDATA ] 53.2034 53.2034 53.2034 53.2034 53.2034 53.2034 53.2034
[ LCMDATA ] 52.8567 52.8567 52.8567 52.8567 52.8567 52.8567 52.8567
[ LCMDATA ] 52.503 52.503 52.503 52.503 52.503 52.503 52.503
[ LCMDATA ] 52.1365 52.1365 52.1365 52.1365 52.1365 52.1365 52.1365
[ LCMDATA ] 51.6057 51.6057 51.6057 51.6057 51.6057 51.6057 51.6057
[ LCMDATA ] 51.1368 51.1368 51.1368 51.1368 51.1368 51.1368 51.1368
[ LCMDATA ] 50.7248 50.7248 50.7248 50.7248 50.7248 50.7248 50.7248
[ LCMDATA ] 50.139 50.139 50.139 50.139 50.139 50.139 50.139
[ LCMDATA ] 49.6974 49.6974 49.6974 49.6974 49.6974 49.6974 49.6974
[ LCMDATA ] 49.1283 49.1283 49.1283 49.1283 49.1283 49.1283 49.1283
[ LCMDATA ] 48.6584 48.6584 48.6584 48.6584 48.6584 48.6584 48.6584
[ LCMDATA ] 48.1754 48.1754 48.1754 48.1754 48.1754 48.1754 48.1754
[ LCMDATA ] 47.6825 47.6825 47.6825 47.6825 47.6825 47.6825 47.6825
[ LCMDATA ] 47.1778 47.1778 47.1778 47.1778 47.1778 47.1778 47.1778
[ LCMDATA ] 46.6614 46.6614 46.6614 46.6614 46.6614 46.6614 46.6614
[ LCMDATA ] 46.1313 46.1313 46.1313 46.1313 46.1313 46.1313 46.1313
[ LCMDATA ] 45.5893 45.5893 45.5893 45.5893 45.5893 45.5893 45.5893
[ LCMDATA ] 45.037 45.037 45.037 45.037 45.037 45.037 45.037
[ LCMDATA ] 44.4753 44.4753 44.4753 44.4753 44.4753 44.4753 44.4753
[ LCMDATA ] 43.9026 43.9026 43.9026 43.9026 43.9026 43.9026 43.9026
[ LCMDATA ] 43.319 43.319 43.319 43.319 43.319 43.319 43.319
[ LCMDATA ] 42.7248 42.7248 42.7248 42.7248 42.7248 42.7248 42.7248
[ LCMDATA ] 42.1154 42.1154 42.1154 42.1154 42.1154 42.1154 42.1154
[ LCMDATA ] 41.5002 41.5002 41.5002 41.5002 41.5002 41.5002 41.5002
[ LCMDATA ] 40.8747 40.8747 40.8747 40.8747 40.8747 40.8747 40.8747
[ LCMDATA ] 40.2391 40.2391 40.2391 40.2391 40.2391 40.2391 40.2391
[ LCMDATA ] 39.5936 39.5936 39.5936 39.5936 39.5936 39.5936 39.5936
[ LCMDATA ] 38.9383 38.9383 38.9383 38.9383 38.9383 38.9383 38.9383
[ LCMDATA ] 38.2734 38.2734 38.2734 38.2734 38.2734 38.2734 38.2734
[ LCMDATA ] 37.5991 37.5991 37.5991 37.5991 37.5991 37.5991 37.5991
[ LCMDATA ] 36.9155 36.9155 36.9155 36.9155 36.9155 36.9155 36.9155
[ LCMDATA ] 36.2228 36.2228 36.2228 36.2228 36.2228 36.2228 36.2228
[ LCMDATA ] 35.5211 35.5211 35.5211 35.5211 35.5211 35.5211 35.5211
[ LCMDATA ] 34.8107 34.8107 34.8107 34.8107 34.8107 34.8107 34.8107
[ LCMDATA ] 34.0917 34.0917 34.0917 34.0917 34.0917 34.0917 34.0917
[ LCMDATA ] 33.3643 33.3643 33.3643 33.3643 33.3643 33.3643 33.3643
[ LCMDATA ] 32.6287 32.6287 32.6287 32.6287 32.6287 32.6287 32.6287
[ LCMDATA ] 31.8849 31.8849 31.8849 31.8849 31.8849 31.8849 31.8849
[ LCMDATA ] 31.1334 31.1334 31.1334 31.1334 31.1334 31.1334 31.1334
[ LCMDATA ] 30.3741 30.3741 30.3741 30.3741 30.3741 30.3741 30.3741
[ LCMDATA ] 29.6074 29.6074 29.6074 29.6074 29.6074 29.6074 29.6074
[ LCMDATA ] 28.8333 28.8333 28.8333 28.8333 28.8333 28.8333 28.8333
[ LCMDATA ] 28.0522 28.0522 28.0522 28.0522 28.0522 28.0522 28.0522
[ LCMDATA ] 27.2641 27.2641 27.2641 27.2641 27.2641 27.2641 27.2641
[ LCMDATA ] 26.4693 26.4693 26.4693 26.4693 26.4693 26.4693 26.4693
[ LCMDATA ] 25.668 25.668 25.668 25.668 25.668 25.668 25.668
[ LCMDATA ] 24.8603 24.8603 24.8603 24.8603 24.8603 24.8603 24.8603
[ LCMDATA ] 24.0465 24.0465 24.0465 24.0465 24.0465 24.0465 24.0465
[ LCMDATA ] 23.1486 23.1486 23.1486 23.1486 23.1486 23.1486 23.1486
[ LCMDATA ] 22.3183 22.3183 22.3183 22.3183 22.3183 22.3183 22.3183
[ LCMDATA ] 21.4867 21.4867 21.4867 21.4867 21.4867 21.4867 21.4867
[ LCMDATA ] 20.5867 20.5867 20.5867 20.5867 20.5867 20.5867 20.5867
[ LCMDATA ] 19.7443 19.7443 19.7443 19.7443 19.7443 19.7443 19.7443
[ LCMDATA ] 18.8972 18.8972 18.8972 18.8972 18.8972 18.8972 18.8972
[ LCMDATA ] 18.0453 18.0453 18.0453 18.0453 18.0453 18.0453 18.0453
[ LCMDATA ] 17.189 17.189 17.189 17.189 17.189 17.189 17.189
[ LCMDATA ] 16.3285 16.3285 16.3285 16.3285 16.3285 16.3285 16.3285
[ LCMDATA ] 15.4639 15.4639 15.4639 15.4639 15.4639 15.4639 15.4639
[ LCMDATA ] 14.5955 14.5955 14.5955 14.5955 14.5955 14.5955 14.5955
[ LCMDATA ] 13.7235 13.7235 13.7235 13.7235 13.7235 13.7235 13.7235
[ LCMDATA ] 12.8481 12.8481 12.8481 12.8481 12.8481 12.8481 12.8481
[ LCMDATA ] 11.9696 11.9696 11.9696 11.9696 11.9696 11.9696 11.9696
[ LCMDATA ] 11.0881 11.0881 11.0881 11.0881 11.0881 11.0881 11.0881
[ LCMDATA ] 10.2039 10.2039 10.2039 10.2039 10.2039 10.2039 10.2039
[ LCMDATA ] 9.31712 9.31712 9.31712 9.31712 9.31712 9.31712 9.31712
[ LCMDATA ] 8.42057 8.42057 8.42057 8.42057 8.42057 8.42057 8.42057
[ LCMDATA ] 7.52942 7.52942 7.52942 7.52942 7.52942 7.52942 7.52942
[ LCMDATA ] 6.63641 6.63641 6.63641 6.63641 6.63641 6.63641 6.63641
[ LCMDATA ] 5.74018 5.74018 5.74018 5.74018 5.74018 5.74018 5.74018
[ LCMDATA ] 4.84412 4.84412 4.84412 4.84412 4.84412 4.84412 4.84412
[ LCMDATA ] 3.89192 3.89192 3.89192 3.89192 3.89192 3.89192 3.89192
[ LCMDATA ] 2.92284 2.92284 2.92284 2.92284 2.92284 2.92284 2.92284
[ LCMDATA ] 2.02377 2.02377 2.02377 2.02377 2.02377 2.02377 2.02377
[ LCMDATA ] 1.1242 1.1242 1.1242 1.1242 1.1242 1.1242 1.1242
[ LCMDATA ] 0.20241 0.20241 0.20241 0.20241 0.20241 0.20241 0.20241
[ DELAY ] 14596[ LCMDATA ] -0.909964 -0.909964 -0.909964 -0.909964 -0.909964 -0.909964 -0.909964
[ LCMDATA ] -1.81372 -1.81372 -1.81372 -1.81372 -1.81372 -1.81372 -1.81372
[ LCMDATA ] -2.71292 -2.71292 -2.71292 -2.71292 -2.71292 -2.71292 -2.71292
[ LCMDATA ] -3.96893 -3.96893 -3.96893 -3.96893 -3.96893 -3.96893 -3.96893
[ LCMDATA ] -4.86615 -4.86615 -4.86615 -4.86615 -4.86615 -4.86615 -4.86615
[ LCMDATA ] -5.76218 -5.76218 -5.76218 -5.76218 -5.76218 -5.76218 -5.76218
[ LCMDATA ] -7.01554 -7.01554 -7.01554 -7.01554 -7.01554 -7.01554 -7.01554
[ LCMDATA ] -7.90779 -7.90779 -7.90779 -7.90779 -7.90779 -7.90779 -7.90779
[ LCMDATA ] -8.79809 -8.79809 -8.79809 -8.79809 -8.79809 -8.79809 -8.79809
[ LCMDATA ] -9.68621 -9.68621 -9.68621 -9.68621 -9.68621 -9.68621 -9.68621
[ LCMDATA ] -10.9239 -10.9239 -10.9239 -10.9239 -10.9239 -10.9239 -10.9239
[ LCMDATA ] -11.8059 -11.8059 -11.8059 -11.8059 -11.8059 -11.8059 -11.8059
[ LCMDATA ] -12.9332 -12.9332 -12.9332 -12.9332 -12.9332 -12.9332 -12.9332
[ LCMDATA ] -13.8083 -13.8083 -13.8083 -13.8083 -13.8083 -13.8083 -13.8083
[ LCMDATA ] -14.6799 -14.6799 -14.6799 -14.6799 -14.6799 -14.6799 -14.6799
[ LCMDATA ] -15.6106 -15.6106 -15.6106 -15.6106 -15.6106 -15.6106 -15.6106
[ LCMDATA ] -16.4745 -16.4745 -16.4745 -16.4745 -16.4745 -16.4745 -16.4745
[ LCMDATA ] -17.3343 -17.3343 -17.3343 -17.3343 -17.3343 -17.3343 -17.3343
[ LCMDATA ] -18.1899 -18.1899 -18.1899 -18.1899 -18.1899 -18.1899 -18.1899
[ LCMDATA ] -19.0409 -19.0409 -19.0409 -19.0409 -19.0409 -19.0409 -19.0409
[ LCMDATA ] -19.8873 -19.8873 -19.8873 -19.8873 -19.8873 -19.8873 -19.8873
[ LCMDATA ] -20.9393 -20.9393 -20.9393 -20.9393 -20.9393 -20.9393 -20.9393
[ LCMDATA ] -21.9699 -21.9699 -21.9699 -21.9699 -21.9699 -21.9699 -21.9699
[ LCMDATA ] -23.0828 -23.0828 -23.0828 -23.0828 -23.0828 -23.0828 -23.0828
[ LCMDATA ] -23.9209 -23.9209 -23.9209 -23.9209 -23.9209 -23.9209 -23.9209
[ LCMDATA ] -24.7356 -24.7356 -24.7356 -24.7356 -24.7356 -24.7356 -24.7356
[ LCMDATA ] -25.5442 -25.5442 -25.5442 -25.5442 -25.5442 -25.5442 -25.5442
[ LCMDATA ] -26.4068 -26.4068 -26.4068 -26.4068 -26.4068 -26.4068 -26.4068
[ LCMDATA ] -27.2418 -27.2418 -27.2418 -27.2418 -27.2418 -27.2418 -27.2418
[ LCMDATA ] -28.0521 -28.0521 -28.0521 -28.0521 -28.0521 -28.0521 -28.0521
[ LCMDATA ] -28.8333 -28.8333 -28.8333 -28.8333 -28.8333 -28.8333 -28.8333
[ LCMDATA ] -29.7241 -29.7241 -29.7241 -29.7241 -29.7241 -29.7241 -29.7241
[ LCMDATA ] -30.6595 -30.6595 -30.6595 -30.6595 -30.6595 -30.6595 -30.6595
[ LCMDATA ] -31.4159 -31.4159 -31.4159 -31.4159 -31.4159 -31.4159 -31.4159
[ LCMDATA ] -32.2358 -32.2358 -32.2358 -32.2358 -32.2358 -32.2358 -32.2358
[ LCMDATA ] -33.1385 -33.1385 -33.1385 -33.1385 -33.1385 -33.1385 -33.1385
[ LCMDATA ] -33.8685 -33.8685 -33.8685 -33.8685 -33.8685 -33.8685 -33.8685
[ LCMDATA ] -34.8266 -34.8266 -34.8266 -34.8266 -34.8266 -34.8266 -34.8266
[ LCMDATA ] -35.7634 -35.7634 -35.7634 -35.7634 -35.7634 -35.7634 -35.7634
[ LCMDATA ] -36.462 -36.462 -36.462 -36.462 -36.462 -36.462 -36.462
[ LCMDATA ] -37.1516 -37.1516 -37.1516 -37.1516 -37.1516 -37.1516 -37.1516
[ LCMDATA ] -37.8863 -37.8863 -37.8863 -37.8863 -37.8863 -37.8863 -37.8863
[ LCMDATA ] -38.5567 -38.5567 -38.5567 -38.5567 -38.5567 -38.5567 -38.5567
[ LCMDATA ] -39.2175 -39.2175 -39.2175 -39.2175 -39.2175 -39.2175 -39.2175
[ LCMDATA ] -39.8686 -39.8686 -39.8686 -39.8686 -39.8686 -39.8686 -39.8686
[ LCMDATA ] -40.5099 -40.5099 -40.5099 -40.5099 -40.5099 -40.5099 -40.5099
[ LCMDATA ] -41.1655 -41.1655 -41.1655 -41.1655 -41.1655 -41.1655 -41.1655
[ LCMDATA ] -41.913 -41.913 -41.913 -41.913 -41.913 -41.913 -41.913
[ LCMDATA ] -42.5213 -42.5213 -42.5213 -42.5213 -42.5213 -42.5213 -42.5213
[ LCMDATA ] -43.1191 -43.1191 -43.1191 -43.1191 -43.1191 -43.1191 -43.1191
[ LCMDATA ] -43.7063 -43.7063 -43.7063 -43.7063 -43.7063 -43.7063 -43.7063
[ LCMDATA ] -44.2827 -44.2827 -44.2827 -44.2827 -44.2827 -44.2827 -44.2827
[ LCMDATA ] -44.8886 -44.8886 -44.8886 -44.8886 -44.8886 -44.8886 -44.8886
[ LCMDATA ] -45.4918 -45.4918 -45.4918 -45.4918 -45.4918 -45.4918 -45.4918
[ LCMDATA ] -46.0751 -46.0751 -46.0751 -46.0751 -46.0751 -46.0751 -46.0751
[ LCMDATA ] -46.6702 -46.6702 -46.6702 -46.6702 -46.6702 -46.6702 -46.6702
[ LCMDATA ] -47.1864 -47.1864 -47.1864 -47.1864 -47.1864 -47.1864 -47.1864
[ LCMDATA ] -47.7844 -47.7844 -47.7844 -47.7844 -47.7844 -47.7844 -47.7844
[ LCMDATA ] -48.2749 -48.2749 -48.2749 -48.2749 -48.2749 -48.2749 -48.2749
[ LCMDATA ] -48.8094 -48.8094 -48.8094 -48.8094 -48.8094 -48.8094 -48.8094
[ LCMDATA ] -49.3154 -49.3154 -49.3154 -49.3154 -49.3154 -49.3154 -49.3154
[ LCMDATA ] -49.7673 -49.7673 -49.7673 -49.7673 -49.7673 -49.7673 -49.7673
[ LCMDATA ] -50.2069 -50.2069 -50.2069 -50.2069 -50.2069 -50.2069 -50.2069
[ LCMDATA ] -50.6652 -50.6652 -50.6652 -50.6652 -50.6652 -50.6652 -50.6652
[ LCMDATA ] -51.1108 -51.1108 -51.1108 -51.1108 -51.1108 -51.1108 -51.1108
[ LCMDATA ] -51.511 -51.511 -51.511 -51.511 -51.511 -51.511 -51.511
[ LCMDATA ] -51.9264 -51.9264 -51.9264 -51.9264 -51.9264 -51.9264 -51.9264
[ LCMDATA ] -52.3002 -52.3002 -52.3002 -52.3002 -52.3002 -52.3002 -52.3002
[ LCMDATA ] -52.661 -52.661 -52.661 -52.661 -52.661 -52.661 -52.661
[ LCMDATA ] -53.0089 -53.0089 -53.0089 -53.0089 -53.0089 -53.0089 -53.0089
[ LCMDATA ] -53.3854 -53.3854 -53.3854 -53.3854 -53.3854 -53.3854 -53.3854
[ LCMDATA ] -53.7249 -53.7249 -53.7249 -53.7249 -53.7249 -53.7249 -53.7249
[ LCMDATA ] -54.0308 -54.0308 -54.0308 -54.0308 -54.0308 -54.0308 -54.0308
[ LCMDATA ] -54.3233 -54.3233 -54.3233 -54.3233 -54.3233 -54.3233 -54.3233
[ LCMDATA ] -54.6034 -54.6034 -54.6034 -54.6034 -54.6034 -54.6034 -54.6034
[ LCMDATA ] -54.8832 -54.8832 -54.8832 -54.8832 -54.8832 -54.8832 -54.8832
[ LCMDATA ] -55.1345 -55.1345 -55.1345 -55.1345 -55.1345 -55.1345 -55.1345
[ LCMDATA ] -55.4036 -55.4036 -55.4036 -55.4036 -55.4036 -55.4036 -55.4036
[ LCMDATA ] -55.6258 -55.6258 -55.6258 -55.6258 -55.6258 -55.6258 -55.6258
[ LCMDATA ] -55.8343 -55.8343 -55.8343 -55.8343 -55.8343 -55.8343 -55.8343
[ LCMDATA ] -56.029 -56.029 -56.029 -56.029 -56.029 -56.029 -56.029
[ LCMDATA ] -56.2098 -56.2098 -56.2098 -56.2098 -56.2098 -56.2098 -56.2098
[ LCMDATA ] -56.3768 -56.3768 -56.3768 -56.3768 -56.3768 -56.3768 -56.3768
[ LCMDATA ] -56.5432 -56.5432 -56.5432 -56.5432 -56.5432 -56.5432 -56.5432
[ LCMDATA ] -56.6873 -56.6873 -56.6873 -56.6873 -56.6873 -56.6873 -56.6873
[ LCMDATA ] -56.816 -56.816 -56.816 -56.816 -56.816 -56.816 -56.816
[ LCMDATA ] -56.9289 -56.9289 -56.9289 -56.9289 -56.9289 -56.9289 -56.9289
[ LCMDATA ] -57.0227 -57.0227 -57.0227 -57.0227 -57.0227 -57.0227 -57.0227
[ LCMDATA ] -57.1025 -57.1025 -57.1025 -57.1025 -57.1025 -57.1025 -57.1025
[ LCMDATA ] -57.1691 -57.1691 -57.1691 -57.1691 -57.1691 -57.1691 -57.1691
[ LCMDATA ] -57.2209 -57.2209 -57.2209 -57.2209 -57.2209 -57.2209 -57.2209
[ LCMDATA ] -57.2581 -57.2581 -57.2581 -57.2581 -57.2581 -57.2581 -57.2581
[ LCMDATA ] -57.283 -57.283 -57.283 -57.283 -57.283 -57.283 -57.283
[ LCMDATA ] -57.29 -57.29 -57.29 -57.29 -57.29 -57.29 -57.29
[ LCMDATA ] -57.2825 -57.2825 -57.2825 -57.2825 -57.2825 -57.2825 -57.2825
[ LCMDATA ] -57.2609 -57.2609 -57.2609 -57.2609 -57.2609 -57.2609 -57.2609
[ LCMDATA ] -57.2241 -57.2241 -57.2241 -57.2241 -57.2241 -57.2241 -57.2241
[ LCMDATA ] -57.1739 -57.1739 -57.1739 -57.1739 -57.1739 -57.1739 -57.1739
[ LCMDATA ] -57.1096 -57.1096 -57.1096 -57.1096 -57.1096 -57.1096 -57.1096
[ LCMDATA ] -57.0312 -57.0312 -57.0312 -57.0312 -57.0312 -57.0312 -57.0312
[ LCMDATA ] -56.9386 -56.9386 -56.9386 -56.9386 -56.9386 -56.9386 -56.9386
[ LCMDATA ] -56.832 -56.832 -56.832 -56.832 -56.832 -56.832 -56.832
[ LCMDATA ] -56.7115 -56.7115 -56.7115 -56.7115 -56.7115 -56.7115 -56.7115
[ LCMDATA ] -56.5769 -56.5769 -56.5769 -56.5769 -56.5769 -56.5769 -56.5769
[ LCMDATA ] -56.4284 -56.4284 -56.4284 -56.4284 -56.4284 -56.4284 -56.4284
[ LCMDATA ] -56.2659 -56.2659 -56.2659 -56.2659 -56.2659 -56.2659 -56.2659
[ LCMDATA ] -56.0896 -56.0896 -56.0896 -56.0896 -56.0896 -56.0896 -56.0896
[ LCMDATA ] -55.8995 -55.8995 -55.8995 -55.8995 -55.8995 -55.8995 -55.8995
[ LCMDATA ] -55.6955 -55.6955 -55.6955 -55.6955 -55.6955 -55.6955 -55.6955
[ LCMDATA ] -55.4778 -55.4778 -55.4778 -55.4778 -55.4778 -55.4778 -55.4778
[ LCMDATA ] -55.2464 -55.2464 -55.2464 -55.2464 -55.2464 -55.2464 -55.2464
[ LCMDATA ] -55.0014 -55.0014 -55.0014 -55.0014 -55.0014 -55.0014 -55.0014
[ LCMDATA ] -54.7428 -54.7428 -54.7428 -54.7428 -54.7428 -54.7428 -54.7428
[ LCMDATA ] -54.4707 -54.4707 -54.4707 -54.4707 -54.4707 -54.4707 -54.4707
[ LCMDATA ] -54.1852 -54.1852 -54.1852 -54.1852 -54.1852 -54.1852 -54.1852
[ LCMDATA ] -53.8863 -53.8863 -53.8863 -53.8863 -53.8863 -53.8863 -53.8863
[ LCMDATA ] -53.574 -53.574 -53.574 -53.574 -53.574 -53.574 -53.574
[ LCMDATA ] -53.145 -53.145 -53.145 -53.145 -53.145 -53.145 -53.145
[ LCMDATA ] -52.7153 -52.7153 -52.7153 -52.7153 -52.7153 -52.7153 -52.7153
[ LCMDATA ] -52.3564 -52.3564 -52.3564 -52.3564 -52.3564 -52.3564 -52.3564
[ LCMDATA ] -51.9846 -51.9846 -51.9846 -51.9846 -51.9846 -51.9846 -51.9846
[ LCMDATA ] -51.5009 -51.5009 -51.5009 -51.5009 -51.5009 -51.5009 -51.5009
[ LCMDATA ] -50.9641 -50.9641 -50.9641 -50.9641 -50.9641 -50.9641 -50.9641
[ LCMDATA ] -50.5467 -50.5467 -50.5467 -50.5467 -50.5467 -50.5467 -50.5467
[ LCMDATA ] -50.0585 -50.0585 -50.0585 -50.0585 -50.0585 -50.0585 -50.0585
[ LCMDATA ] -49.614 -49.614 -49.614 -49.614 -49.614 -49.614 -49.614
[ LCMDATA ] -49.1579 -49.1579 -49.1579 -49.1579 -49.1579 -49.1579 -49.1579
[ LCMDATA ] -48.6897 -48.6897 -48.6897 -48.6897 -48.6897 -48.6897 -48.6897
[ LCMDATA ] -48.2095 -48.2095 -48.2095 -48.2095 -48.2095 -48.2095 -48.2095
[ LCMDATA ] -47.7174 -47.7174 -47.7174 -47.7174 -47.7174 -47.7174 -47.7174
[ LCMDATA ] -47.2135 -47.2135 -47.2135 -47.2135 -47.2135 -47.2135 -47.2135
[ LCMDATA ] -46.698 -46.698 -46.698 -46.698 -46.698 -46.698 -46.698
[ LCMDATA ] -46.1709 -46.1709 -46.1709 -46.1709 -46.1709 -46.1709 -46.1709
[ LCMDATA ] -45.6325 -45.6325 -45.6325 -45.6325 -45.6325 -45.6325 -45.6325
[ LCMDATA ] -45.0828 -45.0828 -45.0828 -45.0828 -45.0828 -45.0828 -45.0828
[ LCMDATA ] -44.5219 -44.5219 -44.5219 -44.5219 -44.5219 -44.5219 -44.5219
[ LCMDATA ] -43.9501 -43.9501 -43.9501 -43.9501 -43.9501 -43.9501 -43.9501
[ LCMDATA ] -43.3674 -43.3674 -43.3674 -43.3674 -43.3674 -43.3674 -43.3674
[ LCMDATA ] -42.7741 -42.7741 -42.7741 -42.7741 -42.7741 -42.7741 -42.7741
[ LCMDATA ] -42.1701 -42.1701 -42.1701 -42.1701 -42.1701 -42.1701 -42.1701
[ LCMDATA ] -41.5558 -41.5558 -41.5558 -41.5558 -41.5558 -41.5558 -41.5558
[ LCMDATA ] -40.6248 -40.6248 -40.6248 -40.6248 -40.6248 -40.6248 -40.6248
[ LCMDATA ] -39.8402 -39.8402 -39.8402 -39.8402 -39.8402 -39.8402 -39.8402
[ LCMDATA ] -39.1886 -39.1886 -39.1886 -39.1886 -39.1886 -39.1886 -39.1886
[ LCMDATA ] -38.317 -38.317 -38.317 -38.317 -38.317 -38.317 -38.317
[ LCMDATA ] -37.4057 -37.4057 -37.4057 -37.4057 -37.4057 -37.4057 -37.4057
[ LCMDATA ] -36.7195 -36.7195 -36.7195 -36.7195 -36.7195 -36.7195 -36.7195
[ LCMDATA ] -36.0242 -36.0242 -36.0242 -36.0242 -36.0242 -36.0242 -36.0242
[ LCMDATA ] -35.32 -35.32 -35.32 -35.32 -35.32 -35.32 -35.32
[ LCMDATA ] -34.6072 -34.6072 -34.6072 -34.6072 -34.6072 -34.6072 -34.6072
[ LCMDATA ] -33.6886 -33.6886 -33.6886 -33.6886 -33.6886 -33.6886 -33.6886
[ LCMDATA ] -32.9565 -32.9565 -32.9565 -32.9565 -32.9565 -32.9565 -32.9565
[ LCMDATA ] -32.2164 -32.2164 -32.2164 -32.2164 -32.2164 -32.2164 -32.2164
[ LCMDATA ] -31.4512 -31.4512 -31.4512 -31.4512 -31.4512 -31.4512 -31.4512
[ LCMDATA ] -30.6287 -30.6287 -30.6287 -30.6287 -30.6287 -30.6287 -30.6287
[ LCMDATA ] -29.8221 -29.8221 -29.8221 -29.8221 -29.8221 -29.8221 -29.8221
[ LCMDATA ] -29.0501 -29.0501 -29.0501 -29.0501 -29.0501 -29.0501 -29.0501
[ LCMDATA ] -28.0796 -28.0796 -28.0796 -28.0796 -28.0796 -28.0796 -28.0796
[ LCMDATA ] -27.2918 -27.2918 -27.2918 -27.2918 -27.2918 -27.2918 -27.2918
[ LCMDATA ] -26.4972 -26.4972 -26.4972 -26.4972 -26.4972 -26.4972 -26.4972
[ LCMDATA ] -25.6504 -25.6504 -25.6504 -25.6504 -25.6504 -25.6504 -25.6504
[ LCMDATA ] -24.7838 -24.7838 -24.7838 -24.7838 -24.7838 -24.7838 -24.7838
[ LCMDATA ] -23.9694 -23.9694 -23.9694 -23.9694 -23.9694 -23.9694 -23.9694
[ LCMDATA ] -23.1491 -23.1491 -23.1491 -23.1491 -23.1491 -23.1491 -23.1491
[ LCMDATA ] -22.075 -22.075 -22.075 -22.075 -22.075 -22.075 -22.075
[ LCMDATA ] -21.2098 -21.2098 -21.2098 -21.2098 -21.2098 -21.2098 -21.2098
[ LCMDATA ] -20.3713 -20.3713 -20.3713 -20.3713 -20.3713 -20.3713 -20.3713
[ LCMDATA ] -19.4964 -19.4964 -19.4964 -19.4964 -19.4964 -19.4964 -19.4964
[ LCMDATA ] -18.4596 -18.4596 -18.4596 -18.4596 -18.4596 -18.4596 -18.4596
[ LCMDATA ] -17.6055 -17.6055 -17.6055 -17.6055 -17.6055 -17.6055 -17.6055
[ LCMDATA ] -16.7469 -16.7469 -16.7469 -16.7469 -16.7469 -16.7469 -16.7469
[ LCMDATA ] -15.8314 -15.8314 -15.8314 -15.8314 -15.8314 -15.8314 -15.8314
[ LCMDATA ] -14.6275 -14.6275 -14.6275 -14.6275 -14.6275 -14.6275 -14.6275
[ LCMDATA ] -13.7557 -13.7557 -13.7557 -13.7557 -13.7557 -13.7557 -13.7557
[ LCMDATA ] -12.7719 -12.7719 -12.7719 -12.7719 -12.7719 -12.7719 -12.7719
[ LCMDATA ] -11.8931 -11.8931 -11.8931 -11.8931 -11.8931 -11.8931 -11.8931
[ LCMDATA ] -10.9181 -10.9181 -10.9181 -10.9181 -10.9181 -10.9181 -10.9181
[ LCMDATA ] -9.83936 -9.83936 -9.83936 -9.83936 -9.83936 -9.83936 -9.83936
[ LCMDATA ] -8.95163 -8.95163 -8.95163 -8.95163 -8.95163 -8.95163 -8.95163
[ LCMDATA ] -7.70333 -7.70333 -7.70333 -7.70333 -7.70333 -7.70333 -7.70333
[ LCMDATA ] -6.81067 -6.81067 -6.81067 -6.81067 -6.81067 -6.81067 -6.81067
[ LCMDATA ] -5.91633 -5.91633 -5.91633 -5.91633 -5.91633 -5.91633 -5.91633
[ LCMDATA ] -4.66046 -4.66046 -4.66046 -4.66046 -4.66046 -4.66046 -4.66046
[ LCMDATA ] -3.56408 -3.56408 -3.56408 -3.56408 -3.56408 -3.56408 -3.56408
[ LCMDATA ] -2.6655 -2.6655 -2.6655 -2.6655 -2.6655 -2.6655 -2.6655
[ LCMDATA ] -1.49028 -1.49028 -1.49028 -1.49028 -1.49028 -1.49028 -1.49028
[ LCMDATA ] -0.590517 -0.590517 -0.590517 -0.590517 -0.590517 -0.590517 -0.590517
[ LCMDATA ] 0.309388 0.309388 0.309388 0.309388 0.309388 0.309388 0.309388
[ LCMDATA ] 1.21178 1.21178 1.21178 1.21178 1.21178 1.21178 1.21178
[ LCMDATA ] 2.12256 2.12256 2.12256 2.12256 2.12256 2.12256 2.12256
[ LCMDATA ] 3.02156 3.02156 3.02156 3.02156 3.02156 3.02156 3.02156
[ LCMDATA ] 3.91982 3.91982 3.91982 3.91982 3.91982 3.91982 3.91982
[ LCMDATA ] 4.84519 4.84519 4.84519 4.84519 4.84519 4.84519 4.84519
[ LCMDATA ] 5.93926 5.93926 5.93926 5.93926 5.93926 5.93926 5.93926
[ LCMDATA ] 7.03255 7.03255 7.03255 7.03255 7.03255 7.03255 7.03255
[ LCMDATA ] 8.08987 8.08987 8.08987 8.08987 8.08987 8.08987 8.08987
[ LCMDATA ] 8.99535 8.99535 8.99535 8.99535 8.99535 8.99535 8.99535
[ LCMDATA ] 9.88297 9.88297 9.88297 9.88297 9.88297 9.88297 9.88297
[ LCMDATA ] 10.7681 10.7681 10.7681 10.7681 10.7681 10.7681 10.7681
[ LCMDATA ] 11.8448 11.8448 11.8448 11.8448 11.8448 11.8448 11.8448
[ LCMDATA ] 12.7238 12.7238 12.7238 12.7238 12.7238 12.7238 12.7238
[ LCMDATA ] 13.5996 13.5996 13.5996 13.5996 13.5996 13.5996 13.5996
[ LCMDATA ] 14.4721 14.4721 14.4721 14.4721 14.4721 14.4721 14.4721
[ LCMDATA ] 15.341 15.341 15.341 15.341 15.341 15.341 15.341
[ LCMDATA ] 16.2551 16.2551 16.2551 16.2551 16.2551 16.2551 16.2551
[ LCMDATA ] 17.2851 17.2851 17.2851 17.2851 17.2851 17.2851 17.2851
[ LCMDATA ] 18.1409 18.1409 18.1409 18.1409 18.1409 18.1409 18.1409
[ LCMDATA ] 18.9955 18.9955 18.9955 18.9955 18.9955 18.9955 18.9955
[ LCMDATA ] 19.8421 19.8421 19.8421 19.8421 19.8421 19.8421 19.8421
[ LCMDATA ] 20.6838 20.6838 20.6838 20.6838 20.6838 20.6838 20.6838
[ LCMDATA ] 21.6784 21.6784 21.6784 21.6784 21.6784 21.6784 21.6784
[ LCMDATA ] 22.5087 22.5087 22.5087 22.5087 22.5087 22.5087 22.5087
[ LCMDATA ] 23.3577 23.3577 23.3577 23.3577 23.3577 23.3577 23.3577
[ LCMDATA ] 24.1765 24.1765 24.1765 24.1765 24.1765 24.1765 24.1765
[ LCMDATA ] 24.9893 24.9893 24.9893 24.9893 24.9893 24.9893 24.9893
[ LCMDATA ] 25.9907 25.9907 25.9907 25.9907 25.9907 25.9907 25.9907
[ LCMDATA ] 26.7895 26.7895 26.7895 26.7895 26.7895 26.7895 26.7895
[ LCMDATA ] 27.5816 27.5816 27.5816 27.5816 27.5816 27.5816 27.5816
[ LCMDATA ] 28.3669 28.3669 28.3669 28.3669 28.3669 28.3669 28.3669
[ LCMDATA ] 29.1453 29.1453 29.1453 29.1453 29.1453 29.1453 29.1453
[ LCMDATA ] 30.1878 30.1878 30.1878 30.1878 30.1878 30.1878 30.1878
[ LCMDATA ] 30.9489 30.9489 30.9489 30.9489 30.9489 30.9489 30.9489
[ LCMDATA ] 31.7024 31.7024 31.7024 31.7024 31.7024 31.7024 31.7024
[ LCMDATA ] 32.8116 32.8116 32.8116 32.8116 32.8116 32.8116 32.8116
[ LCMDATA ] 33.5489 33.5489 33.5489 33.5489 33.5489 33.5489 33.5489
[ LCMDATA ] 34.2749 34.2749 34.2749 34.2749 34.2749 34.2749 34.2749
[ LCMDATA ] 34.996 34.996 34.996 34.996 34.996 34.996 34.996
[ LCMDATA ] 35.7042 35.7042 35.7042 35.7042 35.7042 35.7042 35.7042
[ LCMDATA ] 36.4065 36.4065 36.4065 36.4065 36.4065 36.4065 36.4065
[ LCMDATA ] 37.102 37.102 37.102 37.102 37.102 37.102 37.102
[ LCMDATA ] 37.7836 37.7836 37.7836 37.7836 37.7836 37.7836 37.7836
[ LCMDATA ] 38.4637 38.4637 38.4637 38.4637 38.4637 38.4637 38.4637
[ LCMDATA ] 39.1259 39.1259 39.1259 39.1259 39.1259 39.1259 39.1259
[ LCMDATA ] 39.7784 39.7784 39.7784 39.7784 39.7784 39.7784 39.7784
[ LCMDATA ] 40.4211 40.4211 40.4211 40.4211 40.4211 40.4211 40.4211
[ LCMDATA ] 41.0538 41.0538 41.0538 41.0538 41.0538 41.0538 41.0538
[ LCMDATA ] 41.6764 41.6764 41.6764 41.6764 41.6764 41.6764 41.6764
[ LCMDATA ] 42.2887 42.2887 42.2887 42.2887 42.2887 42.2887 42.2887
[ LCMDATA ] 43.0299 43.0299 43.0299 43.0299 43.0299 43.0299 43.0299
[ LCMDATA ] 43.6187 43.6187 43.6187 43.6187 43.6187 43.6187 43.6187
[ LCMDATA ] 44.2394 44.2394 44.2394 44.2394 44.2394 44.2394 44.2394
[ LCMDATA ] 44.9276 44.9276 44.9276 44.9276 44.9276 44.9276 44.9276
[ LCMDATA ] 45.4804 45.4804 45.4804 45.4804 45.4804 45.4804 45.4804
[ LCMDATA ] 46.0778 46.0778 46.0778 46.0778 46.0778 46.0778 46.0778
[ LCMDATA ] 46.6069 46.6069 46.6069 46.6069 46.6069 46.6069 46.6069
[ LCMDATA ] 47.1718 47.1718 47.1718 47.1718 47.1718 47.1718 47.1718
[ LCMDATA ] 47.7862 47.7862 47.7862 47.7862 47.7862 47.7862 47.7862
[ LCMDATA ] 48.2864 48.2864 48.2864 48.2864 48.2864 48.2864 48.2864
[ LCMDATA ] 48.9341 48.9341 48.9341 48.9341 48.9341 48.9341 48.9341
[ LCMDATA ] 49.4986 49.4986 49.4986 49.4986 49.4986 49.4986 49.4986
[ LCMDATA ] 49.9456 49.9456 49.9456 49.9456 49.9456 49.9456 49.9456
[ LCMDATA ] 50.3802 50.3802 50.3802 50.3802 50.3802 50.3802 50.3802
[ LCMDATA ] 50.8691 50.8691 50.8691 50.8691 50.8691 50.8691 50.8691
[ LCMDATA ] 51.294 51.294 51.294 51.294 51.294 51.294 51.294
[ LCMDATA ] 51.6885 51.6885 51.6885 51.6885 51.6885 51.6885 51.6885
[ LCMDATA ] 52.0702 52.0702 52.0702 52.0702 52.0702 52.0702 52.0702
[ LCMDATA ] 52.4391 52.4391 52.4391 52.4391 52.4391 52.4391 52.4391
[ LCMDATA ] 52.795 52.795 52.795 52.795 52.795 52.795 52.795
[ LCMDATA ] 53.1379 53.1379 53.1379 53.1379 53.1379 53.1379 53.1379
[ LCMDATA ] 53.4698 53.4698 53.4698 53.4698 53.4698 53.4698 53.4698
[ LCMDATA ] 53.7897 53.7897 53.7897 53.7897 53.7897 53.7897 53.7897
[ LCMDATA ] 54.0936 54.0936 54.0936 54.0936 54.0936 54.0936 54.0936
[ LCMDATA ] 54.3833 54.3833 54.3833 54.3833 54.3833 54.3833 54.3833
[ LCMDATA ] 54.6596 54.6596 54.6596 54.6596 54.6596 54.6596 54.6596
[ LCMDATA ] 54.9224 54.9224 54.9224 54.9224 54.9224 54.9224 54.9224
[ LCMDATA ] 55.1716 55.1716 55.1716 55.1716 55.1716 55.1716 55.1716
[ LCMDATA ] 55.4493 55.4493 55.4493 55.4493 55.4493 55.4493 55.4493
[ LCMDATA ] 55.7531 55.7531 55.7531 55.7531 55.7531 55.7531 55.7531
[ LCMDATA ] 55.965 55.965 55.965 55.965 55.965 55.965 55.965
[ LCMDATA ] 56.1557 56.1557 56.1557 56.1557 56.1557 56.1557 56.1557
[ LCMDATA ] 56.327 56.327 56.327 56.327 56.327 56.327 56.327
[ LCMDATA ] 56.5023 56.5023 56.5023 56.5023 56.5023 56.5023 56.5023
[ LCMDATA ] 56.6441 56.6441 56.6441 56.6441 56.6441 56.6441 56.6441
[ LCMDATA ] 56.7778 56.7778 56.7778 56.7778 56.7778 56.7778 56.7778
[ LCMDATA ] 56.8935 56.8935 56.8935 56.8935 56.8935 56.8935 56.8935
[ LCMDATA ] 56.9921 56.9921 56.9921 56.9921 56.9921 56.9921 56.9921
[ LCMDATA ] 57.0918 57.0918 57.0918 57.0918 57.0918 57.0918 57.0918
[ LCMDATA ] 57.1596 57.1596 57.1596 57.1596 57.1596 57.1596 57.1596
[ LCMDATA ] 57.2151 57.2151 57.2151 57.2151 57.2151 57.2151 57.2151
[ LCMDATA ] 57.2607 57.2607 57.2607 57.2607 57.2607 57.2607 57.2607
[ LCMDATA ] 57.2853 57.2853 57.2853 57.2853 57.2853 57.2853 57.2853
[ LCMDATA ] 57.2888 57.2888 57.2888 57.2888 57.2888 57.2888 57.2888
[ LCMDATA ] 57.2756 57.2756 57.2756 57.2756 57.2756 57.2756 57.2756
[ LCMDATA ] 57.2483 57.2483 57.2483 57.2483 57.2483 57.2483 57.2483
[ LCMDATA ] 57.2069 57.2069 57.2069 57.2069 57.2069 57.2069 57.2069
[ LCMDATA ] 57.1382 57.1382 57.1382 57.1382 57.1382 57.1382 57.1382
[ LCMDATA ] 57.0656 57.0656 57.0656 57.0656 57.0656 57.0656 57.0656
[ LCMDATA ] 56.9624 56.9624 56.9624 56.9624 56.9624 56.9624 56.9624
[ LCMDATA ] 56.8593 56.8593 56.8593 56.8593 56.8593 56.8593 56.8593
[ LCMDATA ] 56.7421 56.7421 56.7421 56.7421 56.7421 56.7421 56.7421
[ LCMDATA ] 56.5555 56.5555 56.5555 56.5555 56.5555 56.5555 56.5555
[ LCMDATA ] 56.4023 56.4023 56.4023 56.4023 56.4023 56.4023 56.4023
[ LCMDATA ] 56.2375 56.2375 56.2375 56.2375 56.2375 56.2375 56.2375
[ LCMDATA ] 56.0589 56.0589 56.0589 56.0589 56.0589 56.0589 56.0589
[ LCMDATA ] 55.8664 55.8664 55.8664 55.8664 55.8664 55.8664 55.8664
[ LCMDATA ] 55.6602 55.6602 55.6602 55.6602 55.6602 55.6602 55.6602
[ LCMDATA ] 55.4402 55.4402 55.4402 55.4402 55.4402 55.4402 55.4402
[ LCMDATA ] 55.2065 55.2065 55.2065 55.2065 55.2065 55.2065 55.2065
[ LCMDATA ] 54.9592 54.9592 54.9592 54.9592 54.9592 54.9592 54.9592
[ LCMDATA ] 54.6984 54.6984 54.6984 54.6984 54.6984 54.6984 54.6984
[ LCMDATA ] 54.424 54.424 54.424 54.424 54.424 54.424 54.424
[ LCMDATA ] 54.1363 54.1363 54.1363 54.1363 54.1363 54.1363 54.1363
[ LCMDATA ] 53.8351 53.8351 53.8351 53.8351 53.8351 53.8351 53.8351
[ LCMDATA ] 53.5207 53.5207 53.5207 53.5207 53.5207 53.5207 53.5207
[ LCMDATA ] 53.1931 53.1931 53.1931 53.1931 53.1931 53.1931 53.1931
[ LCMDATA ] 52.8 52.8 52.8 52.8 52.8 52.8 52.8
[ LCMDATA ] 52.4443 52.4443 52.4443 52.4443 52.4443 52.4443 52.4443
[ LCMDATA ] 52.0229 52.0229 52.0229 52.0229 52.0229 52.0229 52.0229
[ LCMDATA ] 51.6396 51.6396 51.6396 51.6396 51.6396 51.6396 51.6396
[ LCMDATA ] 51.2436 51.2436 51.2436 51.2436 51.2436 51.2436 51.2436
[ LCMDATA ] 50.8349 50.8349 50.8349 50.8349 50.8349 50.8349 50.8349
[ LCMDATA ] 50.2915 50.2915 50.2915 50.2915 50.2915 50.2915 50.2915
[ LCMDATA ] 49.8232 49.8232 49.8232 49.8232 49.8232 49.8232 49.8232
[ LCMDATA ] 49.3728 49.3728 49.3728 49.3728 49.3728 49.3728 49.3728
[ LCMDATA ] 48.8357 48.8357 48.8357 48.8357 48.8357 48.8357 48.8357
[ LCMDATA ] 48.3592 48.3592 48.3592 48.3592 48.3592 48.3592 48.3592
[ LCMDATA ] 47.8707 47.8707 47.8707 47.8707 47.8707 47.8707 47.8707
[ LCMDATA ] 47.3705 47.3705 47.3705 47.3705 47.3705 47.3705 47.3705
[ LCMDATA ] 46.8585 46.8585 46.8585 46.8585 46.8585 46.8585 46.8585
[ LCMDATA ] 46.335 46.335 46.335 46.335 46.335 46.335 46.335
[ LCMDATA ] 45.8 45.8 45.8 45.8 45.8 45.8 45.8
[ LCMDATA ] 45.2538 45.2538 45.2538 45.2538 45.2538 45.2538 45.2538
[ LCMDATA ] 44.6739 44.6739 44.6739 44.6739 44.6739 44.6739 44.6739
[ LCMDATA ] 44.105 44.105 44.105 44.105 44.105 44.105 44.105
[ LCMDATA ] 43.5252 43.5252 43.5252 43.5252 43.5252 43.5252 43.5252
[ LCMDATA ] 42.9347 42.9347 42.9347 42.9347 42.9347 42.9347 42.9347
[ LCMDATA ] 42.3336 42.3336 42.3336 42.3336 42.3336 42.3336 42.3336
[ LCMDATA ] 41.7221 41.7221 41.7221 41.7221 41.7221 41.7221 41.7221
[ LCMDATA ] 41.1003 41.1003 41.1003 41.1003 41.1003 41.1003 41.1003
[ LCMDATA ] 40.4683 40.4683 40.4683 40.4683 40.4683 40.4683 40.4683
[ LCMDATA ] 39.8263 39.8263 39.8263 39.8263 39.8263 39.8263 39.8263
[ LCMDATA ] 39.0698 39.0698 39.0698 39.0698 39.0698 39.0698 39.0698
[ LCMDATA ] 38.3744 38.3744 38.3744 38.3744 38.3744 38.3744 38.3744
[ LCMDATA ] 37.6769 37.6769 37.6769 37.6769 37.6769 37.6769 37.6769
[ LCMDATA ] 36.7796 36.7796 36.7796 36.7796 36.7796 36.7796 36.7796
[ LCMDATA ] 35.9992 35.9992 35.9992 35.9992 35.9992 35.9992 35.9992
[ LCMDATA ] 35.2612 35.2612 35.2612 35.2612 35.2612 35.2612 35.2612
[ LCMDATA ] 34.5477 34.5477 34.5477 34.5477 34.5477 34.5477 34.5477
[ LCMDATA ] 33.8255 33.8255 33.8255 33.8255 33.8255 33.8255 33.8255
[ LCMDATA ] 33.0951 33.0951 33.0951 33.0951 33.0951 33.0951 33.0951
[ LCMDATA ] 32.3565 32.3565 32.3565 32.3565 32.3565 32.3565 32.3565
[ LCMDATA ] 31.3346 31.3346 31.3346 31.3346 31.3346 31.3346 31.3346
[ LCMDATA ] 30.5774 30.5774 30.5774 30.5774 30.5774 30.5774 30.5774
[ LCMDATA ] 29.7269 29.7269 29.7269 29.7269 29.7269 29.7269 29.7269
[ LCMDATA ] 28.954 28.954 28.954 28.954 28.954 28.954 28.954
[ LCMDATA ] 28.1739 28.1739 28.1739 28.1739 28.1739 28.1739 28.1739
[ LCMDATA ] 27.1557 27.1557 27.1557 27.1557 27.1557 27.1557 27.1557
[ LCMDATA ] 26.36 26.36 26.36 26.36 26.36 26.36 26.36
[ LCMDATA ] 25.4565 25.4565 25.4565 25.4565 25.4565 25.4565 25.4565
[ LCMDATA ] 24.5089 24.5089 24.5089 24.5089 24.5089 24.5089 24.5089
[ LCMDATA ] 23.608 23.608 23.608 23.608 23.608 23.608 23.608
[ LCMDATA ] 22.7731 22.7731 22.7731 22.7731 22.7731 22.7731 22.7731
[ LCMDATA ] 21.9428 21.9428 21.9428 21.9428 21.9428 21.9428 21.9428
[ LCMDATA ] 21.1089 21.1089 21.1089 21.1089 21.1089 21.1089 21.1089
[ LCMDATA ] 20.2697 20.2697 20.2697 20.2697 20.2697 20.2697 20.2697
[ LCMDATA ] 19.4255 19.4255 19.4255 19.4255 19.4255 19.4255 19.4255
[ LCMDATA ] 18.5707 18.5707 18.5707 18.5707 18.5707 18.5707 18.5707
[ LCMDATA ] 17.6345 17.6345 17.6345 17.6345 17.6345 17.6345 17.6345
[ LCMDATA ] 16.7761 16.7761 16.7761 16.7761 16.7761 16.7761 16.7761
[ LCMDATA ] 15.9136 15.9136 15.9136 15.9136 15.9136 15.9136 15.9136
[ LCMDATA ] 15.0421 15.0421 15.0421 15.0421 15.0421 15.0421 15.0421
[ LCMDATA ] 14.172 14.172 14.172 14.172 14.172 14.172 14.172
[ LCMDATA ] 13.2983 13.2983 13.2983 13.2983 13.2983 13.2983 13.2983
[ LCMDATA ] 12.4214 12.4214 12.4214 12.4214 12.4214 12.4214 12.4214
[ LCMDATA ] 11.3492 11.3492 11.3492 11.3492 11.3492 11.3492 11.3492
[ LCMDATA ] 10.4658 10.4658 10.4658 10.4658 10.4658 10.4658 10.4658
[ LCMDATA ] 9.55572 9.55572 9.55572 9.55572 9.55572 9.55572 9.55572
[ LCMDATA ] 8.47176 8.47176 8.47176 8.47176 8.47176 8.47176 8.47176
[ LCMDATA ] 7.58072 7.58072 7.58072 7.58072 7.58072 7.58072 7.58072
[ LCMDATA ] 6.46607 6.46607 6.46607 6.46607 6.46607 6.46607 6.46607
[ LCMDATA ] 5.55236 5.55236 5.55236 5.55236 5.55236 5.55236 5.55236
[ LCMDATA ] 4.64365 4.64365 4.64365 4.64365 4.64365 4.64365 4.64365
[ LCMDATA ] 3.74096 3.74096 3.74096 3.74096 3.74096 3.74096 3.74096
[ LCMDATA ] 2.84068 2.84068 2.84068 2.84068 2.84068 2.84068 2.84068
[ LCMDATA ] 1.72434 1.72434 1.72434 1.72434 1.72434 1.72434 1.72434
[ LCMDATA ] 0.780726 0.780726 0.780726 0.780726 0.780726 0.780726 0.780726
[ LCMDATA ] -0.470361 -0.470361 -0.470361 -0.470361 -0.470361 -0.470361 -0.470361
[ LCMDATA ] -1.56922 -1.56922 -1.56922 -1.56922 -1.56922 -1.56922 -1.56922
[ LCMDATA ] -2.66785 -2.66785 -2.66785 -2.66785 -2.66785 -2.66785 -2.66785
[ LCMDATA ] -3.89155 -3.89155 -3.89155 -3.89155 -3.89155 -3.89155 -3.89155
[ LCMDATA ] -4.99287 -4.99287 -4.99287 -4.99287 -4.99287 -4.99287 -4.99287
[ LCMDATA ] -5.88871 -5.88871 -5.88871 -5.88871 -5.88871 -5.88871 -5.88871
[ LCMDATA ] -6.7831 -6.7831 -6.7831 -6.7831 -6.7831 -6.7831 -6.7831
[ LCMDATA ] -7.67581 -7.67581 -7.67581 -7.67581 -7.67581 -7.67581 -7.67581
[ LCMDATA ] -8.56662 -8.56662 -8.56662 -8.56662 -8.56662 -8.56662 -8.56662
[ LCMDATA ] -9.66626 -9.66626 -9.66626 -9.66626 -9.66626 -9.66626 -9.66626
[ LCMDATA ] -10.552 -10.552 -10.552 -10.552 -10.552 -10.552 -10.552
[ LCMDATA ] -11.5059 -11.5059 -11.5059 -11.5059 -11.5059 -11.5059 -11.5059
[ LCMDATA ] -12.386 -12.386 -12.386 -12.386 -12.386 -12.386 -12.386
[ LCMDATA ] -13.2631 -13.2631 -13.2631 -13.2631 -13.2631 -13.2631 -13.2631
[ LCMDATA ] -14.1369 -14.1369 -14.1369 -14.1369 -14.1369 -14.1369 -14.1369
[ LCMDATA ] -15.1609 -15.1609 -15.1609 -15.1609 -15.1609 -15.1609 -15.1609
[ LCMDATA ] -16.0269 -16.0269 -16.0269 -16.0269 -16.0269 -16.0269 -16.0269
[ LCMDATA ] -17.0167 -17.0167 -17.0167 -17.0167 -17.0167 -17.0167 -17.0167
[ LCMDATA ] -18.0633 -18.0633 -18.0633 -18.0633 -18.0633 -18.0633 -18.0633
[ LCMDATA ] -18.915 -18.915 -18.915 -18.915 -18.915 -18.915 -18.915
[ LCMDATA ] -19.7621 -19.7621 -19.7621 -19.7621 -19.7621 -19.7621 -19.7621
[ LCMDATA ] -20.6162 -20.6162 -20.6162 -20.6162 -20.6162 -20.6162 -20.6162
[ LCMDATA ] -21.4533 -21.4533 -21.4533 -21.4533 -21.4533 -21.4533 -21.4533
[ LCMDATA ] -22.285 -22.285 -22.285 -22.285 -22.285 -22.285 -22.285
[ LCMDATA ] -23.1113 -23.1113 -23.1113 -23.1113 -23.1113 -23.1113 -23.1113
[ LCMDATA ] -23.9318 -23.9318 -23.9318 -23.9318 -23.9318 -23.9318 -23.9318
[ LCMDATA ] -24.7465 -24.7465 -24.7465 -24.7465 -24.7465 -24.7465 -24.7465
[ LCMDATA ] -25.555 -25.555 -25.555 -25.555 -25.555 -25.555 -25.555
[ LCMDATA ] -26.632 -26.632 -26.632 -26.632 -26.632 -26.632 -26.632
[ LCMDATA ] -27.6276 -27.6276 -27.6276 -27.6276 -27.6276 -27.6276 -27.6276
[ LCMDATA ] -28.4125 -28.4125 -28.4125 -28.4125 -28.4125 -28.4125 -28.4125
[ LCMDATA ] -29.1905 -29.1905 -29.1905 -29.1905 -29.1905 -29.1905 -29.1905
[ LCMDATA ] -30.1332 -30.1332 -30.1332 -30.1332 -30.1332 -30.1332 -30.1332
[ LCMDATA ] -31.0092 -31.0092 -31.0092 -31.0092 -31.0092 -31.0092 -31.0092
[ LCMDATA ] -31.7655 -31.7655 -31.7655 -31.7655 -31.7655 -31.7655 -31.7655
[ LCMDATA ] -32.7 -32.7 -32.7 -32.7 -32.7 -32.7 -32.7
[ LCMDATA ] -33.5682 -33.5682 -33.5682 -33.5682 -33.5682 -33.5682 -33.5682
[ LCMDATA ] -34.3059 -34.3059 -34.3059 -34.3059 -34.3059 -34.3059 -34.3059
[ LCMDATA ] -35.0224 -35.0224 -35.0224 -35.0224 -35.0224 -35.0224 -35.0224
[ LCMDATA ] -35.8029 -35.8029 -35.8029 -35.8029 -35.8029 -35.8029 -35.8029
[ LCMDATA ] -36.501 -36.501 -36.501 -36.501 -36.501 -36.501 -36.501
[ LCMDATA ] -37.1901 -37.1901 -37.1901 -37.1901 -37.1901 -37.1901 -37.1901
[ LCMDATA ] -37.87 -37.87 -37.87 -37.87 -37.87 -37.87 -37.87
[ LCMDATA ] -38.5405 -38.5405 -38.5405 -38.5405 -38.5405 -38.5405 -38.5405
[ LCMDATA ] -39.2019 -39.2019 -39.2019 -39.2019 -39.2019 -39.2019 -39.2019
[ LCMDATA ] -39.8533 -39.8533 -39.8533 -39.8533 -39.8533 -39.8533 -39.8533
[ LCMDATA ] -40.4948 -40.4948 -40.4948 -40.4948 -40.4948 -40.4948 -40.4948
[ LCMDATA ] -41.3707 -41.3707 -41.3707 -41.3707 -41.3707 -41.3707 -41.3707
[ LCMDATA ] -41.9881 -41.9881 -41.9881 -41.9881 -41.9881 -41.9881 -41.9881
[ LCMDATA ] -42.704 -42.704 -42.704 -42.704 -42.704 -42.704 -42.704
[ LCMDATA ] -43.3754 -43.3754 -43.3754 -43.3754 -43.3754 -43.3754 -43.3754
[ LCMDATA ] -44.0873 -44.0873 -44.0873 -44.0873 -44.0873 -44.0873 -44.0873
[ LCMDATA ] -44.6565 -44.6565 -44.6565 -44.6565 -44.6565 -44.6565 -44.6565
[ LCMDATA ] -45.235 -45.235 -45.235 -45.235 -45.235 -45.235 -45.235
[ LCMDATA ] -45.9008 -45.9008 -45.9008 -45.9008 -45.9008 -45.9008 -45.9008
[ LCMDATA ] -46.4336 -46.4336 -46.4336 -46.4336 -46.4336 -46.4336 -46.4336
[ LCMDATA ] -47.0611 -47.0611 -47.0611 -47.0611 -47.0611 -47.0611 -47.0611
[ LCMDATA ] -47.6142 -47.6142 -47.6142 -47.6142 -47.6142 -47.6142 -47.6142
[ LCMDATA ] -48.2174 -48.2174 -48.2174 -48.2174 -48.2174 -48.2174 -48.2174
[ LCMDATA ] -48.6974 -48.6974 -48.6974 -48.6974 -48.6974 -48.6974 -48.6974
[ LCMDATA ] -49.1654 -49.1654 -49.1654 -49.1654 -49.1654 -49.1654 -49.1654
[ LCMDATA ] -49.6213 -49.6213 -49.6213 -49.6213 -49.6213 -49.6213 -49.6213
[ LCMDATA ] -50.0649 -50.0649 -50.0649 -50.0649 -50.0649 -50.0649 -50.0649
[ LCMDATA ] -50.4962 -50.4962 -50.4962 -50.4962 -50.4962 -50.4962 -50.4962
[ LCMDATA ] -50.915 -50.915 -50.915 -50.915 -50.915 -50.915 -50.915
[ LCMDATA ] -51.3213 -51.3213 -51.3213 -51.3213 -51.3213 -51.3213 -51.3213
[ LCMDATA ] -51.7149 -51.7149 -51.7149 -51.7149 -51.7149 -51.7149 -51.7149
[ LCMDATA ] -52.0957 -52.0957 -52.0957 -52.0957 -52.0957 -52.0957 -52.0957
[ LCMDATA ] -52.4637 -52.4637 -52.4637 -52.4637 -52.4637 -52.4637 -52.4637
[ LCMDATA ] -52.8188 -52.8188 -52.8188 -52.8188 -52.8188 -52.8188 -52.8188
[ LCMDATA ] -53.1608 -53.1608 -53.1608 -53.1608 -53.1608 -53.1608 -53.1608
[ LCMDATA ] -53.4897 -53.4897 -53.4897 -53.4897 -53.4897 -53.4897 -53.4897
[ LCMDATA ] -53.8053 -53.8053 -53.8053 -53.8053 -53.8053 -53.8053 -53.8053
[ LCMDATA ] -54.1078 -54.1078 -54.1078 -54.1078 -54.1078 -54.1078 -54.1078
[ LCMDATA ] -54.3968 -54.3968 -54.3968 -54.3968 -54.3968 -54.3968 -54.3968
[ LCMDATA ] -54.6725 -54.6725 -54.6725 -54.6725 -54.6725 -54.6725 -54.6725
[ LCMDATA ] -54.9908 -54.9908 -54.9908 -54.9908 -54.9908 -54.9908 -54.9908
[ LCMDATA ] -55.2364 -55.2364 -55.2364 -55.2364 -55.2364 -55.2364 -55.2364
[ LCMDATA ] -55.4798 -55.4798 -55.4798 -55.4798 -55.4798 -55.4798 -55.4798
[ LCMDATA ] -55.6974 -55.6974 -55.6974 -55.6974 -55.6974 -55.6974 -55.6974
[ LCMDATA ] -55.9222 -55.9222 -55.9222 -55.9222 -55.9222 -55.9222 -55.9222
[ LCMDATA ] -56.1663 -56.1663 -56.1663 -56.1663 -56.1663 -56.1663 -56.1663
[ LCMDATA ] -56.3367 -56.3367 -56.3367 -56.3367 -56.3367 -56.3367 -56.3367
[ LCMDATA ] -56.4932 -56.4932 -56.4932 -56.4932 -56.4932 -56.4932 -56.4932
[ LCMDATA ] -56.6358 -56.6358 -56.6358 -56.6358 -56.6358 -56.6358 -56.6358
[ LCMDATA ] -56.7644 -56.7644 -56.7644 -56.7644 -56.7644 -56.7644 -56.7644
[ LCMDATA ] -56.879 -56.879 -56.879 -56.879 -56.879 -56.879 -56.879
[ LCMDATA ] -56.9796 -56.9796 -56.9796 -56.9796 -56.9796 -56.9796 -56.9796
[ LCMDATA ] -57.0661 -57.0661 -57.0661 -57.0661 -57.0661 -57.0661 -57.0661
[ LCMDATA ] -57.1386 -57.1386 -57.1386 -57.1386 -57.1386 -57.1386 -57.1386
[ LCMDATA ] -57.1969 -57.1969 -57.1969 -57.1969 -57.1969 -57.1969 -57.1969
[ LCMDATA ] -57.2411 -57.2411 -57.2411 -57.2411 -57.2411 -57.2411 -57.2411
[ LCMDATA ] -57.2713 -57.2713 -57.2713 -57.2713 -57.2713 -57.2713 -57.2713
[ LCMDATA ] -57.2872 -57.2872 -57.2872 -57.2872 -57.2872 -57.2872 -57.2872
[ LCMDATA ] -57.289 -57.289 -57.289 -57.289 -57.289 -57.289 -57.289
[ LCMDATA ] -57.2713 -57.2713 -57.2713 -57.2713 -57.2713 -57.2713 -57.2713
[ LCMDATA ] -57.2412 -57.2412 -57.2412 -57.2412 -57.2412 -57.2412 -57.2412
[ LCMDATA ] -57.1946 -57.1946 -57.1946 -57.1946 -57.1946 -57.1946 -57.1946
[ LCMDATA ] -57.1206 -57.1206 -57.1206 -57.1206 -57.1206 -57.1206 -57.1206
[ LCMDATA ] -57.0444 -57.0444 -57.0444 -57.0444 -57.0444 -57.0444 -57.0444
[ LCMDATA ] -56.9472 -56.9472 -56.9472 -56.9472 -56.9472 -56.9472 -56.9472
[ LCMDATA ] -56.8166 -56.8166 -56.8166 -56.8166 -56.8166 -56.8166 -56.8166
[ LCMDATA ] -56.6941 -56.6941 -56.6941 -56.6941 -56.6941 -56.6941 -56.6941
[ LCMDATA ] -56.5182 -56.5182 -56.5182 -56.5182 -56.5182 -56.5182 -56.5182
[ LCMDATA ] -56.3274 -56.3274 -56.3274 -56.3274 -56.3274 -56.3274 -56.3274
[ LCMDATA ] -56.1562 -56.1562 -56.1562 -56.1562 -56.1562 -56.1562 -56.1562
[ LCMDATA ] -55.9711 -55.9711 -55.9711 -55.9711 -55.9711 -55.9711 -55.9711
[ LCMDATA ] -55.7722 -55.7722 -55.7722 -55.7722 -55.7722 -55.7722 -55.7722
[ LCMDATA ] -55.5346 -55.5346 -55.5346 -55.5346 -55.5346 -55.5346 -55.5346
[ LCMDATA ] -55.3027 -55.3027 -55.3027 -55.3027 -55.3027 -55.3027 -55.3027
[ LCMDATA ] -55.0609 -55.0609 -55.0609 -55.0609 -55.0609 -55.0609 -55.0609
[ LCMDATA ] -54.8055 -54.8055 -54.8055 -54.8055 -54.8055 -54.8055 -54.8055
[ LCMDATA ] -54.5366 -54.5366 -54.5366 -54.5366 -54.5366 -54.5366 -54.5366
[ LCMDATA ] -54.2543 -54.2543 -54.2543 -54.2543 -54.2543 -54.2543 -54.2543
[ LCMDATA ] -53.9585 -53.9585 -53.9585 -53.9585 -53.9585 -53.9585 -53.9585
[ LCMDATA ] -53.6495 -53.6495 -53.6495 -53.6495 -53.6495 -53.6495 -53.6495
[ LCMDATA ] -53.2244 -53.2244 -53.2244 -53.2244 -53.2244 -53.2244 -53.2244
[ LCMDATA ] -52.8237 -52.8237 -52.8237 -52.8237 -52.8237 -52.8237 -52.8237
[ LCMDATA ] -52.3871 -52.3871 -52.3871 -52.3871 -52.3871 -52.3871 -52.3871
[ LCMDATA ] -51.9326 -51.9326 -51.9326 -51.9326 -51.9326 -51.9326 -51.9326
[ LCMDATA ] -51.5462 -51.5462 -51.5462 -51.5462 -51.5462 -51.5462 -51.5462
[ LCMDATA ] -50.982 -50.982 -50.982 -50.982 -50.982 -50.982 -50.982
[ LCMDATA ] -50.4701 -50.4701 -50.4701 -50.4701 -50.4701 -50.4701 -50.4701
[ LCMDATA ] -49.9397 -49.9397 -49.9397 -49.9397 -49.9397 -49.9397 -49.9397
[ LCMDATA ] -49.4925 -49.4925 -49.4925 -49.4925 -49.4925 -49.4925 -49.4925
[ LCMDATA ] -48.8298 -48.8298 -48.8298 -48.8298 -48.8298 -48.8298 -48.8298
[ LCMDATA ] -48.3272 -48.3272 -48.3272 -48.3272 -48.3272 -48.3272 -48.3272
[ LCMDATA ] -47.8025 -47.8025 -47.8025 -47.8025 -47.8025 -47.8025 -47.8025
[ LCMDATA ] -47.2556 -47.2556 -47.2556 -47.2556 -47.2556 -47.2556 -47.2556
[ LCMDATA ] -46.6606 -46.6606 -46.6606 -46.6606 -46.6606 -46.6606 -46.6606
[ LCMDATA ] -46.1153 -46.1153 -46.1153 -46.1153 -46.1153 -46.1153 -46.1153
[ LCMDATA ] -45.5757 -45.5757 -45.5757 -45.5757 -45.5757 -45.5757 -45.5757
[ LCMDATA ] -45.0108 -45.0108 -45.0108 -45.0108 -45.0108 -45.0108 -45.0108
[ LCMDATA ] -44.4485 -44.4485 -44.4485 -44.4485 -44.4485 -44.4485 -44.4485
[ LCMDATA ] -43.8752 -43.8752 -43.8752 -43.8752 -43.8752 -43.8752 -43.8752
[ LCMDATA ] -43.2912 -43.2912 -43.2912 -43.2912 -43.2912 -43.2912 -43.2912
[ LCMDATA ] -42.6964 -42.6964 -42.6964 -42.6964 -42.6964 -42.6964 -42.6964
[ LCMDATA ] -42.0382 -42.0382 -42.0382 -42.0382 -42.0382 -42.0382 -42.0382
[ LCMDATA ] -41.3932 -41.3932 -41.3932 -41.3932 -41.3932 -41.3932 -41.3932
[ LCMDATA ] -40.7659 -40.7659 -40.7659 -40.7659 -40.7659 -40.7659 -40.7659
[ LCMDATA ] -40.1286 -40.1286 -40.1286 -40.1286 -40.1286 -40.1286 -40.1286
[ LCMDATA ] -39.4814 -39.4814 -39.4814 -39.4814 -39.4814 -39.4814 -39.4814
[ LCMDATA ] -38.8245 -38.8245 -38.8245 -38.8245 -38.8245 -38.8245 -38.8245
[ LCMDATA ] -38.0072 -38.0072 -38.0072 -38.0072 -38.0072 -38.0072 -38.0072
[ LCMDATA ] -37.3291 -37.3291 -37.3291 -37.3291 -37.3291 -37.3291 -37.3291
[ LCMDATA ] -36.6419 -36.6419 -36.6419 -36.6419 -36.6419 -36.6419 -36.6419
[ LCMDATA ] -35.9456 -35.9456 -35.9456 -35.9456 -35.9456 -35.9456 -35.9456
[ LCMDATA ] -35.2405 -35.2405 -35.2405 -35.2405 -35.2405 -35.2405 -35.2405
[ LCMDATA ] -34.5266 -34.5266 -34.5266 -34.5266 -34.5266 -34.5266 -34.5266
[ LCMDATA ] -33.8043 -33.8043 -33.8043 -33.8043 -33.8043 -33.8043 -33.8043
[ LCMDATA ] -33.0736 -33.0736 -33.0736 -33.0736 -33.0736 -33.0736 -33.0736
[ LCMDATA ] -32.3347 -32.3347 -32.3347 -32.3347 -32.3347 -32.3347 -32.3347
[ LCMDATA ] -31.5879 -31.5879 -31.5879 -31.5879 -31.5879 -31.5879 -31.5879
[ LCMDATA ] -30.5365 -30.5365 -30.5365 -30.5365 -30.5365 -30.5365 -30.5365
[ LCMDATA ] -29.7714 -29.7714 -29.7714 -29.7714 -29.7714 -29.7714 -29.7714
[ LCMDATA ] -28.9965 -28.9965 -28.9965 -28.9965 -28.9965 -28.9965 -28.9965
[ LCMDATA ] -28.0446 -28.0446 -28.0446 -28.0446 -28.0446 -28.0446 -28.0446
[ LCMDATA ] -27.2564 -27.2564 -27.2564 -27.2564 -27.2564 -27.2564 -27.2564
[ LCMDATA ] -26.4616 -26.4616 -26.4616 -26.4616 -26.4616 -26.4616 -26.4616
[ LCMDATA ] -25.6602 -25.6602 -25.6602 -25.6602 -25.6602 -25.6602 -25.6602
[ LCMDATA ] -24.6333 -24.6333 -24.6333 -24.6333 -24.6333 -24.6333 -24.6333
[ LCMDATA ] -23.6337 -23.6337 -23.6337 -23.6337 -23.6337 -23.6337 -23.6337
[ LCMDATA ] -22.6257 -22.6257 -22.6257 -22.6257 -22.6257 -22.6257 -22.6257
[ LCMDATA ] -21.6101 -21.6101 -21.6101 -21.6101 -21.6101 -21.6101 -21.6101
[ LCMDATA ] -20.5846 -20.5846 -20.5846 -20.5846 -20.5846 -20.5846 -20.5846
[ LCMDATA ] -19.5542 -19.5542 -19.5542 -19.5542 -19.5542 -19.5542 -19.5542
[ LCMDATA ] -18.7059 -18.7059 -18.7059 -18.7059 -18.7059 -18.7059 -18.7059
[ LCMDATA ] -17.8531 -17.8531 -17.8531 -17.8531 -17.8531 -17.8531 -17.8531
[ LCMDATA ] -16.8364 -16.8364 -16.8364 -16.8364 -16.8364 -16.8364 -16.8364
[ LCMDATA ] -15.9658 -15.9658 -15.9658 -15.9658 -15.9658 -15.9658 -15.9658
[ LCMDATA ] -15.0996 -15.0996 -15.0996 -15.0996 -15.0996 -15.0996 -15.0996
[ LCMDATA ] -14.2297 -14.2297 -14.2297 -14.2297 -14.2297 -14.2297 -14.2297
[ LCMDATA ] -13.1728 -13.1728 -13.1728 -13.1728 -13.1728 -13.1728 -13.1728
[ LCMDATA ] -12.2954 -12.2954 -12.2954 -12.2954 -12.2954 -12.2954 -12.2954
[ LCMDATA ] -11.415 -11.415 -11.415 -11.415 -11.415 -11.415 -11.415
[ LCMDATA ] -10.5317 -10.5317 -10.5317 -10.5317 -10.5317 -10.5317 -10.5317
[ LCMDATA ] -9.64588 -9.64588 -9.64588 -9.64588 -9.64588 -9.64588 -9.64588
[ LCMDATA ] -8.75766 -8.75766 -8.75766 -8.75766 -8.75766 -8.75766 -8.75766
[ LCMDATA ] -7.86728 -7.86728 -7.86728 -7.86728 -7.86728 -7.86728 -7.86728
[ LCMDATA ] -6.97495 -6.97495 -6.97495 -6.97495 -6.97495 -6.97495 -6.97495
[ LCMDATA ] -6.0809 -6.0809 -6.0809 -6.0809 -6.0809 -6.0809 -6.0809
[ LCMDATA ] -5.18535 -5.18535 -5.18535 -5.18535 -5.18535 -5.18535 -5.18535
[ LCMDATA ] -4.28852 -4.28852 -4.28852 -4.28852 -4.28852 -4.28852 -4.28852
[ LCMDATA ] -3.39063 -3.39063 -3.39063 -3.39063 -3.39063 -3.39063 -3.39063
[ LCMDATA ] -2.49191 -2.49191 -2.49191 -2.49191 -2.49191 -2.49191 -2.49191
[ LCMDATA ] -1.59257 -1.59257 -1.59257 -1.59257 -1.59257 -1.59257 -1.59257
[ LCMDATA ] -0.692833 -0.692833 -0.692833 -0.692833 -0.692833 -0.692833 -0.692833
[ LCMDATA ] 0.207059 0.207059 0.207059 0.207059 0.207059 0.207059 0.207059
[ LCMDATA ] 1.1069 1.1069 1.1069 1.1069 1.1069 1.1069 1.1069
[ LCMDATA ] 2.00649 2.00649 2.00649 2.00649 2.00649 2.00649 2.00649
[ LCMDATA ] 2.90556 2.90556 2.90556 2.90556 2.90556 2.90556 2.90556
[ LCMDATA ] 4.13114 4.13114 4.13114 4.13114 4.13114 4.13114 4.13114
[ LCMDATA ] 5.11129 5.11129 5.11129 5.11129 5.11129 5.11129 5.11129
[ LCMDATA ] 6.20564 6.20564 6.20564 6.20564 6.20564 6.20564 6.20564
[ LCMDATA ] 7.09946 7.09946 7.09946 7.09946 7.09946 7.09946 7.09946
[ LCMDATA ] 8.00029 8.00029 8.00029 8.00029 8.00029 8.00029 8.00029
[ LCMDATA ] 8.89037 8.89037 8.89037 8.89037 8.89037 8.89037 8.89037
[ LCMDATA ] 9.77825 9.77825 9.77825 9.77825 9.77825 9.77825 9.77825
[ LCMDATA ] 10.6637 10.6637 10.6637 10.6637 10.6637 10.6637 10.6637
[ LCMDATA ] 11.5465 11.5465 11.5465 11.5465 11.5465 11.5465 11.5465
[ LCMDATA ] 12.4265 12.4265 12.4265 12.4265 12.4265 12.4265 12.4265
[ LCMDATA ] 13.3035 13.3035 13.3035 13.3035 13.3035 13.3035 13.3035
[ LCMDATA ] 14.1771 14.1771 14.1771 14.1771 14.1771 14.1771 14.1771
[ LCMDATA ] 15.3097 15.3097 15.3097 15.3097 15.3097 15.3097 15.3097
[ LCMDATA ] 16.1749 16.1749 16.1749 16.1749 16.1749 16.1749 16.1749
[ LCMDATA ] 17.1928 17.1928 17.1928 17.1928 17.1928 17.1928 17.1928
[ LCMDATA ] 18.0491 18.0491 18.0491 18.0491 18.0491 18.0491 18.0491
[ LCMDATA ] 18.9009 18.9009 18.9009 18.9009 18.9009 18.9009 18.9009
[ LCMDATA ] 19.7481 19.7481 19.7481 19.7481 19.7481 19.7481 19.7481
[ LCMDATA ] 20.5904 20.5904 20.5904 20.5904 20.5904 20.5904 20.5904
[ LCMDATA ] 21.5858 21.5858 21.5858 21.5858 21.5858 21.5858 21.5858
[ LCMDATA ] 22.4167 22.4167 22.4167 22.4167 22.4167 22.4167 22.4167
[ LCMDATA ] 23.242 23.242 23.242 23.242 23.242 23.242 23.242
[ LCMDATA ] 24.3504 24.3504 24.3504 24.3504 24.3504 24.3504 24.3504
[ LCMDATA ] 25.369 25.369 25.369 25.369 25.369 25.369 25.369
[ LCMDATA ] 26.1727 26.1727 26.1727 26.1727 26.1727 26.1727 26.1727
[ LCMDATA ] 27.2078 27.2078 27.2078 27.2078 27.2078 27.2078 27.2078
[ LCMDATA ] 28.2308 28.2308 28.2308 28.2308 28.2308 28.2308 28.2308
[ LCMDATA ] 29.2229 29.2229 29.2229 29.2229 29.2229 29.2229 29.2229
[ LCMDATA ] 29.9933 29.9933 29.9933 29.9933 29.9933 29.9933 29.9933
[ LCMDATA ] 30.7563 30.7563 30.7563 30.7563 30.7563 30.7563 30.7563
[ LCMDATA ] 31.5472 31.5472 31.5472 31.5472 31.5472 31.5472 31.5472
[ LCMDATA ] 32.4573 32.4573 32.4573 32.4573 32.4573 32.4573 32.4573
[ LCMDATA ] 33.2599 33.2599 33.2599 33.2599 33.2599 33.2599 33.2599
[ LCMDATA ] 34.1291 34.1291 34.1291 34.1291 34.1291 34.1291 34.1291
[ LCMDATA ] 34.9473 34.9473 34.9473 34.9473 34.9473 34.9473 34.9473
[ LCMDATA ] 35.656 35.656 35.656 35.656 35.656 35.656 35.656
[ LCMDATA ] 36.5114 36.5114 36.5114 36.5114 36.5114 36.5114 36.5114
[ LCMDATA ] 37.3511 37.3511 37.3511 37.3511 37.3511 37.3511 37.3511
[ LCMDATA ] 38.0317 38.0317 38.0317 38.0317 38.0317 38.0317 38.0317
[ LCMDATA ] 38.909 38.909 38.909 38.909 38.909 38.909 38.909
[ LCMDATA ] 39.7312 39.7312 39.7312 39.7312 39.7312 39.7312 39.7312
[ LCMDATA ] 40.61 40.61 40.61 40.61 40.61 40.61 40.61
[ LCMDATA ] 41.2397 41.2397 41.2397 41.2397 41.2397 41.2397 41.2397
[ LCMDATA ] 41.9034 41.9034 41.9034 41.9034 41.9034 41.9034 41.9034
[ LCMDATA ] 42.6626 42.6626 42.6626 42.6626 42.6626 42.6626 42.6626
[ LCMDATA ] 43.258 43.258 43.258 43.258 43.258 43.258 43.258
[ LCMDATA ] 43.887 43.887 43.887 43.887 43.887 43.887 43.887
[ LCMDATA ] 44.46 44.46 44.46 44.46 44.46 44.46 44.46
[ LCMDATA ] 45.0612 45.0612 45.0612 45.0612 45.0612 45.0612 45.0612
[ LCMDATA ] 45.6114 45.6114 45.6114 45.6114 45.6114 45.6114 45.6114
[ LCMDATA ] 46.2552 46.2552 46.2552 46.2552 46.2552 46.2552 46.2552
[ LCMDATA ] 46.7804 46.7804 46.7804 46.7804 46.7804 46.7804 46.7804
[ LCMDATA ] 47.3941 47.3941 47.3941 47.3941 47.3941 47.3941 47.3941
[ LCMDATA ] 47.8938 47.8938 47.8938 47.8938 47.8938 47.8938 47.8938
[ LCMDATA ] 48.3817 48.3817 48.3817 48.3817 48.3817 48.3817 48.3817
[ LCMDATA ] 48.8642 48.8642 48.8642 48.8642 48.8642 48.8642 48.8642
[ LCMDATA ] 49.3279 49.3279 49.3279 49.3279 49.3279 49.3279 49.3279
[ LCMDATA ] 49.9201 49.9201 49.9201 49.9201 49.9201 49.9201 49.9201
[ LCMDATA ] 50.4505 50.4505 50.4505 50.4505 50.4505 50.4505 50.4505
[ LCMDATA ] 50.8706 50.8706 50.8706 50.8706 50.8706 50.8706 50.8706
[ LCMDATA ] 51.2782 51.2782 51.2782 51.2782 51.2782 51.2782 51.2782
[ LCMDATA ] 51.7051 51.7051 51.7051 51.7051 51.7051 51.7051 51.7051
[ LCMDATA ] 52.0862 52.0862 52.0862 52.0862 52.0862 52.0862 52.0862
[ LCMDATA ] 52.4546 52.4546 52.4546 52.4546 52.4546 52.4546 52.4546
[ LCMDATA ] 52.8099 52.8099 52.8099 52.8099 52.8099 52.8099 52.8099
[ LCMDATA ] 53.1697 53.1697 53.1697 53.1697 53.1697 53.1697 53.1697
[ LCMDATA ] 53.4982 53.4982 53.4982 53.4982 53.4982 53.4982 53.4982
[ LCMDATA ] 53.8136 53.8136 53.8136 53.8136 53.8136 53.8136 53.8136
[ LCMDATA ] 54.1156 54.1156 54.1156 54.1156 54.1156 54.1156 54.1156
[ LCMDATA ] 54.4043 54.4043 54.4043 54.4043 54.4043 54.4043 54.4043
[ LCMDATA ] 54.6796 54.6796 54.6796 54.6796 54.6796 54.6796 54.6796
[ LCMDATA ] 54.9414 54.9414 54.9414 54.9414 54.9414 54.9414 54.9414
[ LCMDATA ] 55.1897 55.1897 55.1897 55.1897 55.1897 55.1897 55.1897
[ LCMDATA ] 55.4243 55.4243 55.4243 55.4243 55.4243 55.4243 55.4243
[ LCMDATA ] 55.6452 55.6452 55.6452 55.6452 55.6452 55.6452 55.6452
[ LCMDATA ] 55.8524 55.8524 55.8524 55.8524 55.8524 55.8524 55.8524
[ LCMDATA ] 56.0571 56.0571 56.0571 56.0571 56.0571 56.0571 56.0571
[ LCMDATA ] 56.2731 56.2731 56.2731 56.2731 56.2731 56.2731 56.2731
[ LCMDATA ] 56.435 56.435 56.435 56.435 56.435 56.435 56.435
[ LCMDATA ] 56.5975 56.5975 56.5975 56.5975 56.5975 56.5975 56.5975
[ LCMDATA ] 56.73 56.73 56.73 56.73 56.73 56.73 56.73
[ LCMDATA ] 56.8485 56.8485 56.8485 56.8485 56.8485 56.8485 56.8485
[ LCMDATA ] 56.953 56.953 56.953 56.953 56.953 56.953 56.953
[ LCMDATA ] 57.0588 57.0588 57.0588 57.0588 57.0588 57.0588 57.0588
[ LCMDATA ] 57.1471 57.1471 57.1471 57.1471 57.1471 57.1471 57.1471
[ LCMDATA ] 57.2035 57.2035 57.2035 57.2035 57.2035 57.2035 57.2035
[ LCMDATA ] 57.2459 57.2459 57.2459 57.2459 57.2459 57.2459 57.2459
[ LCMDATA ] 57.2741 57.2741 57.2741 57.2741 57.2741 57.2741 57.2741
[ LCMDATA ] 57.2882 57.2882 57.2882 57.2882 57.2882 57.2882 57.2882
[ LCMDATA ] 57.2882 57.2882 57.2882 57.2882 57.2882 57.2882 57.2882
[ LCMDATA ] 57.2741 57.2741 57.2741 57.2741 57.2741 57.2741 57.2741
[ LCMDATA ] 57.2394 57.2394 57.2394 57.2394 57.2394 57.2394 57.2394
[ LCMDATA ] 57.193 57.193 57.193 57.193 57.193 57.193 57.193
[ LCMDATA ] 57.1336 57.1336 57.1336 57.1336 57.1336 57.1336 57.1336
[ LCMDATA ] 57.0601 57.0601 57.0601 57.0601 57.0601 57.0601 57.0601
[ LCMDATA ] 56.9725 56.9725 56.9725 56.9725 56.9725 56.9725 56.9725
[ LCMDATA ] 56.8709 56.8709 56.8709 56.8709 56.8709 56.8709 56.8709
[ LCMDATA ] 56.7552 56.7552 56.7552 56.7552 56.7552 56.7552 56.7552
[ LCMDATA ] 56.6244 56.6244 56.6244 56.6244 56.6244 56.6244 56.6244
[ LCMDATA ] 56.4807 56.4807 56.4807 56.4807 56.4807 56.4807 56.4807
[ LCMDATA ] 56.323 56.323 56.323 56.323 56.323 56.323 56.323
[ LCMDATA ] 56.1514 56.1514 56.1514 56.1514 56.1514 56.1514 56.1514
[ LCMDATA ] 55.966 55.966 55.966 55.966 55.966 55.966 55.966
[ LCMDATA ] 55.7667 55.7667 55.7667 55.7667 55.7667 55.7667 55.7667
[ LCMDATA ] 55.5537 55.5537 55.5537 55.5537 55.5537 55.5537 55.5537
[ LCMDATA ] 55.327 55.327 55.327 55.327 55.327 55.327 55.327
[ LCMDATA ] 55.0866 55.0866 55.0866 55.0866 55.0866 55.0866 55.0866
[ LCMDATA ] 54.8326 54.8326 54.8326 54.8326 54.8326 54.8326 54.8326
[ LCMDATA ] 54.5652 54.5652 54.5652 54.5652 54.5652 54.5652 54.5652
[ LCMDATA ] 54.2842 54.2842 54.2842 54.2842 54.2842 54.2842 54.2842
[ LCMDATA ] 53.9898 53.9898 53.9898 53.9898 53.9898 53.9898 53.9898
[ LCMDATA ] 53.6822 53.6822 53.6822 53.6822 53.6822 53.6822 53.6822
[ LCMDATA ] 53.3613 53.3613 53.3613 53.3613 53.3613 53.3613 53.3613
[ LCMDATA ] 53.0272 53.0272 53.0272 53.0272 53.0272 53.0272 53.0272
[ LCMDATA ] 52.68 52.68 52.68 52.68 52.68 52.68 52.68
[ LCMDATA ] 52.3199 52.3199 52.3199 52.3199 52.3199 52.3199 52.3199
[ LCMDATA ] 51.9468 51.9468 51.9468 51.9468 51.9468 51.9468 51.9468
[ LCMDATA ] 51.5609 51.5609 51.5609 51.5609 51.5609 51.5609 51.5609
[ LCMDATA ] 51.1623 51.1623 51.1623 51.1623 51.1623 51.1623 51.1623
[ LCMDATA ] 50.751 50.751 50.751 50.751 50.751 50.751 50.751
[ LCMDATA ] 50.3273 50.3273 50.3273 50.3273 50.3273 50.3273 50.3273
[ LCMDATA ] 49.8911 49.8911 49.8911 49.8911 49.8911 49.8911 49.8911
[ LCMDATA ] 49.4426 49.4426 49.4426 49.4426 49.4426 49.4426 49.4426
[ LCMDATA ] 48.9819 48.9819 48.9819 48.9819 48.9819 48.9819 48.9819
[ LCMDATA ] 48.5092 48.5092 48.5092 48.5092 48.5092 48.5092 48.5092
[ LCMDATA ] 48.0244 48.0244 48.0244 48.0244 48.0244 48.0244 48.0244
[ LCMDATA ] 47.5278 47.5278 47.5278 47.5278 47.5278 47.5278 47.5278
[ LCMDATA ] 47.0195 47.0195 47.0195 47.0195 47.0195 47.0195 47.0195
[ LCMDATA ] 46.4996 46.4996 46.4996 46.4996 46.4996 46.4996 46.4996
[ LCMDATA ] 45.9682 45.9682 45.9682 45.9682 45.9682 45.9682 45.9682
[ LCMDATA ] 45.4255 45.4255 45.4255 45.4255 45.4255 45.4255 45.4255
[ LCMDATA ] 44.8715 44.8715 44.8715 44.8715 44.8715 44.8715 44.8715
[ LCMDATA ] 44.3065 44.3065 44.3065 44.3065 44.3065 44.3065 44.3065
[ LCMDATA ] 43.7306 43.7306 43.7306 43.7306 43.7306 43.7306 43.7306
[ LCMDATA ] 43.1438 43.1438 43.1438 43.1438 43.1438 43.1438 43.1438
[ LCMDATA ] 42.5464 42.5464 42.5464 42.5464 42.5464 42.5464 42.5464
[ LCMDATA ] 41.9386 41.9386 41.9386 41.9386 41.9386 41.9386 41.9386
[ LCMDATA ] 41.3203 41.3203 41.3203 41.3203 41.3203 41.3203 41.3203
[ LCMDATA ] 40.6919 40.6919 40.6919 40.6919 40.6919 40.6919 40.6919
[ LCMDATA ] 40.0534 40.0534 40.0534 40.0534 40.0534 40.0534 40.0534
[ LCMDATA ] 39.4051 39.4051 39.4051 39.4051 39.4051 39.4051 39.4051
[ LCMDATA ] 38.747 38.747 38.747 38.747 38.747 38.747 38.747
[ LCMDATA ] 38.0794 38.0794 38.0794 38.0794 38.0794 38.0794 38.0794
[ LCMDATA ] 37.4024 37.4024 37.4024 37.4024 37.4024 37.4024 37.4024
[ LCMDATA ] 36.7161 36.7161 36.7161 36.7161 36.7161 36.7161 36.7161
[ LCMDATA ] 36.0208 36.0208 36.0208 36.0208 36.0208 36.0208 36.0208
[ LCMDATA ] 35.3166 35.3166 35.3166 35.3166 35.3166 35.3166 35.3166
[ LCMDATA ] 34.6037 34.6037 34.6037 34.6037 34.6037 34.6037 34.6037
[ LCMDATA ] 33.8822 33.8822 33.8822 33.8822 33.8822 33.8822 33.8822
[ LCMDATA ] 33.1524 33.1524 33.1524 33.1524 33.1524 33.1524 33.1524
[ LCMDATA ] 32.4144 32.4144 32.4144 32.4144 32.4144 32.4144 32.4144
[ LCMDATA ] 31.6684 31.6684 31.6684 31.6684 31.6684 31.6684 31.6684
[ LCMDATA ] 30.9146 30.9146 30.9146 30.9146 30.9146 30.9146 30.9146
[ LCMDATA ] 30.1532 30.1532 30.1532 30.1532 30.1532 30.1532 30.1532
[ LCMDATA ] 29.3843 29.3843 29.3843 29.3843 29.3843 29.3843 29.3843
[ LCMDATA ] 28.6082 28.6082 28.6082 28.6082 28.6082 28.6082 28.6082
[ LCMDATA ] 27.825 27.825 27.825 27.825 27.825 27.825 27.825
[ LCMDATA ] 27.0349 27.0349 27.0349 27.0349 27.0349 27.0349 27.0349
[ LCMDATA ] 26.0486 26.0486 26.0486 26.0486 26.0486 26.0486 26.0486
[ LCMDATA ] 25.0674 25.0674 25.0674 25.0674 25.0674 25.0674 25.0674
[ LCMDATA ] 24.2552 24.2552 24.2552 24.2552 24.2552 24.2552 24.2552
[ LCMDATA ] 23.2949 23.2949 23.2949 23.2949 23.2949 23.2949 23.2949
[ LCMDATA ] 22.287 22.287 22.287 22.287 22.287 22.287 22.287
[ LCMDATA ] 21.4552 21.4552 21.4552 21.4552 21.4552 21.4552 21.4552
[ LCMDATA ] 20.4508 20.4508 20.4508 20.4508 20.4508 20.4508 20.4508
[ LCMDATA ] 19.4213 19.4213 19.4213 19.4213 19.4213 19.4213 19.4213
[ LCMDATA ] 18.5724 18.5724 18.5724 18.5724 18.5724 18.5724 18.5724
[ LCMDATA ] 17.6161 17.6161 17.6161 17.6161 17.6161 17.6161 17.6161
[ LCMDATA ] 16.7577 16.7577 16.7577 16.7577 16.7577 16.7577 16.7577
[ LCMDATA ] 15.8951 15.8951 15.8951 15.8951 15.8951 15.8951 15.8951
[ LCMDATA ] 15.0164 15.0164 15.0164 15.0164 15.0164 15.0164 15.0164
[ LCMDATA ] 14.1461 14.1461 14.1461 14.1461 14.1461 14.1461 14.1461
[ LCMDATA ] 13.2696 13.2696 13.2696 13.2696 13.2696 13.2696 13.2696
[ LCMDATA ] 12.3926 12.3926 12.3926 12.3926 12.3926 12.3926 12.3926
[ LCMDATA ] 11.5125 11.5125 11.5125 11.5125 11.5125 11.5125 11.5125
[ LCMDATA ] 10.6295 10.6295 10.6295 10.6295 10.6295 10.6295 10.6295
[ LCMDATA ] 9.74397 9.74397 9.74397 9.74397 9.74397 9.74397 9.74397
[ LCMDATA ] 8.85599 8.85599 8.85599 8.85599 8.85599 8.85599 8.85599
[ LCMDATA ] 7.96584 7.96584 7.96584 7.96584 7.96584 7.96584 7.96584
[ LCMDATA ] 7.07371 7.07371 7.07371 7.07371 7.07371 7.07371 7.07371
[ LCMDATA ] 6.17984 6.17984 6.17984 6.17984 6.17984 6.17984 6.17984
[ LCMDATA ] 5.28376 5.28376 5.28376 5.28376 5.28376 5.28376 5.28376
[ LCMDATA ] 4.38707 4.38707 4.38707 4.38707 4.38707 4.38707 4.38707
[ LCMDATA ] 3.4893 3.4893 3.4893 3.4893 3.4893 3.4893 3.4893
[ LCMDATA ] 2.59067 2.59067 2.59067 2.59067 2.59067 2.59067 2.59067
[ LCMDATA ] 1.69139 1.69139 1.69139 1.69139 1.69139 1.69139 1.69139
[ LCMDATA ] 0.791698 0.791698 0.791698 0.791698 0.791698 0.791698 0.791698
[ LCMDATA ] -0.108197 -0.108197 -0.108197 -0.108197 -0.108197 -0.108197 -0.108197
[ LCMDATA ] -1.00806 -1.00806 -1.00806 -1.00806 -1.00806 -1.00806 -1.00806
[ LCMDATA ] -1.90768 -1.90768 -1.90768 -1.90768 -1.90768 -1.90768 -1.90768
[ LCMDATA ] -2.80683 -2.80683 -2.80683 -2.80683 -2.80683 -2.80683 -2.80683
[ LCMDATA ] -3.70528 -3.70528 -3.70528 -3.70528 -3.70528 -3.70528 -3.70528
[ LCMDATA ] -4.60283 -4.60283 -4.60283 -4.60283 -4.60283 -4.60283 -4.60283
[ LCMDATA ] -5.49924 -5.49924 -5.49924 -5.49924 -5.49924 -5.49924 -5.49924
[ LCMDATA ] -6.39429 -6.39429 -6.39429 -6.39429 -6.39429 -6.39429 -6.39429
[ LCMDATA ] -7.28775 -7.28775 -7.28775 -7.28775 -7.28775 -7.28775 -7.28775
[ LCMDATA ] -8.17942 -8.17942 -8.17942 -8.17942 -8.17942 -8.17942 -8.17942
[ LCMDATA ] -9.06907 -9.06907 -9.06907 -9.06907 -9.06907 -9.06907 -9.06907
[ LCMDATA ] -9.95649 -9.95649 -9.95649 -9.95649 -9.95649 -9.95649 -9.95649
[ LCMDATA ] -10.8415 -10.8415 -10.8415 -10.8415 -10.8415 -10.8415 -10.8415
[ LCMDATA ] -11.7237 -11.7237 -11.7237 -11.7237 -11.7237 -11.7237 -11.7237
[ LCMDATA ] -12.6031 -12.6031 -12.6031 -12.6031 -12.6031 -12.6031 -12.6031
[ LCMDATA ] -13.4794 -13.4794 -13.4794 -13.4794 -13.4794 -13.4794 -13.4794
[ LCMDATA ] -14.3524 -14.3524 -14.3524 -14.3524 -14.3524 -14.3524 -14.3524
[ LCMDATA ] -15.2218 -15.2218 -15.2218 -15.2218 -15.2218 -15.2218 -15.2218
[ LCMDATA ] -16.0874 -16.0874 -16.0874 -16.0874 -16.0874 -16.0874 -16.0874
[ LCMDATA ] -16.9491 -16.9491 -16.9491 -16.9491 -16.9491 -16.9491 -16.9491
[ LCMDATA ] -17.8066 -17.8066 -17.8066 -17.8066 -17.8066 -17.8066 -17.8066
[ LCMDATA ] -18.6597 -18.6597 -18.6597 -18.6597 -18.6597 -18.6597 -18.6597
[ LCMDATA ] -19.5083 -19.5083 -19.5083 -19.5083 -19.5083 -19.5083 -19.5083
[ LCMDATA ] -20.3519 -20.3519 -20.3519 -20.3519 -20.3519 -20.3519 -20.3519
[ LCMDATA ] -21.1906 -21.1906 -21.1906 -21.1906 -21.1906 -21.1906 -21.1906
[ LCMDATA ] -22.0241 -22.0241 -22.0241 -22.0241 -22.0241 -22.0241 -22.0241
[ LCMDATA ] -22.8521 -22.8521 -22.8521 -22.8521 -22.8521 -22.8521 -22.8521
[ LCMDATA ] -23.6744 -23.6744 -23.6744 -23.6744 -23.6744 -23.6744 -23.6744
[ LCMDATA ] -24.491 -24.491 -24.491 -24.491 -24.491 -24.491 -24.491
[ LCMDATA ] -25.3015 -25.3015 -25.3015 -25.3015 -25.3015 -25.3015 -25.3015
[ LCMDATA ] -26.1184 -26.1184 -26.1184 -26.1184 -26.1184 -26.1184 -26.1184
[ LCMDATA ] -26.9161 -26.9161 -26.9161 -26.9161 -26.9161 -26.9161 -26.9161
[ LCMDATA ] -27.7104 -27.7104 -27.7104 -27.7104 -27.7104 -27.7104 -27.7104
[ LCMDATA ] -28.4946 -28.4946 -28.4946 -28.4946 -28.4946 -28.4946 -28.4946
[ LCMDATA ] -29.2824 -29.2824 -29.2824 -29.2824 -29.2824 -29.2824 -29.2824
[ LCMDATA ] -30.0523 -30.0523 -30.0523 -30.0523 -30.0523 -30.0523 -30.0523
[ LCMDATA ] -30.8215 -30.8215 -30.8215 -30.8215 -30.8215 -30.8215 -30.8215
[ LCMDATA ] -31.5763 -31.5763 -31.5763 -31.5763 -31.5763 -31.5763 -31.5763
[ LCMDATA ] -32.3232 -32.3232 -32.3232 -32.3232 -32.3232 -32.3232 -32.3232
[ LCMDATA ] -33.0622 -33.0622 -33.0622 -33.0622 -33.0622 -33.0622 -33.0622
[ LCMDATA ] -33.8042 -33.8042 -33.8042 -33.8042 -33.8042 -33.8042 -33.8042
[ LCMDATA ] -34.5313 -34.5313 -34.5313 -34.5313 -34.5313 -34.5313 -34.5313
[ LCMDATA ] -35.2451 -35.2451 -35.2451 -35.2451 -35.2451 -35.2451 -35.2451
[ LCMDATA ] -35.9502 -35.9502 -35.9502 -35.9502 -35.9502 -35.9502 -35.9502
[ LCMDATA ] -36.6464 -36.6464 -36.6464 -36.6464 -36.6464 -36.6464 -36.6464
[ LCMDATA ] -37.3336 -37.3336 -37.3336 -37.3336 -37.3336 -37.3336 -37.3336
[ LCMDATA ] -38.0115 -38.0115 -38.0115 -38.0115 -38.0115 -38.0115 -38.0115
[ LCMDATA ] -38.6801 -38.6801 -38.6801 -38.6801 -38.6801 -38.6801 -38.6801
[ LCMDATA ] -39.3392 -39.3392 -39.3392 -39.3392 -39.3392 -39.3392 -39.3392
[ LCMDATA ] -40.2062 -40.2062 -40.2062 -40.2062 -40.2062 -40.2062 -40.2062
[ LCMDATA ] -40.843 -40.843 -40.843 -40.843 -40.843 -40.843 -40.843
[ LCMDATA ] -41.7456 -41.7456 -41.7456 -41.7456 -41.7456 -41.7456 -41.7456
[ LCMDATA ] -42.4936 -42.4936 -42.4936 -42.4936 -42.4936 -42.4936 -42.4936
[ LCMDATA ] -43.0968 -43.0968 -43.0968 -43.0968 -43.0968 -43.0968 -43.0968
[ LCMDATA ] -43.6844 -43.6844 -43.6844 -43.6844 -43.6844 -43.6844 -43.6844
[ LCMDATA ] -44.2612 -44.2612 -44.2612 -44.2612 -44.2612 -44.2612 -44.2612
[ LCMDATA ] -44.8271 -44.8271 -44.8271 -44.8271 -44.8271 -44.8271 -44.8271
[ LCMDATA ] -45.3819 -45.3819 -45.3819 -45.3819 -45.3819 -45.3819 -45.3819
[ LCMDATA ] -46.0935 -46.0935 -46.0935 -46.0935 -46.0935 -46.0935 -46.0935
[ LCMDATA ] -46.6222 -46.6222 -46.6222 -46.6222 -46.6222 -46.6222 -46.6222
[ LCMDATA ] -47.1394 -47.1394 -47.1394 -47.1394 -47.1394 -47.1394 -47.1394
[ LCMDATA ] -47.7896 -47.7896 -47.7896 -47.7896 -47.7896 -47.7896 -47.7896
[ LCMDATA ] -48.28 -48.28 -48.28 -48.28 -48.28 -48.28 -48.28
[ LCMDATA ] -48.9469 -48.9469 -48.9469 -48.9469 -48.9469 -48.9469 -48.9469
[ LCMDATA ] -49.455 -49.455 -49.455 -49.455 -49.455 -49.455 -49.455
[ LCMDATA ] -49.9844 -49.9844 -49.9844 -49.9844 -49.9844 -49.9844 -49.9844
[ LCMDATA ] -50.418 -50.418 -50.418 -50.418 -50.418 -50.418 -50.418
[ LCMDATA ] -50.8391 -50.8391 -50.8391 -50.8391 -50.8391 -50.8391 -50.8391
[ LCMDATA ] -51.2477 -51.2477 -51.2477 -51.2477 -51.2477 -51.2477 -51.2477
[ LCMDATA ] -51.6473 -51.6473 -51.6473 -51.6473 -51.6473 -51.6473 -51.6473
[ LCMDATA ] -52.1384 -52.1384 -52.1384 -52.1384 -52.1384 -52.1384 -52.1384
[ LCMDATA ] -52.5343 -52.5343 -52.5343 -52.5343 -52.5343 -52.5343 -52.5343
[ LCMDATA ] -52.8868 -52.8868 -52.8868 -52.8868 -52.8868 -52.8868 -52.8868
[ LCMDATA ] -53.3301 -53.3301 -53.3301 -53.3301 -53.3301 -53.3301 -53.3301
[ LCMDATA ] -53.7223 -53.7223 -53.7223 -53.7223 -53.7223 -53.7223 -53.7223
[ LCMDATA ] -54.1261 -54.1261 -54.1261 -54.1261 -54.1261 -54.1261 -54.1261
[ LCMDATA ] -54.4542 -54.4542 -54.4542 -54.4542 -54.4542 -54.4542 -54.4542
[ LCMDATA ] -54.7524 -54.7524 -54.7524 -54.7524 -54.7524 -54.7524 -54.7524
[ LCMDATA ] -55.1056 -55.1056 -55.1056 -55.1056 -55.1056 -55.1056 -55.1056
[ LCMDATA ] -55.3634 -55.3634 -55.3634 -55.3634 -55.3634 -55.3634 -55.3634
[ LCMDATA ] -55.588 -55.588 -55.588 -55.588 -55.588 -55.588 -55.588
[ LCMDATA ] -55.7988 -55.7988 -55.7988 -55.7988 -55.7988 -55.7988 -55.7988
[ LCMDATA ] -56.0048 -56.0048 -56.0048 -56.0048 -56.0048 -56.0048 -56.0048
[ LCMDATA ] -56.1875 -56.1875 -56.1875 -56.1875 -56.1875 -56.1875 -56.1875
[ LCMDATA ] -56.3666 -56.3666 -56.3666 -56.3666 -56.3666 -56.3666 -56.3666
[ LCMDATA ] -56.5378 -56.5378 -56.5378 -56.5378 -56.5378 -56.5378 -56.5378
[ LCMDATA ] -56.6762 -56.6762 -56.6762 -56.6762 -56.6762 -56.6762 -56.6762
[ LCMDATA ] -56.8006 -56.8006 -56.8006 -56.8006 -56.8006 -56.8006 -56.8006
[ LCMDATA ] -56.911 -56.911 -56.911 -56.911 -56.911 -56.911 -56.911
[ LCMDATA ] -57.0354 -57.0354 -57.0354 -57.0354 -57.0354 -57.0354 -57.0354
[ LCMDATA ] -57.1283 -57.1283 -57.1283 -57.1283 -57.1283 -57.1283 -57.1283
[ LCMDATA ] -57.1888 -57.1888 -57.1888 -57.1888 -57.1888 -57.1888 -57.1888
[ LCMDATA ] -57.2352 -57.2352 -57.2352 -57.2352 -57.2352 -57.2352 -57.2352
[ LCMDATA ] -57.2675 -57.2675 -57.2675 -57.2675 -57.2675 -57.2675 -57.2675
[ LCMDATA ] -57.2889 -57.2889 -57.2889 -57.2889 -57.2889 -57.2889 -57.2889
[ LCMDATA ] -57.2874 -57.2874 -57.2874 -57.2874 -57.2874 -57.2874 -57.2874
[ LCMDATA ] -57.2717 -57.2717 -57.2717 -57.2717 -57.2717 -57.2717 -57.2717
[ LCMDATA ] -57.2267 -57.2267 -57.2267 -57.2267 -57.2267 -57.2267 -57.2267
[ LCMDATA ] -57.1774 -57.1774 -57.1774 -57.1774 -57.1774 -57.1774 -57.1774
[ LCMDATA ] -57.1079 -57.1079 -57.1079 -57.1079 -57.1079 -57.1079 -57.1079
[ LCMDATA ] -57.0291 -57.0291 -57.0291 -57.0291 -57.0291 -57.0291 -57.0291
[ LCMDATA ] -56.9271 -56.9271 -56.9271 -56.9271 -56.9271 -56.9271 -56.9271
[ LCMDATA ] -56.7931 -56.7931 -56.7931 -56.7931 -56.7931 -56.7931 -56.7931
[ LCMDATA ] -56.6678 -56.6678 -56.6678 -56.6678 -56.6678 -56.6678 -56.6678
[ LCMDATA ] -56.5285 -56.5285 -56.5285 -56.5285 -56.5285 -56.5285 -56.5285
[ LCMDATA ] -56.3753 -56.3753 -56.3753 -56.3753 -56.3753 -56.3753 -56.3753
[ LCMDATA ] -56.1756 -56.1756 -56.1756 -56.1756 -56.1756 -56.1756 -56.1756
[ LCMDATA ] -55.9498 -55.9498 -55.9498 -55.9498 -55.9498 -55.9498 -55.9498
[ LCMDATA ] -55.7493 -55.7493 -55.7493 -55.7493 -55.7493 -55.7493 -55.7493
[ LCMDATA ] -55.5223 -55.5223 -55.5223 -55.5223 -55.5223 -55.5223 -55.5223
[ LCMDATA ] -55.2937 -55.2937 -55.2937 -55.2937 -55.2937 -55.2937 -55.2937
[ LCMDATA ] -55.0514 -55.0514 -55.0514 -55.0514 -55.0514 -55.0514 -55.0514
[ LCMDATA ] -54.7955 -54.7955 -54.7955 -54.7955 -54.7955 -54.7955 -54.7955
[ LCMDATA ] -54.5261 -54.5261 -54.5261 -54.5261 -54.5261 -54.5261 -54.5261
[ LCMDATA ] -54.2314 -54.2314 -54.2314 -54.2314 -54.2314 -54.2314 -54.2314
[ LCMDATA ] -53.9347 -53.9347 -53.9347 -53.9347 -53.9347 -53.9347 -53.9347
[ LCMDATA ] -53.5194 -53.5194 -53.5194 -53.5194 -53.5194 -53.5194 -53.5194
[ LCMDATA ] -53.1676 -53.1676 -53.1676 -53.1676 -53.1676 -53.1676 -53.1676
[ LCMDATA ] -52.8017 -52.8017 -52.8017 -52.8017 -52.8017 -52.8017 -52.8017
[ LCMDATA ] -52.4461 -52.4461 -52.4461 -52.4461 -52.4461 -52.4461 -52.4461
[ LCMDATA ] -51.9575 -51.9575 -51.9575 -51.9575 -51.9575 -51.9575 -51.9575
[ LCMDATA ] -51.5719 -51.5719 -51.5719 -51.5719 -51.5719 -51.5719 -51.5719
[ LCMDATA ] -51.1725 -51.1725 -51.1725 -51.1725 -51.1725 -51.1725 -51.1725
[ LCMDATA ] -50.7616 -50.7616 -50.7616 -50.7616 -50.7616 -50.7616 -50.7616
[ LCMDATA ] -50.3303 -50.3303 -50.3303 -50.3303 -50.3303 -50.3303 -50.3303
[ LCMDATA ] -49.7973 -49.7973 -49.7973 -49.7973 -49.7973 -49.7973 -49.7973
[ LCMDATA ] -49.337 -49.337 -49.337 -49.337 -49.337 -49.337 -49.337
[ LCMDATA ] -48.8735 -48.8735 -48.8735 -48.8735 -48.8735 -48.8735 -48.8735
[ LCMDATA ] -48.398 -48.398 -48.398 -48.398 -48.398 -48.398 -48.398
[ LCMDATA ] -47.9105 -47.9105 -47.9105 -47.9105 -47.9105 -47.9105 -47.9105
[ LCMDATA ] -47.4062 -47.4062 -47.4062 -47.4062 -47.4062 -47.4062 -47.4062
[ LCMDATA ] -46.895 -46.895 -46.895 -46.895 -46.895 -46.895 -46.895
[ LCMDATA ] -46.3723 -46.3723 -46.3723 -46.3723 -46.3723 -46.3723 -46.3723
[ LCMDATA ] -45.8371 -45.8371 -45.8371 -45.8371 -45.8371 -45.8371 -45.8371
[ LCMDATA ] -45.2855 -45.2855 -45.2855 -45.2855 -45.2855 -45.2855 -45.2855
[ LCMDATA ] -44.7287 -44.7287 -44.7287 -44.7287 -44.7287 -44.7287 -44.7287
[ LCMDATA ] -44.1609 -44.1609 -44.1609 -44.1609 -44.1609 -44.1609 -44.1609
[ LCMDATA ] -43.5822 -43.5822 -43.5822 -43.5822 -43.5822 -43.5822 -43.5822
[ LCMDATA ] -42.8496 -42.8496 -42.8496 -42.8496 -42.8496 -42.8496 -42.8496
[ LCMDATA ] -42.2423 -42.2423 -42.2423 -42.2423 -42.2423 -42.2423 -42.2423
[ LCMDATA ] -41.6292 -41.6292 -41.6292 -41.6292 -41.6292 -41.6292 -41.6292
[ LCMDATA ] -41.0058 -41.0058 -41.0058 -41.0058 -41.0058 -41.0058 -41.0058
[ LCMDATA ] -40.1234 -40.1234 -40.1234 -40.1234 -40.1234 -40.1234 -40.1234
[ LCMDATA ] -39.4761 -39.4761 -39.4761 -39.4761 -39.4761 -39.4761 -39.4761
[ LCMDATA ] -38.6611 -38.6611 -38.6611 -38.6611 -38.6611 -38.6611 -38.6611
[ LCMDATA ] -37.9922 -37.9922 -37.9922 -37.9922 -37.9922 -37.9922 -37.9922
[ LCMDATA ] -37.2011 -37.2011 -37.2011 -37.2011 -37.2011 -37.2011 -37.2011
[ LCMDATA ] -36.5121 -36.5121 -36.5121 -36.5121 -36.5121 -36.5121 -36.5121
[ LCMDATA ] -35.8142 -35.8142 -35.8142 -35.8142 -35.8142 -35.8142 -35.8142
[ LCMDATA ] -34.8424 -34.8424 -34.8424 -34.8424 -34.8424 -34.8424 -34.8424
[ LCMDATA ] -33.9594 -33.9594 -33.9594 -33.9594 -33.9594 -33.9594 -33.9594
[ LCMDATA ] -33.2228 -33.2228 -33.2228 -33.2228 -33.2228 -33.2228 -33.2228
[ LCMDATA ] -32.1946 -32.1946 -32.1946 -32.1946 -32.1946 -32.1946 -32.1946
[ LCMDATA ] -31.4463 -31.4463 -31.4463 -31.4463 -31.4463 -31.4463 -31.4463
[ LCMDATA ] -30.6902 -30.6902 -30.6902 -30.6902 -30.6902 -30.6902 -30.6902
[ LCMDATA ] -29.9091 -29.9091 -29.9091 -29.9091 -29.9091 -29.9091 -29.9091
[ LCMDATA ] -29.1148 -29.1148 -29.1148 -29.1148 -29.1148 -29.1148 -29.1148
[ LCMDATA ] -28.2283 -28.2283 -28.2283 -28.2283 -28.2283 -28.2283 -28.2283
[ LCMDATA ] -27.3923 -27.3923 -27.3923 -27.3923 -27.3923 -27.3923 -27.3923
[ LCMDATA ] -26.5986 -26.5986 -26.5986 -26.5986 -26.5986 -26.5986 -26.5986
[ LCMDATA ] -25.7733 -25.7733 -25.7733 -25.7733 -25.7733 -25.7733 -25.7733
[ LCMDATA ] -24.9665 -24.9665 -24.9665 -24.9665 -24.9665 -24.9665 -24.9665
[ LCMDATA ] -24.1535 -24.1535 -24.1535 -24.1535 -24.1535 -24.1535 -24.1535
[ LCMDATA ] -23.3345 -23.3345 -23.3345 -23.3345 -23.3345 -23.3345 -23.3345
[ LCMDATA ] -22.4268 -22.4268 -22.4268 -22.4268 -22.4268 -22.4268 -22.4268
[ LCMDATA ] -21.5403 -21.5403 -21.5403 -21.5403 -21.5403 -21.5403 -21.5403
[ LCMDATA ] -20.7038 -20.7038 -20.7038 -20.7038 -20.7038 -20.7038 -20.7038
[ LCMDATA ] -19.5895 -19.5895 -19.5895 -19.5895 -19.5895 -19.5895 -19.5895
[ LCMDATA ] -18.5531 -18.5531 -18.5531 -18.5531 -18.5531 -18.5531 -18.5531
[ LCMDATA ] -17.5562 -17.5562 -17.5562 -17.5562 -17.5562 -17.5562 -17.5562
[ LCMDATA ] -16.6975 -16.6975 -16.6975 -16.6975 -16.6975 -16.6975 -16.6975
[ LCMDATA ] -15.6901 -15.6901 -15.6901 -15.6901 -15.6901 -15.6901 -15.6901
[ LCMDATA ] -14.6297 -14.6297 -14.6297 -14.6297 -14.6297 -14.6297 -14.6297
[ LCMDATA ] -13.3761 -13.3761 -13.3761 -13.3761 -13.3761 -13.3761 -13.3761
[ LCMDATA ] -12.4756 -12.4756 -12.4756 -12.4756 -12.4756 -12.4756 -12.4756
[ LCMDATA ] -11.2562 -11.2562 -11.2562 -11.2562 -11.2562 -11.2562 -11.2562
[ LCMDATA ] -10.3664 -10.3664 -10.3664 -10.3664 -10.3664 -10.3664 -10.3664
[ LCMDATA ] -9.28374 -9.28374 -9.28374 -9.28374 -9.28374 -9.28374 -9.28374
[ LCMDATA ] -8.3946 -8.3946 -8.3946 -8.3946 -8.3946 -8.3946 -8.3946
[ LCMDATA ] -7.50341 -7.50341 -7.50341 -7.50341 -7.50341 -7.50341 -7.50341
[ LCMDATA ] -6.61035 -6.61035 -6.61035 -6.61035 -6.61035 -6.61035 -6.61035
[ LCMDATA ] -5.38851 -5.38851 -5.38851 -5.38851 -5.38851 -5.38851 -5.38851
[ LCMDATA ] -4.48219 -4.48219 -4.48219 -4.48219 -4.48219 -4.48219 -4.48219
[ LCMDATA ] -3.58451 -3.58451 -3.58451 -3.58451 -3.58451 -3.58451 -3.58451
[ LCMDATA ] -2.68321 -2.68321 -2.68321 -2.68321 -2.68321 -2.68321 -2.68321
[ LCMDATA ] -1.78399 -1.78399 -1.78399 -1.78399 -1.78399 -1.78399 -1.78399
[ LCMDATA ] -0.884327 -0.884327 -0.884327 -0.884327 -0.884327 -0.884327 -0.884327
[ LCMDATA ] 0.0155553 0.0155553 0.0155553 0.0155553 0.0155553 0.0155553 0.0155553
[ LCMDATA ] 0.915439 0.915439 0.915439 0.915439 0.915439 0.915439 0.915439
[ LCMDATA ] 1.93033 1.93033 1.93033 1.93033 1.93033 1.93033 1.93033
[ LCMDATA ] 2.82947 2.82947 2.82947 2.82947 2.82947 2.82947 2.82947
[ LCMDATA ] 3.80379 3.80379 3.80379 3.80379 3.80379 3.80379 3.80379
[ LCMDATA ] 4.7092 4.7092 4.7092 4.7092 4.7092 4.7092 4.7092
[ LCMDATA ] 5.60545 5.60545 5.60545 5.60545 5.60545 5.60545 5.60545
[ LCMDATA ] 6.50032 6.50032 6.50032 6.50032 6.50032 6.50032 6.50032
[ LCMDATA ] 7.67908 7.67908 7.67908 7.67908 7.67908 7.67908 7.67908
[ LCMDATA ] 8.56989 8.56989 8.56989 8.56989 8.56989 8.56989 8.56989
[ LCMDATA ] 9.64932 9.64932 9.64932 9.64932 9.64932 9.64932 9.64932
[ LCMDATA ] 10.7332 10.7332 10.7332 10.7332 10.7332 10.7332 10.7332
[ LCMDATA ] 11.8091 11.8091 11.8091 11.8091 11.8091 11.8091 11.8091
[ LCMDATA ] 12.6882 12.6882 12.6882 12.6882 12.6882 12.6882 12.6882
[ LCMDATA ] 13.5641 13.5641 13.5641 13.5641 13.5641 13.5641 13.5641
[ LCMDATA ] 14.4367 14.4367 14.4367 14.4367 14.4367 14.4367 14.4367
[ LCMDATA ] 15.3068 15.3068 15.3068 15.3068 15.3068 15.3068 15.3068
[ LCMDATA ] 16.1721 16.1721 16.1721 16.1721 16.1721 16.1721 16.1721
[ LCMDATA ] 17.0334 17.0334 17.0334 17.0334 17.0334 17.0334 17.0334
[ LCMDATA ] 17.8905 17.8905 17.8905 17.8905 17.8905 17.8905 17.8905
[ LCMDATA ] 18.7432 18.7432 18.7432 18.7432 18.7432 18.7432 18.7432
[ LCMDATA ] 19.5912 19.5912 19.5912 19.5912 19.5912 19.5912 19.5912
[ LCMDATA ] 20.4344 20.4344 20.4344 20.4344 20.4344 20.4344 20.4344
[ LCMDATA ] 21.2726 21.2726 21.2726 21.2726 21.2726 21.2726 21.2726
[ LCMDATA ] 22.4269 22.4269 22.4269 22.4269 22.4269 22.4269 22.4269
[ LCMDATA ] 23.3388 23.3388 23.3388 23.3388 23.3388 23.3388 23.3388
[ LCMDATA ] 24.3348 24.3348 24.3348 24.3348 24.3348 24.3348 24.3348
[ LCMDATA ] 25.324 25.324 25.324 25.324 25.324 25.324 25.324
[ LCMDATA ] 26.1281 26.1281 26.1281 26.1281 26.1281 26.1281 26.1281
[ LCMDATA ] 26.9961 26.9961 26.9961 26.9961 26.9961 26.9961 26.9961
[ LCMDATA ] 27.9574 27.9574 27.9574 27.9574 27.9574 27.9574 27.9574
[ LCMDATA ] 28.911 28.911 28.911 28.911 28.911 28.911 28.911
[ LCMDATA ] 29.6843 29.6843 29.6843 29.6843 29.6843 29.6843 29.6843
[ LCMDATA ] 30.4503 30.4503 30.4503 30.4503 30.4503 30.4503 30.4503
[ LCMDATA ] 31.2088 31.2088 31.2088 31.2088 31.2088 31.2088 31.2088
[ LCMDATA ] 31.9596 31.9596 31.9596 31.9596 31.9596 31.9596 31.9596
[ LCMDATA ] 32.7025 32.7025 32.7025 32.7025 32.7025 32.7025 32.7025
[ LCMDATA ] 33.4373 33.4373 33.4373 33.4373 33.4373 33.4373 33.4373
[ LCMDATA ] 34.1639 34.1639 34.1639 34.1639 34.1639 34.1639 34.1639
[ LCMDATA ] 34.8821 34.8821 34.8821 34.8821 34.8821 34.8821 34.8821
[ LCMDATA ] 35.5916 35.5916 35.5916 35.5916 35.5916 35.5916 35.5916
[ LCMDATA ] 36.2924 36.2924 36.2924 36.2924 36.2924 36.2924 36.2924
[ LCMDATA ] 36.9848 36.9848 36.9848 36.9848 36.9848 36.9848 36.9848
[ LCMDATA ] 37.6674 37.6674 37.6674 37.6674 37.6674 37.6674 37.6674
[ LCMDATA ] 38.3408 38.3408 38.3408 38.3408 38.3408 38.3408 38.3408
[ LCMDATA ] 39.0047 39.0047 39.0047 39.0047 39.0047 39.0047 39.0047
[ LCMDATA ] 39.659 39.659 39.659 39.659 39.659 39.659 39.659
[ LCMDATA ] 40.3036 40.3036 40.3036 40.3036 40.3036 40.3036 40.3036
[ LCMDATA ] 40.9381 40.9381 40.9381 40.9381 40.9381 40.9381 40.9381
[ LCMDATA ] 41.5626 41.5626 41.5626 41.5626 41.5626 41.5626 41.5626
[ LCMDATA ] 42.1768 42.1768 42.1768 42.1768 42.1768 42.1768 42.1768
[ LCMDATA ] 42.7806 42.7806 42.7806 42.7806 42.7806 42.7806 42.7806
[ LCMDATA ] 43.5055 43.5055 43.5055 43.5055 43.5055 43.5055 43.5055
[ LCMDATA ] 44.2098 44.2098 44.2098 44.2098 44.2098 44.2098 44.2098
[ LCMDATA ] 44.8842 44.8842 44.8842 44.8842 44.8842 44.8842 44.8842
[ LCMDATA ] 45.5583 45.5583 45.5583 45.5583 45.5583 45.5583 45.5583
[ LCMDATA ] 46.2188 46.2188 46.2188 46.2188 46.2188 46.2188 46.2188
[ LCMDATA ] 46.7448 46.7448 46.7448 46.7448 46.7448 46.7448 46.7448
[ LCMDATA ] 47.3124 47.3124 47.3124 47.3124 47.3124 47.3124 47.3124
[ LCMDATA ] 47.9674 47.9674 47.9674 47.9674 47.9674 47.9674 47.9674
[ LCMDATA ] 48.4535 48.4535 48.4535 48.4535 48.4535 48.4535 48.4535
[ LCMDATA ] 49.0081 49.0081 49.0081 49.0081 49.0081 49.0081 49.0081
[ LCMDATA ] 49.5689 49.5689 49.5689 49.5689 49.5689 49.5689 49.5689
[ LCMDATA ] 50.0139 50.0139 50.0139 50.0139 50.0139 50.0139 50.0139
[ LCMDATA ] 50.5042 50.5042 50.5042 50.5042 50.5042 50.5042 50.5042
[ LCMDATA ] 50.9227 50.9227 50.9227 50.9227 50.9227 50.9227 50.9227
[ LCMDATA ] 51.3516 51.3516 51.3516 51.3516 51.3516 51.3516 51.3516
[ LCMDATA ] 51.8288 51.8288 51.8288 51.8288 51.8288 51.8288 51.8288
[ LCMDATA ] 52.2935 52.2935 52.2935 52.2935 52.2935 52.2935 52.2935
[ LCMDATA ] 52.6546 52.6546 52.6546 52.6546 52.6546 52.6546 52.6546
[ LCMDATA ] 53.0027 53.0027 53.0027 53.0027 53.0027 53.0027 53.0027
[ LCMDATA ] 53.3377 53.3377 53.3377 53.3377 53.3377 53.3377 53.3377
[ LCMDATA ] 53.6596 53.6596 53.6596 53.6596 53.6596 53.6596 53.6596
[ LCMDATA ] 53.9682 53.9682 53.9682 53.9682 53.9682 53.9682 53.9682
[ LCMDATA ] 54.3758 54.3758 54.3758 54.3758 54.3758 54.3758 54.3758
[ LCMDATA ] 54.656 54.656 54.656 54.656 54.656 54.656 54.656
[ LCMDATA ] 54.919 54.919 54.919 54.919 54.919 54.919 54.919
[ LCMDATA ] 55.1684 55.1684 55.1684 55.1684 55.1684 55.1684 55.1684
[ LCMDATA ] 55.4074 55.4074 55.4074 55.4074 55.4074 55.4074 55.4074
[ LCMDATA ] 55.6756 55.6756 55.6756 55.6756 55.6756 55.6756 55.6756
[ LCMDATA ] 55.8809 55.8809 55.8809 55.8809 55.8809 55.8809 55.8809
[ LCMDATA ] 56.0977 56.0977 56.0977 56.0977 56.0977 56.0977 56.0977
[ LCMDATA ] 56.3107 56.3107 56.3107 56.3107 56.3107 56.3107 56.3107
[ LCMDATA ] 56.4694 56.4694 56.4694 56.4694 56.4694 56.4694 56.4694
[ LCMDATA ] 56.6679 56.6679 56.6679 56.6679 56.6679 56.6679 56.6679
[ LCMDATA ] 56.7937 56.7937 56.7937 56.7937 56.7937 56.7937 56.7937
[ LCMDATA ] 56.9049 56.9049 56.9049 56.9049 56.9049 56.9049 56.9049
[ LCMDATA ] 57.002 57.002 57.002 57.002 57.002 57.002 57.002
[ LCMDATA ] 57.1148 57.1148 57.1148 57.1148 57.1148 57.1148 57.1148
[ LCMDATA ] 57.1903 57.1903 57.1903 57.1903 57.1903 57.1903 57.1903
[ LCMDATA ] 57.2363 57.2363 57.2363 57.2363 57.2363 57.2363 57.2363
[ LCMDATA ] 57.2746 57.2746 57.2746 57.2746 57.2746 57.2746 57.2746
[ LCMDATA ] 57.2887 57.2887 57.2887 57.2887 57.2887 57.2887 57.2887
[ LCMDATA ] 57.2856 57.2856 57.2856 57.2856 57.2856 57.2856 57.2856
[ LCMDATA ] 57.2674 57.2674 57.2674 57.2674 57.2674 57.2674 57.2674
[ LCMDATA ] 57.2314 57.2314 57.2314 57.2314 57.2314 57.2314 57.2314
[ LCMDATA ] 57.1837 57.1837 57.1837 57.1837 57.1837 57.1837 57.1837
[ LCMDATA ] 57.1121 57.1121 57.1121 57.1121 57.1121 57.1121 57.1121
[ LCMDATA ] 57.0342 57.0342 57.0342 57.0342 57.0342 57.0342 57.0342
[ LCMDATA ] 56.9412 56.9412 56.9412 56.9412 56.9412 56.9412 56.9412
[ LCMDATA ] 56.792 56.792 56.792 56.792 56.792 56.792 56.792
[ LCMDATA ] 56.6638 56.6638 56.6638 56.6638 56.6638 56.6638 56.6638
[ LCMDATA ] 56.5241 56.5241 56.5241 56.5241 56.5241 56.5241 56.5241
[ LCMDATA ] 56.3053 56.3053 56.3053 56.3053 56.3053 56.3053 56.3053
[ LCMDATA ] 56.1322 56.1322 56.1322 56.1322 56.1322 56.1322 56.1322
[ LCMDATA ] 55.8675 55.8675 55.8675 55.8675 55.8675 55.8675 55.8675
[ LCMDATA ] 55.6613 55.6613 55.6613 55.6613 55.6613 55.6613 55.6613
[ LCMDATA ] 55.4414 55.4414 55.4414 55.4414 55.4414 55.4414 55.4414
[ LCMDATA ] 55.2078 55.2078 55.2078 55.2078 55.2078 55.2078 55.2078
[ LCMDATA ] 54.9527 54.9527 54.9527 54.9527 54.9527 54.9527 54.9527
[ LCMDATA ] 54.6915 54.6915 54.6915 54.6915 54.6915 54.6915 54.6915
[ LCMDATA ] 54.4168 54.4168 54.4168 54.4168 54.4168 54.4168 54.4168
[ LCMDATA ] 54.0226 54.0226 54.0226 54.0226 54.0226 54.0226 54.0226
[ LCMDATA ] 53.6951 53.6951 53.6951 53.6951 53.6951 53.6951 53.6951
[ LCMDATA ] 53.3747 53.3747 53.3747 53.3747 53.3747 53.3747 53.3747
[ LCMDATA ] 53.0412 53.0412 53.0412 53.0412 53.0412 53.0412 53.0412
[ LCMDATA ] 52.6946 52.6946 52.6946 52.6946 52.6946 52.6946 52.6946
[ LCMDATA ] 52.3349 52.3349 52.3349 52.3349 52.3349 52.3349 52.3349
[ LCMDATA ] 51.9624 51.9624 51.9624 51.9624 51.9624 51.9624 51.9624
[ LCMDATA ] 51.5762 51.5762 51.5762 51.5762 51.5762 51.5762 51.5762
[ LCMDATA ] 51.1781 51.1781 51.1781 51.1781 51.1781 51.1781 51.1781
[ LCMDATA ] 50.7673 50.7673 50.7673 50.7673 50.7673 50.7673 50.7673
[ LCMDATA ] 50.33 50.33 50.33 50.33 50.33 50.33 50.33
[ LCMDATA ] 49.8939 49.8939 49.8939 49.8939 49.8939 49.8939 49.8939
[ LCMDATA ] 49.4455 49.4455 49.4455 49.4455 49.4455 49.4455 49.4455
[ LCMDATA ] 48.9849 48.9849 48.9849 48.9849 48.9849 48.9849 48.9849
[ LCMDATA ] 48.5122 48.5122 48.5122 48.5122 48.5122 48.5122 48.5122
[ LCMDATA ] 48.0275 48.0275 48.0275 48.0275 48.0275 48.0275 48.0275
[ LCMDATA ] 47.531 47.531 47.531 47.531 47.531 47.531 47.531
[ LCMDATA ] 47.0228 47.0228 47.0228 47.0228 47.0228 47.0228 47.0228
[ LCMDATA ] 46.5029 46.5029 46.5029 46.5029 46.5029 46.5029 46.5029
[ LCMDATA ] 45.9716 45.9716 45.9716 45.9716 45.9716 45.9716 45.9716
[ LCMDATA ] 45.4289 45.4289 45.4289 45.4289 45.4289 45.4289 45.4289
[ LCMDATA ] 44.8751 44.8751 44.8751 44.8751 44.8751 44.8751 44.8751
[ LCMDATA ] 44.3101 44.3101 44.3101 44.3101 44.3101 44.3101 44.3101
[ LCMDATA ] 43.7342 43.7342 43.7342 43.7342 43.7342 43.7342 43.7342
[ LCMDATA ] 43.1476 43.1476 43.1476 43.1476 43.1476 43.1476 43.1476
[ LCMDATA ] 42.5503 42.5503 42.5503 42.5503 42.5503 42.5503 42.5503
[ LCMDATA ] 41.9424 41.9424 41.9424 41.9424 41.9424 41.9424 41.9424
[ LCMDATA ] 41.3243 41.3243 41.3243 41.3243 41.3243 41.3243 41.3243
[ LCMDATA ] 40.6959 40.6959 40.6959 40.6959 40.6959 40.6959 40.6959
[ LCMDATA ] 40.0575 40.0575 40.0575 40.0575 40.0575 40.0575 40.0575
[ LCMDATA ] 39.4092 39.4092 39.4092 39.4092 39.4092 39.4092 39.4092
[ LCMDATA ] 38.7512 38.7512 38.7512 38.7512 38.7512 38.7512 38.7512
[ LCMDATA ] 38.037 38.037 38.037 38.037 38.037 38.037 38.037
[ LCMDATA ] 37.3594 37.3594 37.3594 37.3594 37.3594 37.3594 37.3594
[ LCMDATA ] 36.6725 36.6725 36.6725 36.6725 36.6725 36.6725 36.6725
[ LCMDATA ] 35.9767 35.9767 35.9767 35.9767 35.9767 35.9767 35.9767
[ LCMDATA ] 35.2719 35.2719 35.2719 35.2719 35.2719 35.2719 35.2719
[ LCMDATA ] 34.5585 34.5585 34.5585 34.5585 34.5585 34.5585 34.5585
[ LCMDATA ] 33.8365 33.8365 33.8365 33.8365 33.8365 33.8365 33.8365
[ LCMDATA ] 33.1061 33.1061 33.1061 33.1061 33.1061 33.1061 33.1061
[ LCMDATA ] 32.3676 32.3676 32.3676 32.3676 32.3676 32.3676 32.3676
[ LCMDATA ] 31.6211 31.6211 31.6211 31.6211 31.6211 31.6211 31.6211
[ LCMDATA ] 30.8668 30.8668 30.8668 30.8668 30.8668 30.8668 30.8668
[ LCMDATA ] 30.1049 30.1049 30.1049 30.1049 30.1049 30.1049 30.1049
[ LCMDATA ] 29.3356 29.3356 29.3356 29.3356 29.3356 29.3356 29.3356
[ LCMDATA ] 28.559 28.559 28.559 28.559 28.559 28.559 28.559
[ LCMDATA ] 27.7754 27.7754 27.7754 27.7754 27.7754 27.7754 27.7754
[ LCMDATA ] 26.9849 26.9849 26.9849 26.9849 26.9849 26.9849 26.9849
[ LCMDATA ] 26.1878 26.1878 26.1878 26.1878 26.1878 26.1878 26.1878
[ LCMDATA ] 25.3842 25.3842 25.3842 25.3842 25.3842 25.3842 25.3842
[ LCMDATA ] 24.5743 24.5743 24.5743 24.5743 24.5743 24.5743 24.5743
[ LCMDATA ] 23.7584 23.7584 23.7584 23.7584 23.7584 23.7584 23.7584
[ LCMDATA ] 22.7981 22.7981 22.7981 22.7981 22.7981 22.7981 22.7981
[ LCMDATA ] 21.9562 21.9562 21.9562 21.9562 21.9562 21.9562 21.9562
[ LCMDATA ] 21.1223 21.1223 21.1223 21.1223 21.1223 21.1223 21.1223
[ LCMDATA ] 20.2832 20.2832 20.2832 20.2832 20.2832 20.2832 20.2832
[ LCMDATA ] 19.4391 19.4391 19.4391 19.4391 19.4391 19.4391 19.4391
[ LCMDATA ] 18.5902 18.5902 18.5902 18.5902 18.5902 18.5902 18.5902
[ LCMDATA ] 17.7367 17.7367 17.7367 17.7367 17.7367 17.7367 17.7367
[ LCMDATA ] 16.8789 16.8789 16.8789 16.8789 16.8789 16.8789 16.8789
[ LCMDATA ] 16.0168 16.0168 16.0168 16.0168 16.0168 16.0168 16.0168
[ LCMDATA ] 15.1509 15.1509 15.1509 15.1509 15.1509 15.1509 15.1509
[ LCMDATA ] 14.115 14.115 14.115 14.115 14.115 14.115 14.115
[ LCMDATA ] 13.0461 13.0461 13.0461 13.0461 13.0461 13.0461 13.0461
[ LCMDATA ] 11.9721 11.9721 11.9721 11.9721 11.9721 11.9721 11.9721
[ LCMDATA ] 11.0555 11.0555 11.0555 11.0555 11.0555 11.0555 11.0555
[ LCMDATA ] 10.1712 10.1712 10.1712 10.1712 10.1712 10.1712 10.1712
[ LCMDATA ] 9.22666 9.22666 9.22666 9.22666 9.22666 9.22666 9.22666
[ LCMDATA ] 8.199 8.199 8.199 8.199 8.199 8.199 8.199
[ LCMDATA ] 7.10801 7.10801 7.10801 7.10801 7.10801 7.10801 7.10801
[ LCMDATA ] 6.21421 6.21421 6.21421 6.21421 6.21421 6.21421 6.21421
[ LCMDATA ] 5.20385 5.20385 5.20385 5.20385 5.20385 5.20385 5.20385
[ LCMDATA ] 3.94201 3.94201 3.94201 3.94201 3.94201 3.94201 3.94201
[ LCMDATA ] 3.04378 3.04378 3.04378 3.04378 3.04378 3.04378 3.04378
[ LCMDATA ] 2.1448 2.1448 2.1448 2.1448 2.1448 2.1448 2.1448
[ LCMDATA ] 1.24528 1.24528 1.24528 1.24528 1.24528 1.24528 1.24528
[ LCMDATA ] 0.345456 0.345456 0.345456 0.345456 0.345456 0.345456 0.345456
[ LCMDATA ] -0.626004 -0.626004 -0.626004 -0.626004 -0.626004 -0.626004 -0.626004
[ LCMDATA ] -1.52575 -1.52575 -1.52575 -1.52575 -1.52575 -1.52575 -1.52575
[ LCMDATA ] -2.42513 -2.42513 -2.42513 -2.42513 -2.42513 -2.42513 -2.42513
[ LCMDATA ] -3.3239 -3.3239 -3.3239 -3.3239 -3.3239 -3.3239 -3.3239
[ LCMDATA ] -4.22186 -4.22186 -4.22186 -4.22186 -4.22186 -4.22186 -4.22186
[ LCMDATA ] -5.11878 -5.11878 -5.11878 -5.11878 -5.11878 -5.11878 -5.11878
[ LCMDATA ] -6.19876 -6.19876 -6.19876 -6.19876 -6.19876 -6.19876 -6.19876
[ LCMDATA ] -7.09259 -7.09259 -7.09259 -7.09259 -7.09259 -7.09259 -7.09259
[ LCMDATA ] -8.00575 -8.00575 -8.00575 -8.00575 -8.00575 -8.00575 -8.00575
[ LCMDATA ] -8.89581 -8.89581 -8.89581 -8.89581 -8.89581 -8.89581 -8.89581
[ LCMDATA ] -9.84888 -9.84888 -9.84888 -9.84888 -9.84888 -9.84888 -9.84888
[ LCMDATA ] -11.0328 -11.0328 -11.0328 -11.0328 -11.0328 -11.0328 -11.0328
[ LCMDATA ] -11.9145 -11.9145 -11.9145 -11.9145 -11.9145 -11.9145 -11.9145
[ LCMDATA ] -12.7932 -12.7932 -12.7932 -12.7932 -12.7932 -12.7932 -12.7932
[ LCMDATA ] -13.6688 -13.6688 -13.6688 -13.6688 -13.6688 -13.6688 -13.6688
[ LCMDATA ] -14.782 -14.782 -14.782 -14.782 -14.782 -14.782 -14.782
[ LCMDATA ] -15.65 -15.65 -15.65 -15.65 -15.65 -15.65 -15.65
[ LCMDATA ] -16.5137 -16.5137 -16.5137 -16.5137 -16.5137 -16.5137 -16.5137
[ LCMDATA ] -17.3733 -17.3733 -17.3733 -17.3733 -17.3733 -17.3733 -17.3733
[ LCMDATA ] -18.2287 -18.2287 -18.2287 -18.2287 -18.2287 -18.2287 -18.2287
[ LCMDATA ] -19.4188 -19.4188 -19.4188 -19.4188 -19.4188 -19.4188 -19.4188
[ LCMDATA ] -20.263 -20.263 -20.263 -20.263 -20.263 -20.263 -20.263
[ LCMDATA ] -21.1022 -21.1022 -21.1022 -21.1022 -21.1022 -21.1022 -21.1022
[ LCMDATA ] -21.9362 -21.9362 -21.9362 -21.9362 -21.9362 -21.9362 -21.9362
[ LCMDATA ] -23.0964 -23.0964 -23.0964 -23.0964 -23.0964 -23.0964 -23.0964
[ LCMDATA ] -23.917 -23.917 -23.917 -23.917 -23.917 -23.917 -23.917
[ LCMDATA ] -24.7318 -24.7318 -24.7318 -24.7318 -24.7318 -24.7318 -24.7318
[ LCMDATA ] -25.5404 -25.5404 -25.5404 -25.5404 -25.5404 -25.5404 -25.5404
[ LCMDATA ] -26.3428 -26.3428 -26.3428 -26.3428 -26.3428 -26.3428 -26.3428
[ LCMDATA ] -27.1387 -27.1387 -27.1387 -27.1387 -27.1387 -27.1387 -27.1387
[ LCMDATA ] -27.9278 -27.9278 -27.9278 -27.9278 -27.9278 -27.9278 -27.9278
[ LCMDATA ] -28.7462 -28.7462 -28.7462 -28.7462 -28.7462 -28.7462 -28.7462
[ LCMDATA ] -29.5424 -29.5424 -29.5424 -29.5424 -29.5424 -29.5424 -29.5424
[ LCMDATA ] -30.345 -30.345 -30.345 -30.345 -30.345 -30.345 -30.345
[ LCMDATA ] -31.1151 -31.1151 -31.1151 -31.1151 -31.1151 -31.1151 -31.1151
[ LCMDATA ] -31.8669 -31.8669 -31.8669 -31.8669 -31.8669 -31.8669 -31.8669
[ LCMDATA ] -32.6622 -32.6622 -32.6622 -32.6622 -32.6622 -32.6622 -32.6622
[ LCMDATA ] -33.4148 -33.4148 -33.4148 -33.4148 -33.4148 -33.4148 -33.4148
[ LCMDATA ] -34.1416 -34.1416 -34.1416 -34.1416 -34.1416 -34.1416 -34.1416
[ LCMDATA ] -34.86 -34.86 -34.86 -34.86 -34.86 -34.86 -34.86
[ LCMDATA ] -35.5698 -35.5698 -35.5698 -35.5698 -35.5698 -35.5698 -35.5698
[ LCMDATA ] -36.2709 -36.2709 -36.2709 -36.2709 -36.2709 -36.2709 -36.2709
[ LCMDATA ] -36.963 -36.963 -36.963 -36.963 -36.963 -36.963 -36.963
[ LCMDATA ] -37.6459 -37.6459 -37.6459 -37.6459 -37.6459 -37.6459 -37.6459
[ LCMDATA ] -38.3196 -38.3196 -38.3196 -38.3196 -38.3196 -38.3196 -38.3196
[ LCMDATA ] -38.9838 -38.9838 -38.9838 -38.9838 -38.9838 -38.9838 -38.9838
[ LCMDATA ] -39.6384 -39.6384 -39.6384 -39.6384 -39.6384 -39.6384 -39.6384
[ LCMDATA ] -40.2833 -40.2833 -40.2833 -40.2833 -40.2833 -40.2833 -40.2833
[ LCMDATA ] -40.9181 -40.9181 -40.9181 -40.9181 -40.9181 -40.9181 -40.9181
[ LCMDATA ] -41.5429 -41.5429 -41.5429 -41.5429 -41.5429 -41.5429 -41.5429
[ LCMDATA ] -42.1726 -42.1726 -42.1726 -42.1726 -42.1726 -42.1726 -42.1726
[ LCMDATA ] -42.7765 -42.7765 -42.7765 -42.7765 -42.7765 -42.7765 -42.7765
[ LCMDATA ] -43.392 -43.392 -43.392 -43.392 -43.392 -43.392 -43.392
[ LCMDATA ] -43.9914 -43.9914 -43.9914 -43.9914 -43.9914 -43.9914 -43.9914
[ LCMDATA ] -44.5801 -44.5801 -44.5801 -44.5801 -44.5801 -44.5801 -44.5801
[ LCMDATA ] -45.1507 -45.1507 -45.1507 -45.1507 -45.1507 -45.1507 -45.1507
[ LCMDATA ] -45.6991 -45.6991 -45.6991 -45.6991 -45.6991 -45.6991 -45.6991
[ LCMDATA ] -46.2361 -46.2361 -46.2361 -46.2361 -46.2361 -46.2361 -46.2361
[ LCMDATA ] -46.7618 -46.7618 -46.7618 -46.7618 -46.7618 -46.7618 -46.7618
[ LCMDATA ] -47.4343 -47.4343 -47.4343 -47.4343 -47.4343 -47.4343 -47.4343
[ LCMDATA ] -47.9331 -47.9331 -47.9331 -47.9331 -47.9331 -47.9331 -47.9331
[ LCMDATA ] -48.42 -48.42 -48.42 -48.42 -48.42 -48.42 -48.42
[ LCMDATA ] -48.895 -48.895 -48.895 -48.895 -48.895 -48.895 -48.895
[ LCMDATA ] -49.3812 -49.3812 -49.3812 -49.3812 -49.3812 -49.3812 -49.3812
[ LCMDATA ] -49.9294 -49.9294 -49.9294 -49.9294 -49.9294 -49.9294 -49.9294
[ LCMDATA ] -50.3645 -50.3645 -50.3645 -50.3645 -50.3645 -50.3645 -50.3645
[ LCMDATA ] -50.8533 -50.8533 -50.8533 -50.8533 -50.8533 -50.8533 -50.8533
[ LCMDATA ] -51.3501 -51.3501 -51.3501 -51.3501 -51.3501 -51.3501 -51.3501
[ LCMDATA ] -51.8287 -51.8287 -51.8287 -51.8287 -51.8287 -51.8287 -51.8287
[ LCMDATA ] -52.2879 -52.2879 -52.2879 -52.2879 -52.2879 -52.2879 -52.2879
[ LCMDATA ] -52.7602 -52.7602 -52.7602 -52.7602 -52.7602 -52.7602 -52.7602
[ LCMDATA ] -53.1044 -53.1044 -53.1044 -53.1044 -53.1044 -53.1044 -53.1044
[ LCMDATA ] -53.4355 -53.4355 -53.4355 -53.4355 -53.4355 -53.4355 -53.4355
[ LCMDATA ] -53.7534 -53.7534 -53.7534 -53.7534 -53.7534 -53.7534 -53.7534
[ LCMDATA ] -54.058 -54.058 -54.058 -54.058 -54.058 -54.058 -54.058
[ LCMDATA ] -54.3493 -54.3493 -54.3493 -54.3493 -54.3493 -54.3493 -54.3493
[ LCMDATA ] -54.6272 -54.6272 -54.6272 -54.6272 -54.6272 -54.6272 -54.6272
[ LCMDATA ] -54.8916 -54.8916 -54.8916 -54.8916 -54.8916 -54.8916 -54.8916
[ LCMDATA ] -55.1425 -55.1425 -55.1425 -55.1425 -55.1425 -55.1425 -55.1425
[ LCMDATA ] -55.3798 -55.3798 -55.3798 -55.3798 -55.3798 -55.3798 -55.3798
[ LCMDATA ] -55.6034 -55.6034 -55.6034 -55.6034 -55.6034 -55.6034 -55.6034
[ LCMDATA ] -55.8133 -55.8133 -55.8133 -55.8133 -55.8133 -55.8133 -55.8133
[ LCMDATA ] -56.0094 -56.0094 -56.0094 -56.0094 -56.0094 -56.0094 -56.0094
[ LCMDATA ] -56.1917 -56.1917 -56.1917 -56.1917 -56.1917 -56.1917 -56.1917
[ LCMDATA ] -56.3601 -56.3601 -56.3601 -56.3601 -56.3601 -56.3601 -56.3601
[ LCMDATA ] -56.5524 -56.5524 -56.5524 -56.5524 -56.5524 -56.5524 -56.5524
[ LCMDATA ] -56.718 -56.718 -56.718 -56.718 -56.718 -56.718 -56.718
[ LCMDATA ] -56.8379 -56.8379 -56.8379 -56.8379 -56.8379 -56.8379 -56.8379
[ LCMDATA ] -56.9501 -56.9501 -56.9501 -56.9501 -56.9501 -56.9501 -56.9501
[ LCMDATA ] -57.041 -57.041 -57.041 -57.041 -57.041 -57.041 -57.041
[ LCMDATA ] -57.1262 -57.1262 -57.1262 -57.1262 -57.1262 -57.1262 -57.1262
[ LCMDATA ] -57.1988 -57.1988 -57.1988 -57.1988 -57.1988 -57.1988 -57.1988
[ LCMDATA ] -57.2429 -57.2429 -57.2429 -57.2429 -57.2429 -57.2429 -57.2429
[ LCMDATA ] -57.2723 -57.2723 -57.2723 -57.2723 -57.2723 -57.2723 -57.2723
[ LCMDATA ] -57.2876 -57.2876 -57.2876 -57.2876 -57.2876 -57.2876 -57.2876
[ LCMDATA ] -57.2888 -57.2888 -57.2888 -57.2888 -57.2888 -57.2888 -57.2888
[ LCMDATA ] -57.2666 -57.2666 -57.2666 -57.2666 -57.2666 -57.2666 -57.2666
[ LCMDATA ] -57.2298 -57.2298 -57.2298 -57.2298 -57.2298 -57.2298 -57.2298
[ LCMDATA ] -57.1815 -57.1815 -57.1815 -57.1815 -57.1815 -57.1815 -57.1815
[ LCMDATA ] -57.1191 -57.1191 -57.1191 -57.1191 -57.1191 -57.1191 -57.1191
[ LCMDATA ] -57.0427 -57.0427 -57.0427 -57.0427 -57.0427 -57.0427 -57.0427
[ LCMDATA ] -56.9521 -56.9521 -56.9521 -56.9521 -56.9521 -56.9521 -56.9521
[ LCMDATA ] -56.8475 -56.8475 -56.8475 -56.8475 -56.8475 -56.8475 -56.8475
[ LCMDATA ] -56.7288 -56.7288 -56.7288 -56.7288 -56.7288 -56.7288 -56.7288
[ LCMDATA ] -56.5962 -56.5962 -56.5962 -56.5962 -56.5962 -56.5962 -56.5962
[ LCMDATA ] -56.4496 -56.4496 -56.4496 -56.4496 -56.4496 -56.4496 -56.4496
[ LCMDATA ] -56.289 -56.289 -56.289 -56.289 -56.289 -56.289 -56.289
[ LCMDATA ] -56.1146 -56.1146 -56.1146 -56.1146 -56.1146 -56.1146 -56.1146
[ LCMDATA ] -55.9263 -55.9263 -55.9263 -55.9263 -55.9263 -55.9263 -55.9263
[ LCMDATA ] -55.7243 -55.7243 -55.7243 -55.7243 -55.7243 -55.7243 -55.7243
[ LCMDATA ] -55.5084 -55.5084 -55.5084 -55.5084 -55.5084 -55.5084 -55.5084
[ LCMDATA ] -55.2789 -55.2789 -55.2789 -55.2789 -55.2789 -55.2789 -55.2789
[ LCMDATA ] -54.974 -54.974 -54.974 -54.974 -54.974 -54.974 -54.974
[ LCMDATA ] -54.6548 -54.6548 -54.6548 -54.6548 -54.6548 -54.6548 -54.6548
[ LCMDATA ] -54.3782 -54.3782 -54.3782 -54.3782 -54.3782 -54.3782 -54.3782
[ LCMDATA ] -54.054 -54.054 -54.054 -54.054 -54.054 -54.054 -54.054
[ LCMDATA ] -53.7492 -53.7492 -53.7492 -53.7492 -53.7492 -53.7492 -53.7492
[ LCMDATA ] -53.412 -53.412 -53.412 -53.412 -53.412 -53.412 -53.412
[ LCMDATA ] -53.0056 -53.0056 -53.0056 -53.0056 -53.0056 -53.0056 -53.0056
[ LCMDATA ] -52.5782 -52.5782 -52.5782 -52.5782 -52.5782 -52.5782 -52.5782
[ LCMDATA ] -52.2143 -52.2143 -52.2143 -52.2143 -52.2143 -52.2143 -52.2143
[ LCMDATA ] -51.8175 -51.8175 -51.8175 -51.8175 -51.8175 -51.8175 -51.8175
[ LCMDATA ] -51.4272 -51.4272 -51.4272 -51.4272 -51.4272 -51.4272 -51.4272
[ LCMDATA ] -51.0243 -51.0243 -51.0243 -51.0243 -51.0243 -51.0243 -51.0243
[ LCMDATA ] -50.6088 -50.6088 -50.6088 -50.6088 -50.6088 -50.6088 -50.6088
[ LCMDATA ] -50.1809 -50.1809 -50.1809 -50.1809 -50.1809 -50.1809 -50.1809
[ LCMDATA ] -49.7405 -49.7405 -49.7405 -49.7405 -49.7405 -49.7405 -49.7405
[ LCMDATA ] -49.2879 -49.2879 -49.2879 -49.2879 -49.2879 -49.2879 -49.2879
[ LCMDATA ] -48.8231 -48.8231 -48.8231 -48.8231 -48.8231 -48.8231 -48.8231
[ LCMDATA ] -48.3455 -48.3455 -48.3455 -48.3455 -48.3455 -48.3455 -48.3455
[ LCMDATA ] -47.8567 -47.8567 -47.8567 -47.8567 -47.8567 -47.8567 -47.8567
[ LCMDATA ] -47.3561 -47.3561 -47.3561 -47.3561 -47.3561 -47.3561 -47.3561
[ LCMDATA ] -46.773 -46.773 -46.773 -46.773 -46.773 -46.773 -46.773
[ LCMDATA ] -46.2476 -46.2476 -46.2476 -46.2476 -46.2476 -46.2476 -46.2476
[ LCMDATA ] -45.6626 -45.6626 -45.6626 -45.6626 -45.6626 -45.6626 -45.6626
[ LCMDATA ] -45.1135 -45.1135 -45.1135 -45.1135 -45.1135 -45.1135 -45.1135
[ LCMDATA ] -44.4739 -44.4739 -44.4739 -44.4739 -44.4739 -44.4739 -44.4739
[ LCMDATA ] -43.9012 -43.9012 -43.9012 -43.9012 -43.9012 -43.9012 -43.9012
[ LCMDATA ] -43.3176 -43.3176 -43.3176 -43.3176 -43.3176 -43.3176 -43.3176
[ LCMDATA ] -42.7186 -42.7186 -42.7186 -42.7186 -42.7186 -42.7186 -42.7186
[ LCMDATA ] -42.1138 -42.1138 -42.1138 -42.1138 -42.1138 -42.1138 -42.1138
[ LCMDATA ] -41.4411 -41.4411 -41.4411 -41.4411 -41.4411 -41.4411 -41.4411
[ LCMDATA ] -40.8146 -40.8146 -40.8146 -40.8146 -40.8146 -40.8146 -40.8146
[ LCMDATA ] -40.1781 -40.1781 -40.1781 -40.1781 -40.1781 -40.1781 -40.1781
[ LCMDATA ] -39.5316 -39.5316 -39.5316 -39.5316 -39.5316 -39.5316 -39.5316
[ LCMDATA ] -38.8754 -38.8754 -38.8754 -38.8754 -38.8754 -38.8754 -38.8754
[ LCMDATA ] -38.106 -38.106 -38.106 -38.106 -38.106 -38.106 -38.106
[ LCMDATA ] -37.4293 -37.4293 -37.4293 -37.4293 -37.4293 -37.4293 -37.4293
[ LCMDATA ] -36.6271 -36.6271 -36.6271 -36.6271 -36.6271 -36.6271 -36.6271
[ LCMDATA ] -35.9307 -35.9307 -35.9307 -35.9307 -35.9307 -35.9307 -35.9307
[ LCMDATA ] -35.2253 -35.2253 -35.2253 -35.2253 -35.2253 -35.2253 -35.2253
[ LCMDATA ] -34.2496 -34.2496 -34.2496 -34.2496 -34.2496 -34.2496 -34.2496
[ LCMDATA ] -33.36 -33.36 -33.36 -33.36 -33.36 -33.36 -33.36
[ LCMDATA ] -32.6243 -32.6243 -32.6243 -32.6243 -32.6243 -32.6243 -32.6243
[ LCMDATA ] -31.8806 -31.8806 -31.8806 -31.8806 -31.8806 -31.8806 -31.8806
[ LCMDATA ] -31.0591 -31.0591 -31.0591 -31.0591 -31.0591 -31.0591 -31.0591
[ LCMDATA ] -30.2991 -30.2991 -30.2991 -30.2991 -30.2991 -30.2991 -30.2991
[ LCMDATA ] -29.3487 -29.3487 -29.3487 -29.3487 -29.3487 -29.3487 -29.3487
[ LCMDATA ] -28.5723 -28.5723 -28.5723 -28.5723 -28.5723 -28.5723 -28.5723
[ LCMDATA ] -27.7888 -27.7888 -27.7888 -27.7888 -27.7888 -27.7888 -27.7888
[ LCMDATA ] -26.7664 -26.7664 -26.7664 -26.7664 -26.7664 -26.7664 -26.7664
[ LCMDATA ] -25.9674 -25.9674 -25.9674 -25.9674 -25.9674 -25.9674 -25.9674
[ LCMDATA ] -25.1621 -25.1621 -25.1621 -25.1621 -25.1621 -25.1621 -25.1621
[ LCMDATA ] -24.3505 -24.3505 -24.3505 -24.3505 -24.3505 -24.3505 -24.3505
[ LCMDATA ] -23.533 -23.533 -23.533 -23.533 -23.533 -23.533 -23.533
[ LCMDATA ] -22.5792 -22.5792 -22.5792 -22.5792 -22.5792 -22.5792 -22.5792
[ LCMDATA ] -21.7494 -21.7494 -21.7494 -21.7494 -21.7494 -21.7494 -21.7494
[ LCMDATA ] -20.5769 -20.5769 -20.5769 -20.5769 -20.5769 -20.5769 -20.5769
[ LCMDATA ] -19.7345 -19.7345 -19.7345 -19.7345 -19.7345 -19.7345 -19.7345
[ LCMDATA ] -18.8873 -18.8873 -18.8873 -18.8873 -18.8873 -18.8873 -18.8873
[ LCMDATA ] -17.9755 -17.9755 -17.9755 -17.9755 -17.9755 -17.9755 -17.9755
[ LCMDATA ] -17.1188 -17.1188 -17.1188 -17.1188 -17.1188 -17.1188 -17.1188
[ LCMDATA ] -16.258 -16.258 -16.258 -16.258 -16.258 -16.258 -16.258
[ LCMDATA ] -15.3931 -15.3931 -15.3931 -15.3931 -15.3931 -15.3931 -15.3931
[ LCMDATA ] -14.52 -14.52 -14.52 -14.52 -14.52 -14.52 -14.52
[ LCMDATA ] -13.6329 -13.6329 -13.6329 -13.6329 -13.6329 -13.6329 -13.6329
[ LCMDATA ] -12.7557 -12.7557 -12.7557 -12.7557 -12.7557 -12.7557 -12.7557
[ LCMDATA ] -11.8769 -11.8769 -11.8769 -11.8769 -11.8769 -11.8769 -11.8769
[ LCMDATA ] -10.9951 -10.9951 -10.9951 -10.9951 -10.9951 -10.9951 -10.9951
[ LCMDATA ] -10.1106 -10.1106 -10.1106 -10.1106 -10.1106 -10.1106 -10.1106
[ LCMDATA ] -9.22356 -9.22356 -9.22356 -9.22356 -9.22356 -9.22356 -9.22356
[ LCMDATA ] -8.14565 -8.14565 -8.14565 -8.14565 -8.14565 -8.14565 -8.14565
[ LCMDATA ] -7.05366 -7.05366 -7.05366 -7.05366 -7.05366 -7.05366 -7.05366
[ LCMDATA ] -5.96057 -5.96057 -5.96057 -5.96057 -5.96057 -5.96057 -5.96057
[ LCMDATA ] -5.06483 -5.06483 -5.06483 -5.06483 -5.06483 -5.06483 -5.06483
[ LCMDATA ] -3.99346 -3.99346 -3.99346 -3.99346 -3.99346 -3.99346 -3.99346
[ LCMDATA ] -3.09527 -3.09527 -3.09527 -3.09527 -3.09527 -3.09527 -3.09527
[ LCMDATA ] -2.09674 -2.09674 -2.09674 -2.09674 -2.09674 -2.09674 -2.09674
[ LCMDATA ] -1.19721 -1.19721 -1.19721 -1.19721 -1.19721 -1.19721 -1.19721
[ LCMDATA ] -0.297381 -0.297381 -0.297381 -0.297381 -0.297381 -0.297381 -0.297381
[ LCMDATA ] 0.861227 0.861227 0.861227 0.861227 0.861227 0.861227 0.861227
[ LCMDATA ] 1.76091 1.76091 1.76091 1.76091 1.76091 1.76091 1.76091
[ LCMDATA ] 2.85975 2.85975 2.85975 2.85975 2.85975 2.85975 2.85975
[ LCMDATA ] 3.75816 3.75816 3.75816 3.75816 3.75816 3.75816 3.75816
[ LCMDATA ] 4.93036 4.93036 4.93036 4.93036 4.93036 4.93036 4.93036
[ LCMDATA ] 5.82629 5.82629 5.82629 5.82629 5.82629 5.82629 5.82629
[ LCMDATA ] 6.7208 6.7208 6.7208 6.7208 6.7208 6.7208 6.7208
[ LCMDATA ] 7.87356 7.87356 7.87356 7.87356 7.87356 7.87356 7.87356
[ LCMDATA ] 8.81122 8.81122 8.81122 8.81122 8.81122 8.81122 8.81122
[ LCMDATA ] 9.82335 9.82335 9.82335 9.82335 9.82335 9.82335 9.82335
[ LCMDATA ] 10.7087 10.7087 10.7087 10.7087 10.7087 10.7087 10.7087
[ LCMDATA ] 11.9098 11.9098 11.9098 11.9098 11.9098 11.9098 11.9098
[ LCMDATA ] 12.7885 12.7885 12.7885 12.7885 12.7885 12.7885 12.7885
[ LCMDATA ] 13.9166 13.9166 13.9166 13.9166 13.9166 13.9166 13.9166
[ LCMDATA ] 14.7879 14.7879 14.7879 14.7879 14.7879 14.7879 14.7879
[ LCMDATA ] 15.6554 15.6554 15.6554 15.6554 15.6554 15.6554 15.6554
[ LCMDATA ] 16.7985 16.7985 16.7985 16.7985 16.7985 16.7985 16.7985
[ LCMDATA ] 17.705 17.705 17.705 17.705 17.705 17.705 17.705
[ LCMDATA ] 18.7591 18.7591 18.7591 18.7591 18.7591 18.7591 18.7591
[ LCMDATA ] 19.8761 19.8761 19.8761 19.8761 19.8761 19.8761 19.8761
[ LCMDATA ] 20.9386 20.9386 20.9386 20.9386 20.9386 20.9386 20.9386
[ LCMDATA ] 21.7737 21.7737 21.7737 21.7737 21.7737 21.7737 21.7737
[ LCMDATA ] 22.8246 22.8246 22.8246 22.8246 22.8246 22.8246 22.8246
[ LCMDATA ] 23.8299 23.8299 23.8299 23.8299 23.8299 23.8299 23.8299
[ LCMDATA ] 24.6453 24.6453 24.6453 24.6453 24.6453 24.6453 24.6453
[ LCMDATA ] 25.4627 25.4627 25.4627 25.4627 25.4627 25.4627 25.4627
[ LCMDATA ] 26.2657 26.2657 26.2657 26.2657 26.2657 26.2657 26.2657
[ LCMDATA ] 27.0621 27.0621 27.0621 27.0621 27.0621 27.0621 27.0621
[ LCMDATA ] 27.852 27.852 27.852 27.852 27.852 27.852 27.852
[ LCMDATA ] 28.6349 28.6349 28.6349 28.6349 28.6349 28.6349 28.6349
[ LCMDATA ] 29.4108 29.4108 29.4108 29.4108 29.4108 29.4108 29.4108
[ LCMDATA ] 30.4106 30.4106 30.4106 30.4106 30.4106 30.4106 30.4106
[ LCMDATA ] 31.1834 31.1834 31.1834 31.1834 31.1834 31.1834 31.1834
[ LCMDATA ] 32.194 32.194 32.194 32.194 32.194 32.194 32.194
[ LCMDATA ] 32.9344 32.9344 32.9344 32.9344 32.9344 32.9344 32.9344
[ LCMDATA ] 33.984 33.984 33.984 33.984 33.984 33.984 33.984
[ LCMDATA ] 34.7214 34.7214 34.7214 34.7214 34.7214 34.7214 34.7214
[ LCMDATA ] 35.4329 35.4329 35.4329 35.4329 35.4329 35.4329 35.4329
[ LCMDATA ] 36.1357 36.1357 36.1357 36.1357 36.1357 36.1357 36.1357
[ LCMDATA ] 36.8295 36.8295 36.8295 36.8295 36.8295 36.8295 36.8295
[ LCMDATA ] 37.5142 37.5142 37.5142 37.5142 37.5142 37.5142 37.5142
[ LCMDATA ] 38.2074 38.2074 38.2074 38.2074 38.2074 38.2074 38.2074
[ LCMDATA ] 38.8732 38.8732 38.8732 38.8732 38.8732 38.8732 38.8732
[ LCMDATA ] 39.5294 39.5294 39.5294 39.5294 39.5294 39.5294 39.5294
[ LCMDATA ] 40.1759 40.1759 40.1759 40.1759 40.1759 40.1759 40.1759
[ LCMDATA ] 40.8125 40.8125 40.8125 40.8125 40.8125 40.8125 40.8125
[ LCMDATA ] 41.439 41.439 41.439 41.439 41.439 41.439 41.439
[ LCMDATA ] 42.0552 42.0552 42.0552 42.0552 42.0552 42.0552 42.0552
[ LCMDATA ] 42.6645 42.6645 42.6645 42.6645 42.6645 42.6645 42.6645
[ LCMDATA ] 43.2598 43.2598 43.2598 43.2598 43.2598 43.2598 43.2598
[ LCMDATA ] 43.8445 43.8445 43.8445 43.8445 43.8445 43.8445 43.8445
[ LCMDATA ] 44.4183 44.4183 44.4183 44.4183 44.4183 44.4183 44.4183
[ LCMDATA ] 44.9822 44.9822 44.9822 44.9822 44.9822 44.9822 44.9822
[ LCMDATA ] 45.5339 45.5339 45.5339 45.5339 45.5339 45.5339 45.5339
[ LCMDATA ] 46.0744 46.0744 46.0744 46.0744 46.0744 46.0744 46.0744
[ LCMDATA ] 46.6035 46.6035 46.6035 46.6035 46.6035 46.6035 46.6035
[ LCMDATA ] 47.1212 47.1212 47.1212 47.1212 47.1212 47.1212 47.1212
[ LCMDATA ] 47.6272 47.6272 47.6272 47.6272 47.6272 47.6272 47.6272
[ LCMDATA ] 48.1214 48.1214 48.1214 48.1214 48.1214 48.1214 48.1214
[ LCMDATA ] 48.6038 48.6038 48.6038 48.6038 48.6038 48.6038 48.6038
[ LCMDATA ] 49.0742 49.0742 49.0742 49.0742 49.0742 49.0742 49.0742
[ LCMDATA ] 49.5329 49.5329 49.5329 49.5329 49.5329 49.5329 49.5329
[ LCMDATA ] 49.9789 49.9789 49.9789 49.9789 49.9789 49.9789 49.9789
[ LCMDATA ] 50.4126 50.4126 50.4126 50.4126 50.4126 50.4126 50.4126
[ LCMDATA ] 50.8339 50.8339 50.8339 50.8339 50.8339 50.8339 50.8339
[ LCMDATA ] 51.2427 51.2427 51.2427 51.2427 51.2427 51.2427 51.2427
[ LCMDATA ] 51.6599 51.6599 51.6599 51.6599 51.6599 51.6599 51.6599
[ LCMDATA ] 52.0425 52.0425 52.0425 52.0425 52.0425 52.0425 52.0425
[ LCMDATA ] 52.4124 52.4124 52.4124 52.4124 52.4124 52.4124 52.4124
[ LCMDATA ] 52.7718 52.7718 52.7718 52.7718 52.7718 52.7718 52.7718
[ LCMDATA ] 53.1324 53.1324 53.1324 53.1324 53.1324 53.1324 53.1324
[ LCMDATA ] 53.4807 53.4807 53.4807 53.4807 53.4807 53.4807 53.4807
[ LCMDATA ] 53.7967 53.7967 53.7967 53.7967 53.7967 53.7967 53.7967
[ LCMDATA ] 54.0995 54.0995 54.0995 54.0995 54.0995 54.0995 54.0995
[ LCMDATA ] 54.4082 54.4082 54.4082 54.4082 54.4082 54.4082 54.4082
[ LCMDATA ] 54.6965 54.6965 54.6965 54.6965 54.6965 54.6965 54.6965
[ LCMDATA ] 54.9574 54.9574 54.9574 54.9574 54.9574 54.9574 54.9574
[ LCMDATA ] 55.2048 55.2048 55.2048 55.2048 55.2048 55.2048 55.2048
[ LCMDATA ] 55.4386 55.4386 55.4386 55.4386 55.4386 55.4386 55.4386
[ LCMDATA ] 55.6587 55.6587 55.6587 55.6587 55.6587 55.6587 55.6587
[ LCMDATA ] 55.865 55.865 55.865 55.865 55.865 55.865 55.865
[ LCMDATA ] 56.0576 56.0576 56.0576 56.0576 56.0576 56.0576 56.0576
[ LCMDATA ] 56.2363 56.2363 56.2363 56.2363 56.2363 56.2363 56.2363
[ LCMDATA ] 56.4012 56.4012 56.4012 56.4012 56.4012 56.4012 56.4012
[ LCMDATA ] 56.5521 56.5521 56.5521 56.5521 56.5521 56.5521 56.5521
[ LCMDATA ] 56.6891 56.6891 56.6891 56.6891 56.6891 56.6891 56.6891
[ LCMDATA ] 56.8122 56.8122 56.8122 56.8122 56.8122 56.8122 56.8122
[ LCMDATA ] 56.9212 56.9212 56.9212 56.9212 56.9212 56.9212 56.9212
[ LCMDATA ] 57.0161 57.0161 57.0161 57.0161 57.0161 57.0161 57.0161
[ LCMDATA ] 57.0969 57.0969 57.0969 57.0969 57.0969 57.0969 57.0969
[ LCMDATA ] 57.1637 57.1637 57.1637 57.1637 57.1637 57.1637 57.1637
[ LCMDATA ] 57.2164 57.2164 57.2164 57.2164 57.2164 57.2164 57.2164
[ LCMDATA ] 57.2549 57.2549 57.2549 57.2549 57.2549 57.2549 57.2549
[ LCMDATA ] 57.2793 57.2793 57.2793 57.2793 57.2793 57.2793 57.2793
[ LCMDATA ] 57.2897 57.2897 57.2897 57.2897 57.2897 57.2897 57.2897
[ LCMDATA ] 57.2854 57.2854 57.2854 57.2854 57.2854 57.2854 57.2854
[ LCMDATA ] 57.2668 57.2668 57.2668 57.2668 57.2668 57.2668 57.2668
[ LCMDATA ] 57.2316 57.2316 57.2316 57.2316 57.2316 57.2316 57.2316
[ LCMDATA ] 57.1813 57.1813 57.1813 57.1813 57.1813 57.1813 57.1813
[ LCMDATA ] 57.1173 57.1173 57.1173 57.1173 57.1173 57.1173 57.1173
[ LCMDATA ] 57.0405 57.0405 57.0405 57.0405 57.0405 57.0405 57.0405
[ LCMDATA ] 56.9495 56.9495 56.9495 56.9495 56.9495 56.9495 56.9495
[ LCMDATA ] 56.8247 56.8247 56.8247 56.8247 56.8247 56.8247 56.8247
[ LCMDATA ] 56.7032 56.7032 56.7032 56.7032 56.7032 56.7032 56.7032
[ LCMDATA ] 56.5678 56.5678 56.5678 56.5678 56.5678 56.5678 56.5678
[ LCMDATA ] 56.4183 56.4183 56.4183 56.4183 56.4183 56.4183 56.4183
[ LCMDATA ] 56.255 56.255 56.255 56.255 56.255 56.255 56.255
[ LCMDATA ] 56.0778 56.0778 56.0778 56.0778 56.0778 56.0778 56.0778
[ LCMDATA ] 55.8867 55.8867 55.8867 55.8867 55.8867 55.8867 55.8867
[ LCMDATA ] 55.6819 55.6819 55.6819 55.6819 55.6819 55.6819 55.6819
[ LCMDATA ] 55.4633 55.4633 55.4633 55.4633 55.4633 55.4633 55.4633
[ LCMDATA ] 55.231 55.231 55.231 55.231 55.231 55.231 55.231
[ LCMDATA ] 54.9851 54.9851 54.9851 54.9851 54.9851 54.9851 54.9851
[ LCMDATA ] 54.6594 54.6594 54.6594 54.6594 54.6594 54.6594 54.6594
[ LCMDATA ] 54.3201 54.3201 54.3201 54.3201 54.3201 54.3201 54.3201
[ LCMDATA ] 54.0274 54.0274 54.0274 54.0274 54.0274 54.0274 54.0274
[ LCMDATA ] 53.6912 53.6912 53.6912 53.6912 53.6912 53.6912 53.6912
[ LCMDATA ] 53.3706 53.3706 53.3706 53.3706 53.3706 53.3706 53.3706
[ LCMDATA ] 53.0369 53.0369 53.0369 53.0369 53.0369 53.0369 53.0369
[ LCMDATA ] 52.6902 52.6902 52.6902 52.6902 52.6902 52.6902 52.6902
[ LCMDATA ] 52.3044 52.3044 52.3044 52.3044 52.3044 52.3044 52.3044
[ LCMDATA ] 51.9308 51.9308 51.9308 51.9308 51.9308 51.9308 51.9308
[ LCMDATA ] 51.4535 51.4535 51.4535 51.4535 51.4535 51.4535 51.4535
[ LCMDATA ] 50.9099 50.9099 50.9099 50.9099 50.9099 50.9099 50.9099
[ LCMDATA ] 50.4909 50.4909 50.4909 50.4909 50.4909 50.4909 50.4909
[ LCMDATA ] 50.0595 50.0595 50.0595 50.0595 50.0595 50.0595 50.0595
[ LCMDATA ] 49.6157 49.6157 49.6157 49.6157 49.6157 49.6157 49.6157
[ LCMDATA ] 49.1597 49.1597 49.1597 49.1597 49.1597 49.1597 49.1597
[ LCMDATA ] 48.5712 48.5712 48.5712 48.5712 48.5712 48.5712 48.5712
[ LCMDATA ] 48.088 48.088 48.088 48.088 48.088 48.088 48.088
[ LCMDATA ] 47.5361 47.5361 47.5361 47.5361 47.5361 47.5361 47.5361
[ LCMDATA ] 47.028 47.028 47.028 47.028 47.028 47.028 47.028
[ LCMDATA ] 46.4732 46.4732 46.4732 46.4732 46.4732 46.4732 46.4732
[ LCMDATA ] 45.8227 45.8227 45.8227 45.8227 45.8227 45.8227 45.8227
[ LCMDATA ] 45.2349 45.2349 45.2349 45.2349 45.2349 45.2349 45.2349
[ LCMDATA ] 44.6771 44.6771 44.6771 44.6771 44.6771 44.6771 44.6771
[ LCMDATA ] 44.1083 44.1083 44.1083 44.1083 44.1083 44.1083 44.1083
[ LCMDATA ] 43.5227 43.5227 43.5227 43.5227 43.5227 43.5227 43.5227
[ LCMDATA ] 42.9321 42.9321 42.9321 42.9321 42.9321 42.9321 42.9321
[ LCMDATA ] 42.1275 42.1275 42.1275 42.1275 42.1275 42.1275 42.1275
[ LCMDATA ] 41.5033 41.5033 41.5033 41.5033 41.5033 41.5033 41.5033
[ LCMDATA ] 40.8076 40.8076 40.8076 40.8076 40.8076 40.8076 40.8076
[ LCMDATA ] 39.8799 39.8799 39.8799 39.8799 39.8799 39.8799 39.8799
[ LCMDATA ] 39.0019 39.0019 39.0019 39.0019 39.0019 39.0019 39.0019
[ LCMDATA ] 38.3379 38.3379 38.3379 38.3379 38.3379 38.3379 38.3379
[ LCMDATA ] 37.6645 37.6645 37.6645 37.6645 37.6645 37.6645 37.6645
[ LCMDATA ] 36.8748 36.8748 36.8748 36.8748 36.8748 36.8748 36.8748
[ LCMDATA ] 36.1178 36.1178 36.1178 36.1178 36.1178 36.1178 36.1178
[ LCMDATA ] 35.4148 35.4148 35.4148 35.4148 35.4148 35.4148 35.4148
[ LCMDATA ] 34.7031 34.7031 34.7031 34.7031 34.7031 34.7031 34.7031
[ LCMDATA ] 33.6996 33.6996 33.6996 33.6996 33.6996 33.6996 33.6996
[ LCMDATA ] 32.9677 32.9677 32.9677 32.9677 32.9677 32.9677 32.9677
[ LCMDATA ] 31.9885 31.9885 31.9885 31.9885 31.9885 31.9885 31.9885
[ LCMDATA ] 31.238 31.238 31.238 31.238 31.238 31.238 31.238
[ LCMDATA ] 30.4392 30.4392 30.4392 30.4392 30.4392 30.4392 30.4392
[ LCMDATA ] 29.5029 29.5029 29.5029 29.5029 29.5029 29.5029 29.5029
[ LCMDATA ] 28.6769 28.6769 28.6769 28.6769 28.6769 28.6769 28.6769
[ LCMDATA ] 27.8943 27.8943 27.8943 27.8943 27.8943 27.8943 27.8943
[ LCMDATA ] 27.1049 27.1049 27.1049 27.1049 27.1049 27.1049 27.1049
[ LCMDATA ] 26.3087 26.3087 26.3087 26.3087 26.3087 26.3087 26.3087
[ LCMDATA ] 25.4536 25.4536 25.4536 25.4536 25.4536 25.4536 25.4536
[ LCMDATA ] 24.6414 24.6414 24.6414 24.6414 24.6414 24.6414 24.6414
[ LCMDATA ] 23.5741 23.5741 23.5741 23.5741 23.5741 23.5741 23.5741
[ LCMDATA ] 22.6398 22.6398 22.6398 22.6398 22.6398 22.6398 22.6398
[ LCMDATA ] 21.6232 21.6232 21.6232 21.6232 21.6232 21.6232 21.6232
[ LCMDATA ] 20.7872 20.7872 20.7872 20.7872 20.7872 20.7872 20.7872
[ LCMDATA ] 19.7742 19.7742 19.7742 19.7742 19.7742 19.7742 19.7742
[ LCMDATA ] 18.7376 18.7376 18.7376 18.7376 18.7376 18.7376 18.7376
[ LCMDATA ] 17.8849 17.8849 17.8849 17.8849 17.8849 17.8849 17.8849
[ LCMDATA ] 16.9436 16.9436 16.9436 16.9436 16.9436 16.9436 16.9436
[ LCMDATA ] 15.8907 15.8907 15.8907 15.8907 15.8907 15.8907 15.8907
[ LCMDATA ] 14.9718 14.9718 14.9718 14.9718 14.9718 14.9718 14.9718
[ LCMDATA ] 14.1013 14.1013 14.1013 14.1013 14.1013 14.1013 14.1013
[ LCMDATA ] 13.1562 13.1562 13.1562 13.1562 13.1562 13.1562 13.1562
[ LCMDATA ] 12.1187 12.1187 12.1187 12.1187 12.1187 12.1187 12.1187
[ LCMDATA ] 11.1455 11.1455 11.1455 11.1455 11.1455 11.1455 11.1455
[ LCMDATA ] 10.2318 10.2318 10.2318 10.2318 10.2318 10.2318 10.2318
[ LCMDATA ] 9.34509 9.34509 9.34509 9.34509 9.34509 9.34509 9.34509
[ LCMDATA ] 8.45611 8.45611 8.45611 8.45611 8.45611 8.45611 8.45611
[ LCMDATA ] 7.56505 7.56505 7.56505 7.56505 7.56505 7.56505 7.56505
[ LCMDATA ] 6.46912 6.46912 6.46912 6.46912 6.46912 6.46912 6.46912
[ LCMDATA ] 5.37058 5.37058 5.37058 5.37058 5.37058 5.37058 5.37058
[ LCMDATA ] 4.47399 4.47399 4.47399 4.47399 4.47399 4.47399 4.47399
[ LCMDATA ] 3.57631 3.57631 3.57631 3.57631 3.57631 3.57631 3.57631
[ LCMDATA ] 2.67773 2.67773 2.67773 2.67773 2.67773 2.67773 2.67773
[ LCMDATA ] 1.74879 1.74879 1.74879 1.74879 1.74879 1.74879 1.74879
[ LCMDATA ] 0.849107 0.849107 0.849107 0.849107 0.849107 0.849107 0.849107
[ LCMDATA ] -0.0507727 -0.0507727 -0.0507727 -0.0507727 -0.0507727 -0.0507727 -0.0507727
[ LCMDATA ] -0.950651 -0.950651 -0.950651 -0.950651 -0.950651 -0.950651 -0.950651
[ LCMDATA ] -1.85141 -1.85141 -1.85141 -1.85141 -1.85141 -1.85141 -1.85141
[ LCMDATA ] -2.95163 -2.95163 -2.95163 -2.95163 -2.95163 -2.95163 -2.95163
[ LCMDATA ] -4.05066 -4.05066 -4.05066 -4.05066 -4.05066 -4.05066 -4.05066
[ LCMDATA ] -4.94779 -4.94779 -4.94779 -4.94779 -4.94779 -4.94779 -4.94779
[ LCMDATA ] -5.86775 -5.86775 -5.86775 -5.86775 -5.86775 -5.86775 -5.86775
[ LCMDATA ] -6.95826 -6.95826 -6.95826 -6.95826 -6.95826 -6.95826 -6.95826
[ LCMDATA ] -7.85063 -7.85063 -7.85063 -7.85063 -7.85063 -7.85063 -7.85063
[ LCMDATA ] -8.96064 -8.96064 -8.96064 -8.96064 -8.96064 -8.96064 -8.96064
[ LCMDATA ] -10.0457 -10.0457 -10.0457 -10.0457 -10.0457 -10.0457 -10.0457
[ LCMDATA ] -10.9304 -10.9304 -10.9304 -10.9304 -10.9304 -10.9304 -10.9304
[ LCMDATA ] -11.8124 -11.8124 -11.8124 -11.8124 -11.8124 -11.8124 -11.8124
[ LCMDATA ] -12.6915 -12.6915 -12.6915 -12.6915 -12.6915 -12.6915 -12.6915
[ LCMDATA ] -13.911 -13.911 -13.911 -13.911 -13.911 -13.911 -13.911
[ LCMDATA ] -14.8615 -14.8615 -14.8615 -14.8615 -14.8615 -14.8615 -14.8615
[ LCMDATA ] -15.7844 -15.7844 -15.7844 -15.7844 -15.7844 -15.7844 -15.7844
[ LCMDATA ] -16.6475 -16.6475 -16.6475 -16.6475 -16.6475 -16.6475 -16.6475
[ LCMDATA ] -17.5065 -17.5065 -17.5065 -17.5065 -17.5065 -17.5065 -17.5065
[ LCMDATA ] -18.49 -18.49 -18.49 -18.49 -18.49 -18.49 -18.49
[ LCMDATA ] -19.5283 -19.5283 -19.5283 -19.5283 -19.5283 -19.5283 -19.5283
[ LCMDATA ] -20.3719 -20.3719 -20.3719 -20.3719 -20.3719 -20.3719 -20.3719
[ LCMDATA ] -21.4377 -21.4377 -21.4377 -21.4377 -21.4377 -21.4377 -21.4377
[ LCMDATA ] -22.5945 -22.5945 -22.5945 -22.5945 -22.5945 -22.5945 -22.5945
[ LCMDATA ] -23.4187 -23.4187 -23.4187 -23.4187 -23.4187 -23.4187 -23.4187
[ LCMDATA ] -24.237 -24.237 -24.237 -24.237 -24.237 -24.237 -24.237
[ LCMDATA ] -25.0494 -25.0494 -25.0494 -25.0494 -25.0494 -25.0494 -25.0494
[ LCMDATA ] -26.1337 -26.1337 -26.1337 -26.1337 -26.1337 -26.1337 -26.1337
[ LCMDATA ] -26.9328 -26.9328 -26.9328 -26.9328 -26.9328 -26.9328 -26.9328
[ LCMDATA ] -27.7237 -27.7237 -27.7237 -27.7237 -27.7237 -27.7237 -27.7237
[ LCMDATA ] -28.5078 -28.5078 -28.5078 -28.5078 -28.5078 -28.5078 -28.5078
[ LCMDATA ] -29.2848 -29.2848 -29.2848 -29.2848 -29.2848 -29.2848 -29.2848
[ LCMDATA ] -30.0547 -30.0547 -30.0547 -30.0547 -30.0547 -30.0547 -30.0547
[ LCMDATA ] -30.8171 -30.8171 -30.8171 -30.8171 -30.8171 -30.8171 -30.8171
[ LCMDATA ] -31.5719 -31.5719 -31.5719 -31.5719 -31.5719 -31.5719 -31.5719
[ LCMDATA ] -32.3884 -32.3884 -32.3884 -32.3884 -32.3884 -32.3884 -32.3884
[ LCMDATA ] -33.2889 -33.2889 -33.2889 -33.2889 -33.2889 -33.2889 -33.2889
[ LCMDATA ] -34.0172 -34.0172 -34.0172 -34.0172 -34.0172 -34.0172 -34.0172
[ LCMDATA ] -34.9799 -34.9799 -34.9799 -34.9799 -34.9799 -34.9799 -34.9799
[ LCMDATA ] -35.6883 -35.6883 -35.6883 -35.6883 -35.6883 -35.6883 -35.6883
[ LCMDATA ] -36.3878 -36.3878 -36.3878 -36.3878 -36.3878 -36.3878 -36.3878
[ LCMDATA ] -37.3503 -37.3503 -37.3503 -37.3503 -37.3503 -37.3503 -37.3503
[ LCMDATA ] -38.0321 -38.0321 -38.0321 -38.0321 -38.0321 -38.0321 -38.0321
[ LCMDATA ] -38.7004 -38.7004 -38.7004 -38.7004 -38.7004 -38.7004 -38.7004
[ LCMDATA ] -39.3592 -39.3592 -39.3592 -39.3592 -39.3592 -39.3592 -39.3592
[ LCMDATA ] -40.2696 -40.2696 -40.2696 -40.2696 -40.2696 -40.2696 -40.2696
[ LCMDATA ] -40.9047 -40.9047 -40.9047 -40.9047 -40.9047 -40.9047 -40.9047
[ LCMDATA ] -41.5297 -41.5297 -41.5297 -41.5297 -41.5297 -41.5297 -41.5297
[ LCMDATA ] -42.1553 -42.1553 -42.1553 -42.1553 -42.1553 -42.1553 -42.1553
[ LCMDATA ] -42.7595 -42.7595 -42.7595 -42.7595 -42.7595 -42.7595 -42.7595
[ LCMDATA ] -43.3531 -43.3531 -43.3531 -43.3531 -43.3531 -43.3531 -43.3531
[ LCMDATA ] -44.1359 -44.1359 -44.1359 -44.1359 -44.1359 -44.1359 -44.1359
[ LCMDATA ] -44.708 -44.708 -44.708 -44.708 -44.708 -44.708 -44.708
[ LCMDATA ] -45.3875 -45.3875 -45.3875 -45.3875 -45.3875 -45.3875 -45.3875
[ LCMDATA ] -46.1185 -46.1185 -46.1185 -46.1185 -46.1185 -46.1185 -46.1185
[ LCMDATA ] -46.7459 -46.7459 -46.7459 -46.7459 -46.7459 -46.7459 -46.7459
[ LCMDATA ] -47.2604 -47.2604 -47.2604 -47.2604 -47.2604 -47.2604 -47.2604
[ LCMDATA ] -47.7632 -47.7632 -47.7632 -47.7632 -47.7632 -47.7632 -47.7632
[ LCMDATA ] -48.3931 -48.3931 -48.3931 -48.3931 -48.3931 -48.3931 -48.3931
[ LCMDATA ] -48.8688 -48.8688 -48.8688 -48.8688 -48.8688 -48.8688 -48.8688
[ LCMDATA ] -49.4042 -49.4042 -49.4042 -49.4042 -49.4042 -49.4042 -49.4042
[ LCMDATA ] -49.952 -49.952 -49.952 -49.952 -49.952 -49.952 -49.952
[ LCMDATA ] -50.3865 -50.3865 -50.3865 -50.3865 -50.3865 -50.3865 -50.3865
[ LCMDATA ] -50.8085 -50.8085 -50.8085 -50.8085 -50.8085 -50.8085 -50.8085
[ LCMDATA ] -51.218 -51.218 -51.218 -51.218 -51.218 -51.218 -51.218
[ LCMDATA ] -51.6149 -51.6149 -51.6149 -51.6149 -51.6149 -51.6149 -51.6149
[ LCMDATA ] -52.081 -52.081 -52.081 -52.081 -52.081 -52.081 -52.081
[ LCMDATA ] -52.4495 -52.4495 -52.4495 -52.4495 -52.4495 -52.4495 -52.4495
[ LCMDATA ] -52.805 -52.805 -52.805 -52.805 -52.805 -52.805 -52.805
[ LCMDATA ] -53.2217 -53.2217 -53.2217 -53.2217 -53.2217 -53.2217 -53.2217
[ LCMDATA ] -53.6434 -53.6434 -53.6434 -53.6434 -53.6434 -53.6434 -53.6434
[ LCMDATA ] -53.9527 -53.9527 -53.9527 -53.9527 -53.9527 -53.9527 -53.9527
[ LCMDATA ] -54.3045 -54.3045 -54.3045 -54.3045 -54.3045 -54.3045 -54.3045
[ LCMDATA ] -54.6447 -54.6447 -54.6447 -54.6447 -54.6447 -54.6447 -54.6447
[ LCMDATA ] -55.0155 -55.0155 -55.0155 -55.0155 -55.0155 -55.0155 -55.0155
[ LCMDATA ] -55.2598 -55.2598 -55.2598 -55.2598 -55.2598 -55.2598 -55.2598
[ LCMDATA ] -55.5707 -55.5707 -55.5707 -55.5707 -55.5707 -55.5707 -55.5707
[ LCMDATA ] -55.8375 -55.8375 -55.8375 -55.8375 -55.8375 -55.8375 -55.8375
[ LCMDATA ] -56.0319 -56.0319 -56.0319 -56.0319 -56.0319 -56.0319 -56.0319
[ LCMDATA ] -56.2126 -56.2126 -56.2126 -56.2126 -56.2126 -56.2126 -56.2126
[ LCMDATA ] -56.4378 -56.4378 -56.4378 -56.4378 -56.4378 -56.4378 -56.4378
[ LCMDATA ] -56.5872 -56.5872 -56.5872 -56.5872 -56.5872 -56.5872 -56.5872
[ LCMDATA ] -56.7207 -56.7207 -56.7207 -56.7207 -56.7207 -56.7207 -56.7207
[ LCMDATA ] -56.8403 -56.8403 -56.8403 -56.8403 -56.8403 -56.8403 -56.8403
[ LCMDATA ] -56.9466 -56.9466 -56.9466 -56.9466 -56.9466 -56.9466 -56.9466
[ LCMDATA ] -57.0379 -57.0379 -57.0379 -57.0379 -57.0379 -57.0379 -57.0379
[ LCMDATA ] -57.1152 -57.1152 -57.1152 -57.1152 -57.1152 -57.1152 -57.1152
[ LCMDATA ] -57.1784 -57.1784 -57.1784 -57.1784 -57.1784 -57.1784 -57.1784
[ LCMDATA ] -57.2275 -57.2275 -57.2275 -57.2275 -57.2275 -57.2275 -57.2275
[ LCMDATA ] -57.2625 -57.2625 -57.2625 -57.2625 -57.2625 -57.2625 -57.2625
[ LCMDATA ] -57.2833 -57.2833 -57.2833 -57.2833 -57.2833 -57.2833 -57.2833
[ LCMDATA ] -57.29 -57.29 -57.29 -57.29 -57.29 -57.29 -57.29
[ LCMDATA ] -57.2825 -57.2825 -57.2825 -57.2825 -57.2825 -57.2825 -57.2825
[ LCMDATA ] -57.2542 -57.2542 -57.2542 -57.2542 -57.2542 -57.2542 -57.2542
[ LCMDATA ] -57.2153 -57.2153 -57.2153 -57.2153 -57.2153 -57.2153 -57.2153
[ LCMDATA ] -57.1623 -57.1623 -57.1623 -57.1623 -57.1623 -57.1623 -57.1623
[ LCMDATA ] -57.0952 -57.0952 -57.0952 -57.0952 -57.0952 -57.0952 -57.0952
[ LCMDATA ] -57.0019 -57.0019 -57.0019 -57.0019 -57.0019 -57.0019 -57.0019
[ LCMDATA ] -56.9047 -56.9047 -56.9047 -56.9047 -56.9047 -56.9047 -56.9047
[ LCMDATA ] -56.7935 -56.7935 -56.7935 -56.7935 -56.7935 -56.7935 -56.7935
[ LCMDATA ] -56.6296 -56.6296 -56.6296 -56.6296 -56.6296 -56.6296 -56.6296
[ LCMDATA ] -56.4779 -56.4779 -56.4779 -56.4779 -56.4779 -56.4779 -56.4779
[ LCMDATA ] -56.3195 -56.3195 -56.3195 -56.3195 -56.3195 -56.3195 -56.3195
[ LCMDATA ] -56.1431 -56.1431 -56.1431 -56.1431 -56.1431 -56.1431 -56.1431
[ LCMDATA ] -55.9571 -55.9571 -55.9571 -55.9571 -55.9571 -55.9571 -55.9571
[ LCMDATA ] -55.7331 -55.7331 -55.7331 -55.7331 -55.7331 -55.7331 -55.7331
[ LCMDATA ] -55.5178 -55.5178 -55.5178 -55.5178 -55.5178 -55.5178 -55.5178
[ LCMDATA ] -55.2889 -55.2889 -55.2889 -55.2889 -55.2889 -55.2889 -55.2889
[ LCMDATA ] -55.0404 -55.0404 -55.0404 -55.0404 -55.0404 -55.0404 -55.0404
[ LCMDATA ] -54.7839 -54.7839 -54.7839 -54.7839 -54.7839 -54.7839 -54.7839
[ LCMDATA ] -54.4985 -54.4985 -54.4985 -54.4985 -54.4985 -54.4985 -54.4985
[ LCMDATA ] -54.1497 -54.1497 -54.1497 -54.1497 -54.1497 -54.1497 -54.1497
[ LCMDATA ] -53.8491 -53.8491 -53.8491 -53.8491 -53.8491 -53.8491 -53.8491
[ LCMDATA ] -53.4878 -53.4878 -53.4878 -53.4878 -53.4878 -53.4878 -53.4878
[ LCMDATA ] -53.0981 -53.0981 -53.0981 -53.0981 -53.0981 -53.0981 -53.0981
[ LCMDATA ] -52.7537 -52.7537 -52.7537 -52.7537 -52.7537 -52.7537 -52.7537
[ LCMDATA ] -52.3962 -52.3962 -52.3962 -52.3962 -52.3962 -52.3962 -52.3962
[ LCMDATA ] -51.9313 -51.9313 -51.9313 -51.9313 -51.9313 -51.9313 -51.9313
[ LCMDATA ] -51.4577 -51.4577 -51.4577 -51.4577 -51.4577 -51.4577 -51.4577
[ LCMDATA ] -51.0558 -51.0558 -51.0558 -51.0558 -51.0558 -51.0558 -51.0558
[ LCMDATA ] -50.578 -50.578 -50.578 -50.578 -50.578 -50.578 -50.578
[ LCMDATA ] -50.0528 -50.0528 -50.0528 -50.0528 -50.0528 -50.0528 -50.0528
[ LCMDATA ] -49.6088 -49.6088 -49.6088 -49.6088 -49.6088 -49.6088 -49.6088
[ LCMDATA ] -49.1526 -49.1526 -49.1526 -49.1526 -49.1526 -49.1526 -49.1526
[ LCMDATA ] -48.6842 -48.6842 -48.6842 -48.6842 -48.6842 -48.6842 -48.6842
[ LCMDATA ] -48.1707 -48.1707 -48.1707 -48.1707 -48.1707 -48.1707 -48.1707
[ LCMDATA ] -47.6777 -47.6777 -47.6777 -47.6777 -47.6777 -47.6777 -47.6777
[ LCMDATA ] -47.0358 -47.0358 -47.0358 -47.0358 -47.0358 -47.0358 -47.0358
[ LCMDATA ] -46.5162 -46.5162 -46.5162 -46.5162 -46.5162 -46.5162 -46.5162
[ LCMDATA ] -45.9749 -45.9749 -45.9749 -45.9749 -45.9749 -45.9749 -45.9749
[ LCMDATA ] -45.4323 -45.4323 -45.4323 -45.4323 -45.4323 -45.4323 -45.4323
[ LCMDATA ] -44.8533 -44.8533 -44.8533 -44.8533 -44.8533 -44.8533 -44.8533
[ LCMDATA ] -44.2879 -44.2879 -44.2879 -44.2879 -44.2879 -44.2879 -44.2879
[ LCMDATA ] -43.7116 -43.7116 -43.7116 -43.7116 -43.7116 -43.7116 -43.7116
[ LCMDATA ] -43.122 -43.122 -43.122 -43.122 -43.122 -43.122 -43.122
[ LCMDATA ] -42.5242 -42.5242 -42.5242 -42.5242 -42.5242 -42.5242 -42.5242
[ LCMDATA ] -41.8589 -41.8589 -41.8589 -41.8589 -41.8589 -41.8589 -41.8589
[ LCMDATA ] -41.2393 -41.2393 -41.2393 -41.2393 -41.2393 -41.2393 -41.2393
[ LCMDATA ] -40.6096 -40.6096 -40.6096 -40.6096 -40.6096 -40.6096 -40.6096
[ LCMDATA ] -39.9698 -39.9698 -39.9698 -39.9698 -39.9698 -39.9698 -39.9698
[ LCMDATA ] -39.3181 -39.3181 -39.3181 -39.3181 -39.3181 -39.3181 -39.3181
[ LCMDATA ] -38.5503 -38.5503 -38.5503 -38.5503 -38.5503 -38.5503 -38.5503
[ LCMDATA ] -37.8761 -37.8761 -37.8761 -37.8761 -37.8761 -37.8761 -37.8761
[ LCMDATA ] -37.1963 -37.1963 -37.1963 -37.1963 -37.1963 -37.1963 -37.1963
[ LCMDATA ] -36.5073 -36.5073 -36.5073 -36.5073 -36.5073 -36.5073 -36.5073
[ LCMDATA ] -35.5241 -35.5241 -35.5241 -35.5241 -35.5241 -35.5241 -35.5241
[ LCMDATA ] -34.6531 -34.6531 -34.6531 -34.6531 -34.6531 -34.6531 -34.6531
[ LCMDATA ] -33.8201 -33.8201 -33.8201 -33.8201 -33.8201 -33.8201 -33.8201
[ LCMDATA ] -33.0896 -33.0896 -33.0896 -33.0896 -33.0896 -33.0896 -33.0896
[ LCMDATA ] -32.3509 -32.3509 -32.3509 -32.3509 -32.3509 -32.3509 -32.3509
[ LCMDATA ] -31.6042 -31.6042 -31.6042 -31.6042 -31.6042 -31.6042 -31.6042
[ LCMDATA ] -30.8498 -30.8498 -30.8498 -30.8498 -30.8498 -30.8498 -30.8498
[ LCMDATA ] -30.0143 -30.0143 -30.0143 -30.0143 -30.0143 -30.0143 -30.0143
[ LCMDATA ] -29.2441 -29.2441 -29.2441 -29.2441 -29.2441 -29.2441 -29.2441
[ LCMDATA ] -28.4667 -28.4667 -28.4667 -28.4667 -28.4667 -28.4667 -28.4667
[ LCMDATA ] -27.462 -27.462 -27.462 -27.462 -27.462 -27.462 -27.462
[ LCMDATA ] -26.6119 -26.6119 -26.6119 -26.6119 -26.6119 -26.6119 -26.6119
[ LCMDATA ] -25.8117 -25.8117 -25.8117 -25.8117 -25.8117 -25.8117 -25.8117
[ LCMDATA ] -24.8792 -24.8792 -24.8792 -24.8792 -24.8792 -24.8792 -24.8792
[ LCMDATA ] -24.0655 -24.0655 -24.0655 -24.0655 -24.0655 -24.0655 -24.0655
[ LCMDATA ] -22.9363 -22.9363 -22.9363 -22.9363 -22.9363 -22.9363 -22.9363
[ LCMDATA ] -22.0508 -22.0508 -22.0508 -22.0508 -22.0508 -22.0508 -22.0508
[ LCMDATA ] -21.0312 -21.0312 -21.0312 -21.0312 -21.0312 -21.0312 -21.0312
[ LCMDATA ] -20.1916 -20.1916 -20.1916 -20.1916 -20.1916 -20.1916 -20.1916
[ LCMDATA ] -19.347 -19.347 -19.347 -19.347 -19.347 -19.347 -19.347
[ LCMDATA ] -18.4528 -18.4528 -18.4528 -18.4528 -18.4528 -18.4528 -18.4528
[ LCMDATA ] -17.5986 -17.5986 -17.5986 -17.5986 -17.5986 -17.5986 -17.5986
[ LCMDATA ] -16.74 -16.74 -16.74 -16.74 -16.74 -16.74 -16.74
[ LCMDATA ] -15.8774 -15.8774 -15.8774 -15.8774 -15.8774 -15.8774 -15.8774
[ LCMDATA ] -15.0108 -15.0108 -15.0108 -15.0108 -15.0108 -15.0108 -15.0108
[ LCMDATA ] -14.0202 -14.0202 -14.0202 -14.0202 -14.0202 -14.0202 -14.0202
[ LCMDATA ] -13.146 -13.146 -13.146 -13.146 -13.146 -13.146 -13.146
[ LCMDATA ] -12.2559 -12.2559 -12.2559 -12.2559 -12.2559 -12.2559 -12.2559
[ LCMDATA ] -11.3753 -11.3753 -11.3753 -11.3753 -11.3753 -11.3753 -11.3753
[ LCMDATA ] -10.492 -10.492 -10.492 -10.492 -10.492 -10.492 -10.492
[ LCMDATA ] -9.606 -9.606 -9.606 -9.606 -9.606 -9.606 -9.606
[ LCMDATA ] -8.71767 -8.71767 -8.71767 -8.71767 -8.71767 -8.71767 -8.71767
[ LCMDATA ] -7.82719 -7.82719 -7.82719 -7.82719 -7.82719 -7.82719 -7.82719
[ LCMDATA ] -6.93478 -6.93478 -6.93478 -6.93478 -6.93478 -6.93478 -6.93478
[ LCMDATA ] -6.04065 -6.04065 -6.04065 -6.04065 -6.04065 -6.04065 -6.04065
[ LCMDATA ] -5.14505 -5.14505 -5.14505 -5.14505 -5.14505 -5.14505 -5.14505
[ LCMDATA ] -4.24817 -4.24817 -4.24817 -4.24817 -4.24817 -4.24817 -4.24817
[ LCMDATA ] -3.35024 -3.35024 -3.35024 -3.35024 -3.35024 -3.35024 -3.35024
[ LCMDATA ] -2.45149 -2.45149 -2.45149 -2.45149 -2.45149 -2.45149 -2.45149
[ LCMDATA ] -1.55213 -1.55213 -1.55213 -1.55213 -1.55213 -1.55213 -1.55213
[ LCMDATA ] -0.652393 -0.652393 -0.652393 -0.652393 -0.652393 -0.652393 -0.652393
[ LCMDATA ] 0.247515 0.247515 0.247515 0.247515 0.247515 0.247515 0.247515
[ LCMDATA ] 1.14736 1.14736 1.14736 1.14736 1.14736 1.14736 1.14736
[ LCMDATA ] 2.04691 2.04691 2.04691 2.04691 2.04691 2.04691 2.04691
[ LCMDATA ] 2.94597 2.94597 2.94597 2.94597 2.94597 2.94597 2.94597
[ LCMDATA ] 4.05502 4.05502 4.05502 4.05502 4.05502 4.05502 4.05502
[ LCMDATA ] 4.95214 4.95214 4.95214 4.95214 4.95214 4.95214 4.95214
[ LCMDATA ] 5.85786 5.85786 5.85786 5.85786 5.85786 5.85786 5.85786
[ LCMDATA ] 6.75229 6.75229 6.75229 6.75229 6.75229 6.75229 6.75229
[ LCMDATA ] 7.64508 7.64508 7.64508 7.64508 7.64508 7.64508 7.64508
[ LCMDATA ] 8.53597 8.53597 8.53597 8.53597 8.53597 8.53597 8.53597
[ LCMDATA ] 9.42476 9.42476 9.42476 9.42476 9.42476 9.42476 9.42476
[ LCMDATA ] 10.3112 10.3112 10.3112 10.3112 10.3112 10.3112 10.3112
[ LCMDATA ] 11.1951 11.1951 11.1951 11.1951 11.1951 11.1951 11.1951
[ LCMDATA ] 12.0763 12.0763 12.0763 12.0763 12.0763 12.0763 12.0763
[ LCMDATA ] 13.1093 13.1093 13.1093 13.1093 13.1093 13.1093 13.1093
[ LCMDATA ] 13.9837 13.9837 13.9837 13.9837 13.9837 13.9837 13.9837
[ LCMDATA ] 14.8546 14.8546 14.8546 14.8546 14.8546 14.8546 14.8546
[ LCMDATA ] 15.8673 15.8673 15.8673 15.8673 15.8673 15.8673 15.8673
[ LCMDATA ] 16.73 16.73 16.73 16.73 16.73 16.73 16.73
[ LCMDATA ] 17.8613 17.8613 17.8613 17.8613 17.8613 17.8613 17.8613
[ LCMDATA ] 18.9042 18.9042 18.9042 18.9042 18.9042 18.9042 18.9042
[ LCMDATA ] 19.7513 19.7513 19.7513 19.7513 19.7513 19.7513 19.7513
[ LCMDATA ] 20.5936 20.5936 20.5936 20.5936 20.5936 20.5936 20.5936
[ LCMDATA ] 21.4308 21.4308 21.4308 21.4308 21.4308 21.4308 21.4308
[ LCMDATA ] 22.2627 22.2627 22.2627 22.2627 22.2627 22.2627 22.2627
[ LCMDATA ] 23.1027 23.1027 23.1027 23.1027 23.1027 23.1027 23.1027
[ LCMDATA ] 23.9233 23.9233 23.9233 23.9233 23.9233 23.9233 23.9233
[ LCMDATA ] 24.738 24.738 24.738 24.738 24.738 24.738 24.738
[ LCMDATA ] 25.5466 25.5466 25.5466 25.5466 25.5466 25.5466 25.5466
[ LCMDATA ] 26.6605 26.6605 26.6605 26.6605 26.6605 26.6605 26.6605
[ LCMDATA ] 27.6301 27.6301 27.6301 27.6301 27.6301 27.6301 27.6301
[ LCMDATA ] 28.4686 28.4686 28.4686 28.4686 28.4686 28.4686 28.4686
[ LCMDATA ] 29.246 29.246 29.246 29.246 29.246 29.246 29.246
[ LCMDATA ] 30.0281 30.0281 30.0281 30.0281 30.0281 30.0281 30.0281
[ LCMDATA ] 30.7907 30.7907 30.7907 30.7907 30.7907 30.7907 30.7907
[ LCMDATA ] 31.5458 31.5458 31.5458 31.5458 31.5458 31.5458 31.5458
[ LCMDATA ] 32.2931 32.2931 32.2931 32.2931 32.2931 32.2931 32.2931
[ LCMDATA ] 33.0324 33.0324 33.0324 33.0324 33.0324 33.0324 33.0324
[ LCMDATA ] 33.7636 33.7636 33.7636 33.7636 33.7636 33.7636 33.7636
[ LCMDATA ] 34.4864 34.4864 34.4864 34.4864 34.4864 34.4864 34.4864
[ LCMDATA ] 35.2682 35.2682 35.2682 35.2682 35.2682 35.2682 35.2682
[ LCMDATA ] 35.973 35.973 35.973 35.973 35.973 35.973 35.973
[ LCMDATA ] 36.6689 36.6689 36.6689 36.6689 36.6689 36.6689 36.6689
[ LCMDATA ] 37.3558 37.3558 37.3558 37.3558 37.3558 37.3558 37.3558
[ LCMDATA ] 38.0335 38.0335 38.0335 38.0335 38.0335 38.0335 38.0335
[ LCMDATA ] 38.7017 38.7017 38.7017 38.7017 38.7017 38.7017 38.7017
[ LCMDATA ] 39.3605 39.3605 39.3605 39.3605 39.3605 39.3605 39.3605
[ LCMDATA ] 40.0095 40.0095 40.0095 40.0095 40.0095 40.0095 40.0095
[ LCMDATA ] 40.6486 40.6486 40.6486 40.6486 40.6486 40.6486 40.6486
[ LCMDATA ] 41.2777 41.2777 41.2777 41.2777 41.2777 41.2777 41.2777
[ LCMDATA ] 41.8977 41.8977 41.8977 41.8977 41.8977 41.8977 41.8977
[ LCMDATA ] 42.5063 42.5063 42.5063 42.5063 42.5063 42.5063 42.5063
[ LCMDATA ] 43.1044 43.1044 43.1044 43.1044 43.1044 43.1044 43.1044
[ LCMDATA ] 43.7151 43.7151 43.7151 43.7151 43.7151 43.7151 43.7151
[ LCMDATA ] 44.2913 44.2913 44.2913 44.2913 44.2913 44.2913 44.2913
[ LCMDATA ] 44.8566 44.8566 44.8566 44.8566 44.8566 44.8566 44.8566
[ LCMDATA ] 45.5278 45.5278 45.5278 45.5278 45.5278 45.5278 45.5278
[ LCMDATA ] 46.0684 46.0684 46.0684 46.0684 46.0684 46.0684 46.0684
[ LCMDATA ] 46.5977 46.5977 46.5977 46.5977 46.5977 46.5977 46.5977
[ LCMDATA ] 47.1154 47.1154 47.1154 47.1154 47.1154 47.1154 47.1154
[ LCMDATA ] 47.6215 47.6215 47.6215 47.6215 47.6215 47.6215 47.6215
[ LCMDATA ] 48.1159 48.1159 48.1159 48.1159 48.1159 48.1159 48.1159
[ LCMDATA ] 48.5993 48.5993 48.5993 48.5993 48.5993 48.5993 48.5993
[ LCMDATA ] 49.0698 49.0698 49.0698 49.0698 49.0698 49.0698 49.0698
[ LCMDATA ] 49.5282 49.5282 49.5282 49.5282 49.5282 49.5282 49.5282
[ LCMDATA ] 49.9744 49.9744 49.9744 49.9744 49.9744 49.9744 49.9744
[ LCMDATA ] 50.4082 50.4082 50.4082 50.4082 50.4082 50.4082 50.4082
[ LCMDATA ] 50.8296 50.8296 50.8296 50.8296 50.8296 50.8296 50.8296
[ LCMDATA ] 51.2385 51.2385 51.2385 51.2385 51.2385 51.2385 51.2385
[ LCMDATA ] 51.6347 51.6347 51.6347 51.6347 51.6347 51.6347 51.6347
[ LCMDATA ] 52.0182 52.0182 52.0182 52.0182 52.0182 52.0182 52.0182
[ LCMDATA ] 52.3888 52.3888 52.3888 52.3888 52.3888 52.3888 52.3888
[ LCMDATA ] 52.7465 52.7465 52.7465 52.7465 52.7465 52.7465 52.7465
[ LCMDATA ] 53.0912 53.0912 53.0912 53.0912 53.0912 53.0912 53.0912
[ LCMDATA ] 53.4445 53.4445 53.4445 53.4445 53.4445 53.4445 53.4445
[ LCMDATA ] 53.7621 53.7621 53.7621 53.7621 53.7621 53.7621 53.7621
[ LCMDATA ] 54.0899 54.0899 54.0899 54.0899 54.0899 54.0899 54.0899
[ LCMDATA ] 54.4422 54.4422 54.4422 54.4422 54.4422 54.4422 54.4422
[ LCMDATA ] 54.7157 54.7157 54.7157 54.7157 54.7157 54.7157 54.7157
[ LCMDATA ] 54.9756 54.9756 54.9756 54.9756 54.9756 54.9756 54.9756
[ LCMDATA ] 55.222 55.222 55.222 55.222 55.222 55.222 55.222
[ LCMDATA ] 55.4548 55.4548 55.4548 55.4548 55.4548 55.4548 55.4548
[ LCMDATA ] 55.696 55.696 55.696 55.696 55.696 55.696 55.696
[ LCMDATA ] 55.8999 55.8999 55.8999 55.8999 55.8999 55.8999 55.8999
[ LCMDATA ] 56.0901 56.0901 56.0901 56.0901 56.0901 56.0901 56.0901
[ LCMDATA ] 56.2664 56.2664 56.2664 56.2664 56.2664 56.2664 56.2664
[ LCMDATA ] 56.4493 56.4493 56.4493 56.4493 56.4493 56.4493 56.4493
[ LCMDATA ] 56.6022 56.6022 56.6022 56.6022 56.6022 56.6022 56.6022
[ LCMDATA ] 56.7343 56.7343 56.7343 56.7343 56.7343 56.7343 56.7343
[ LCMDATA ] 56.8543 56.8543 56.8543 56.8543 56.8543 56.8543 56.8543
[ LCMDATA ] 56.9749 56.9749 56.9749 56.9749 56.9749 56.9749 56.9749
[ LCMDATA ] 57.0717 57.0717 57.0717 57.0717 57.0717 57.0717 57.0717
[ LCMDATA ] 57.1441 57.1441 57.1441 57.1441 57.1441 57.1441 57.1441
[ LCMDATA ] 57.2017 57.2017 57.2017 57.2017 57.2017 57.2017 57.2017
[ LCMDATA ] 57.2554 57.2554 57.2554 57.2554 57.2554 57.2554 57.2554
[ LCMDATA ] 57.2796 57.2796 57.2796 57.2796 57.2796 57.2796 57.2796
[ LCMDATA ] 57.2897 57.2897 57.2897 57.2897 57.2897 57.2897 57.2897
[ LCMDATA ] 57.2856 57.2856 57.2856 57.2856 57.2856 57.2856 57.2856
[ LCMDATA ] 57.2674 57.2674 57.2674 57.2674 57.2674 57.2674 57.2674
[ LCMDATA ] 57.2351 57.2351 57.2351 57.2351 57.2351 57.2351 57.2351
[ LCMDATA ] 57.1887 57.1887 57.1887 57.1887 57.1887 57.1887 57.1887
[ LCMDATA ] 57.1282 57.1282 57.1282 57.1282 57.1282 57.1282 57.1282
[ LCMDATA ] 57.0535 57.0535 57.0535 57.0535 57.0535 57.0535 57.0535
[ LCMDATA ] 56.9648 56.9648 56.9648 56.9648 56.9648 56.9648 56.9648
[ LCMDATA ] 56.862 56.862 56.862 56.862 56.862 56.862 56.862
[ LCMDATA ] 56.7452 56.7452 56.7452 56.7452 56.7452 56.7452 56.7452
[ LCMDATA ] 56.6144 56.6144 56.6144 56.6144 56.6144 56.6144 56.6144
[ LCMDATA ] 56.4696 56.4696 56.4696 56.4696 56.4696 56.4696 56.4696
[ LCMDATA ] 56.3109 56.3109 56.3109 56.3109 56.3109 56.3109 56.3109
[ LCMDATA ] 56.0585 56.0585 56.0585 56.0585 56.0585 56.0585 56.0585
[ LCMDATA ] 55.8209 55.8209 55.8209 55.8209 55.8209 55.8209 55.8209
[ LCMDATA ] 55.6115 55.6115 55.6115 55.6115 55.6115 55.6115 55.6115
[ LCMDATA ] 55.3884 55.3884 55.3884 55.3884 55.3884 55.3884 55.3884
[ LCMDATA ] 55.1492 55.1492 55.1492 55.1492 55.1492 55.1492 55.1492
[ LCMDATA ] 54.8987 54.8987 54.8987 54.8987 54.8987 54.8987 54.8987
[ LCMDATA ] 54.6324 54.6324 54.6324 54.6324 54.6324 54.6324 54.6324
[ LCMDATA ] 54.2567 54.2567 54.2567 54.2567 54.2567 54.2567 54.2567
[ LCMDATA ] 53.934 53.934 53.934 53.934 53.934 53.934 53.934
[ LCMDATA ] 53.6179 53.6179 53.6179 53.6179 53.6179 53.6179 53.6179
[ LCMDATA ] 53.2943 53.2943 53.2943 53.2943 53.2943 53.2943 53.2943
[ LCMDATA ] 52.9576 52.9576 52.9576 52.9576 52.9576 52.9576 52.9576
[ LCMDATA ] 52.5441 52.5441 52.5441 52.5441 52.5441 52.5441 52.5441
[ LCMDATA ] 52.179 52.179 52.179 52.179 52.179 52.179 52.179
[ LCMDATA ] 51.7726 51.7726 51.7726 51.7726 51.7726 51.7726 51.7726
[ LCMDATA ] 51.3809 51.3809 51.3809 51.3809 51.3809 51.3809 51.3809
[ LCMDATA ] 50.9766 50.9766 50.9766 50.9766 50.9766 50.9766 50.9766
[ LCMDATA ] 50.3722 50.3722 50.3722 50.3722 50.3722 50.3722 50.3722
[ LCMDATA ] 49.9373 49.9373 49.9373 49.9373 49.9373 49.9373 49.9373
[ LCMDATA ] 49.4901 49.4901 49.4901 49.4901 49.4901 49.4901 49.4901
[ LCMDATA ] 48.9279 48.9279 48.9279 48.9279 48.9279 48.9279 48.9279
[ LCMDATA ] 48.3476 48.3476 48.3476 48.3476 48.3476 48.3476 48.3476
[ LCMDATA ] 47.8589 47.8589 47.8589 47.8589 47.8589 47.8589 47.8589
[ LCMDATA ] 47.3583 47.3583 47.3583 47.3583 47.3583 47.3583 47.3583
[ LCMDATA ] 46.6574 46.6574 46.6574 46.6574 46.6574 46.6574 46.6574
[ LCMDATA ] 46.1295 46.1295 46.1295 46.1295 46.1295 46.1295 46.1295
[ LCMDATA ] 45.5842 45.5842 45.5842 45.5842 45.5842 45.5842 45.5842
[ LCMDATA ] 45.0335 45.0335 45.0335 45.0335 45.0335 45.0335 45.0335
[ LCMDATA ] 44.2643 44.2643 44.2643 44.2643 44.2643 44.2643 44.2643
[ LCMDATA ] 43.6875 43.6875 43.6875 43.6875 43.6875 43.6875 43.6875
[ LCMDATA ] 42.9066 42.9066 42.9066 42.9066 42.9066 42.9066 42.9066
[ LCMDATA ] 42.305 42.305 42.305 42.305 42.305 42.305 42.305
[ LCMDATA ] 41.693 41.693 41.693 41.693 41.693 41.693 41.693
[ LCMDATA ] 40.9591 40.9591 40.9591 40.9591 40.9591 40.9591 40.9591
[ LCMDATA ] 40.3249 40.3249 40.3249 40.3249 40.3249 40.3249 40.3249
[ LCMDATA ] 39.6194 39.6194 39.6194 39.6194 39.6194 39.6194 39.6194
[ LCMDATA ] 38.9645 38.9645 38.9645 38.9645 38.9645 38.9645 38.9645
[ LCMDATA ] 38.3 38.3 38.3 38.3 38.3 38.3 38.3
[ LCMDATA ] 37.5083 37.5083 37.5083 37.5083 37.5083 37.5083 37.5083
[ LCMDATA ] 36.7458 36.7458 36.7458 36.7458 36.7458 36.7458 36.7458
[ LCMDATA ] 36.0509 36.0509 36.0509 36.0509 36.0509 36.0509 36.0509
[ LCMDATA ] 35.3471 35.3471 35.3471 35.3471 35.3471 35.3471 35.3471
[ LCMDATA ] 34.4772 34.4772 34.4772 34.4772 34.4772 34.4772 34.4772
[ LCMDATA ] 33.7543 33.7543 33.7543 33.7543 33.7543 33.7543 33.7543
[ LCMDATA ] 32.955 32.955 32.955 32.955 32.955 32.955 32.955
[ LCMDATA ] 32.051 32.051 32.051 32.051 32.051 32.051 32.051
[ LCMDATA ] 31.3012 31.3012 31.3012 31.3012 31.3012 31.3012 31.3012
[ LCMDATA ] 30.5096 30.5096 30.5096 30.5096 30.5096 30.5096 30.5096
[ LCMDATA ] 29.7441 29.7441 29.7441 29.7441 29.7441 29.7441 29.7441
[ LCMDATA ] 28.8523 28.8523 28.8523 28.8523 28.8523 28.8523 28.8523
[ LCMDATA ] 27.8982 27.8982 27.8982 27.8982 27.8982 27.8982 27.8982
[ LCMDATA ] 27.1087 27.1087 27.1087 27.1087 27.1087 27.1087 27.1087
[ LCMDATA ] 26.0715 26.0715 26.0715 26.0715 26.0715 26.0715 26.0715
[ LCMDATA ] 25.2669 25.2669 25.2669 25.2669 25.2669 25.2669 25.2669
[ LCMDATA ] 24.4562 24.4562 24.4562 24.4562 24.4562 24.4562 24.4562
[ LCMDATA ] 23.6394 23.6394 23.6394 23.6394 23.6394 23.6394 23.6394
[ LCMDATA ] 22.7094 22.7094 22.7094 22.7094 22.7094 22.7094 22.7094
[ LCMDATA ] 21.6348 21.6348 21.6348 21.6348 21.6348 21.6348 21.6348
[ LCMDATA ] 20.7989 20.7989 20.7989 20.7989 20.7989 20.7989 20.7989
[ LCMDATA ] 19.7347 19.7347 19.7347 19.7347 19.7347 19.7347 19.7347
[ LCMDATA ] 18.8874 18.8874 18.8874 18.8874 18.8874 18.8874 18.8874
[ LCMDATA ] 18.0355 18.0355 18.0355 18.0355 18.0355 18.0355 18.0355
[ LCMDATA ] 17.1792 17.1792 17.1792 17.1792 17.1792 17.1792 17.1792
[ LCMDATA ] 16.3186 16.3186 16.3186 16.3186 16.3186 16.3186 16.3186
[ LCMDATA ] 15.4539 15.4539 15.4539 15.4539 15.4539 15.4539 15.4539
[ LCMDATA ] 14.5855 14.5855 14.5855 14.5855 14.5855 14.5855 14.5855
[ LCMDATA ] 13.7135 13.7135 13.7135 13.7135 13.7135 13.7135 13.7135
[ LCMDATA ] 12.8381 12.8381 12.8381 12.8381 12.8381 12.8381 12.8381
[ LCMDATA ] 11.9595 11.9595 11.9595 11.9595 11.9595 11.9595 11.9595
[ LCMDATA ] 11.078 11.078 11.078 11.078 11.078 11.078 11.078
[ LCMDATA ] 10.1937 10.1937 10.1937 10.1937 10.1937 10.1937 10.1937
[ LCMDATA ] 9.03162 9.03162 9.03162 9.03162 9.03162 9.03162 9.03162
[ LCMDATA ] 8.14188 8.14188 8.14188 8.14188 8.14188 8.14188 8.14188
[ LCMDATA ] 7.25012 7.25012 7.25012 7.25012 7.25012 7.25012 7.25012
[ LCMDATA ] 6.35658 6.35658 6.35658 6.35658 6.35658 6.35658 6.35658
[ LCMDATA ] 5.46147 5.46147 5.46147 5.46147 5.46147 5.46147 5.46147
[ LCMDATA ] 4.55654 4.55654 4.55654 4.55654 4.55654 4.55654 4.55654
[ LCMDATA ] 3.53792 3.53792 3.53792 3.53792 3.53792 3.53792 3.53792
[ LCMDATA ] 2.63931 2.63931 2.63931 2.63931 2.63931 2.63931 2.63931
[ LCMDATA ] 1.63771 1.63771 1.63771 1.63771 1.63771 1.63771 1.63771
[ LCMDATA ] 0.540043 0.540043 0.540043 0.540043 0.540043 0.540043 0.540043
[ LCMDATA ] -0.359857 -0.359857 -0.359857 -0.359857 -0.359857 -0.359857 -0.359857
[ LCMDATA ] -1.30919 -1.30919 -1.30919 -1.30919 -1.30919 -1.30919 -1.30919
[ LCMDATA ] -2.20868 -2.20868 -2.20868 -2.20868 -2.20868 -2.20868 -2.20868
[ LCMDATA ] -3.23079 -3.23079 -3.23079 -3.23079 -3.23079 -3.23079 -3.23079
[ LCMDATA ] -4.32652 -4.32652 -4.32652 -4.32652 -4.32652 -4.32652 -4.32652
[ LCMDATA ] -5.22331 -5.22331 -5.22331 -5.22331 -5.22331 -5.22331 -5.22331
[ LCMDATA ] -6.1188 -6.1188 -6.1188 -6.1188 -6.1188 -6.1188 -6.1188
[ LCMDATA ] -7.21439 -7.21439 -7.21439 -7.21439 -7.21439 -7.21439 -7.21439
[ LCMDATA ] -8.10623 -8.10623 -8.10623 -8.10623 -8.10623 -8.10623 -8.10623
[ LCMDATA ] -8.99606 -8.99606 -8.99606 -8.99606 -8.99606 -8.99606 -8.99606
[ LCMDATA ] -9.88367 -9.88367 -9.88367 -9.88367 -9.88367 -9.88367 -9.88367
[ LCMDATA ] -11.09 -11.09 -11.09 -11.09 -11.09 -11.09 -11.09
[ LCMDATA ] -11.9912 -11.9912 -11.9912 -11.9912 -11.9912 -11.9912 -11.9912
[ LCMDATA ] -12.8696 -12.8696 -12.8696 -12.8696 -12.8696 -12.8696 -12.8696
[ LCMDATA ] -13.7449 -13.7449 -13.7449 -13.7449 -13.7449 -13.7449 -13.7449
[ LCMDATA ] -14.6169 -14.6169 -14.6169 -14.6169 -14.6169 -14.6169 -14.6169
[ LCMDATA ] -15.4852 -15.4852 -15.4852 -15.4852 -15.4852 -15.4852 -15.4852
[ LCMDATA ] -16.3496 -16.3496 -16.3496 -16.3496 -16.3496 -16.3496 -16.3496
[ LCMDATA ] -17.2101 -17.2101 -17.2101 -17.2101 -17.2101 -17.2101 -17.2101
[ LCMDATA ] -18.0663 -18.0663 -18.0663 -18.0663 -18.0663 -18.0663 -18.0663
[ LCMDATA ] -18.918 -18.918 -18.918 -18.918 -18.918 -18.918 -18.918
[ LCMDATA ] -19.7651 -19.7651 -19.7651 -19.7651 -19.7651 -19.7651 -19.7651
[ LCMDATA ] -20.8821 -20.8821 -20.8821 -20.8821 -20.8821 -20.8821 -20.8821
[ LCMDATA ] -21.7176 -21.7176 -21.7176 -21.7176 -21.7176 -21.7176 -21.7176
[ LCMDATA ] -22.6306 -22.6306 -22.6306 -22.6306 -22.6306 -22.6306 -22.6306
[ LCMDATA ] -23.4546 -23.4546 -23.4546 -23.4546 -23.4546 -23.4546 -23.4546
[ LCMDATA ] -24.2727 -24.2727 -24.2727 -24.2727 -24.2727 -24.2727 -24.2727
[ LCMDATA ] -25.3428 -25.3428 -25.3428 -25.3428 -25.3428 -25.3428 -25.3428
[ LCMDATA ] -26.1467 -26.1467 -26.1467 -26.1467 -26.1467 -26.1467 -26.1467
[ LCMDATA ] -27.0743 -27.0743 -27.0743 -27.0743 -27.0743 -27.0743 -27.0743
[ LCMDATA ] -28.0381 -28.0381 -28.0381 -28.0381 -28.0381 -28.0381 -28.0381
[ LCMDATA ] -28.9055 -28.9055 -28.9055 -28.9055 -28.9055 -28.9055 -28.9055
[ LCMDATA ] -29.7742 -29.7742 -29.7742 -29.7742 -29.7742 -29.7742 -29.7742
[ LCMDATA ] -30.5394 -30.5394 -30.5394 -30.5394 -30.5394 -30.5394 -30.5394
[ LCMDATA ] -31.297 -31.297 -31.297 -31.297 -31.297 -31.297 -31.297
[ LCMDATA ] -32.0468 -32.0468 -32.0468 -32.0468 -32.0468 -32.0468 -32.0468
[ LCMDATA ] -32.7888 -32.7888 -32.7888 -32.7888 -32.7888 -32.7888 -32.7888
[ LCMDATA ] -33.8053 -33.8053 -33.8053 -33.8053 -33.8053 -33.8053 -33.8053
[ LCMDATA ] -34.5542 -34.5542 -34.5542 -34.5542 -34.5542 -34.5542 -34.5542
[ LCMDATA ] -35.2677 -35.2677 -35.2677 -35.2677 -35.2677 -35.2677 -35.2677
[ LCMDATA ] -35.9725 -35.9725 -35.9725 -35.9725 -35.9725 -35.9725 -35.9725
[ LCMDATA ] -36.6685 -36.6685 -36.6685 -36.6685 -36.6685 -36.6685 -36.6685
[ LCMDATA ] -37.4936 -37.4936 -37.4936 -37.4936 -37.4936 -37.4936 -37.4936
[ LCMDATA ] -38.1694 -38.1694 -38.1694 -38.1694 -38.1694 -38.1694 -38.1694
[ LCMDATA ] -38.8357 -38.8357 -38.8357 -38.8357 -38.8357 -38.8357 -38.8357
[ LCMDATA ] -39.4925 -39.4925 -39.4925 -39.4925 -39.4925 -39.4925 -39.4925
[ LCMDATA ] -40.1395 -40.1395 -40.1395 -40.1395 -40.1395 -40.1395 -40.1395
[ LCMDATA ] -40.7981 -40.7981 -40.7981 -40.7981 -40.7981 -40.7981 -40.7981
[ LCMDATA ] -41.4686 -41.4686 -41.4686 -41.4686 -41.4686 -41.4686 -41.4686
[ LCMDATA ] -42.0844 -42.0844 -42.0844 -42.0844 -42.0844 -42.0844 -42.0844
[ LCMDATA ] -42.6898 -42.6898 -42.6898 -42.6898 -42.6898 -42.6898 -42.6898
[ LCMDATA ] -43.4415 -43.4415 -43.4415 -43.4415 -43.4415 -43.4415 -43.4415
[ LCMDATA ] -44.1519 -44.1519 -44.1519 -44.1519 -44.1519 -44.1519 -44.1519
[ LCMDATA ] -44.7199 -44.7199 -44.7199 -44.7199 -44.7199 -44.7199 -44.7199
[ LCMDATA ] -45.2769 -45.2769 -45.2769 -45.2769 -45.2769 -45.2769 -45.2769
[ LCMDATA ] -46.0165 -46.0165 -46.0165 -46.0165 -46.0165 -46.0165 -46.0165
[ LCMDATA ] -46.7784 -46.7784 -46.7784 -46.7784 -46.7784 -46.7784 -46.7784
[ LCMDATA ] -47.2921 -47.2921 -47.2921 -47.2921 -47.2921 -47.2921 -47.2921
[ LCMDATA ] -47.7942 -47.7942 -47.7942 -47.7942 -47.7942 -47.7942 -47.7942
[ LCMDATA ] -48.3923 -48.3923 -48.3923 -48.3923 -48.3923 -48.3923 -48.3923
[ LCMDATA ] -48.868 -48.868 -48.868 -48.868 -48.868 -48.868 -48.868
[ LCMDATA ] -49.3317 -49.3317 -49.3317 -49.3317 -49.3317 -49.3317 -49.3317
[ LCMDATA ] -49.8085 -49.8085 -49.8085 -49.8085 -49.8085 -49.8085 -49.8085
[ LCMDATA ] -50.247 -50.247 -50.247 -50.247 -50.247 -50.247 -50.247
[ LCMDATA ] -50.673 -50.673 -50.673 -50.673 -50.673 -50.673 -50.673
[ LCMDATA ] -51.1904 -51.1904 -51.1904 -51.1904 -51.1904 -51.1904 -51.1904
[ LCMDATA ] -51.5881 -51.5881 -51.5881 -51.5881 -51.5881 -51.5881 -51.5881
[ LCMDATA ] -52.0596 -52.0596 -52.0596 -52.0596 -52.0596 -52.0596 -52.0596
[ LCMDATA ] -52.5228 -52.5228 -52.5228 -52.5228 -52.5228 -52.5228 -52.5228
[ LCMDATA ] -52.8757 -52.8757 -52.8757 -52.8757 -52.8757 -52.8757 -52.8757
[ LCMDATA ] -53.2156 -53.2156 -53.2156 -53.2156 -53.2156 -53.2156 -53.2156
[ LCMDATA ] -53.5423 -53.5423 -53.5423 -53.5423 -53.5423 -53.5423 -53.5423
[ LCMDATA ] -53.8558 -53.8558 -53.8558 -53.8558 -53.8558 -53.8558 -53.8558
[ LCMDATA ] -54.1561 -54.1561 -54.1561 -54.1561 -54.1561 -54.1561 -54.1561
[ LCMDATA ] -54.4429 -54.4429 -54.4429 -54.4429 -54.4429 -54.4429 -54.4429
[ LCMDATA ] -54.7164 -54.7164 -54.7164 -54.7164 -54.7164 -54.7164 -54.7164
[ LCMDATA ] -54.9763 -54.9763 -54.9763 -54.9763 -54.9763 -54.9763 -54.9763
[ LCMDATA ] -55.2227 -55.2227 -55.2227 -55.2227 -55.2227 -55.2227 -55.2227
[ LCMDATA ] -55.4554 -55.4554 -55.4554 -55.4554 -55.4554 -55.4554 -55.4554
[ LCMDATA ] -55.6745 -55.6745 -55.6745 -55.6745 -55.6745 -55.6745 -55.6745
[ LCMDATA ] -55.8798 -55.8798 -55.8798 -55.8798 -55.8798 -55.8798 -55.8798
[ LCMDATA ] -56.0713 -56.0713 -56.0713 -56.0713 -56.0713 -56.0713 -56.0713
[ LCMDATA ] -56.249 -56.249 -56.249 -56.249 -56.249 -56.249 -56.249
[ LCMDATA ] -56.4129 -56.4129 -56.4129 -56.4129 -56.4129 -56.4129 -56.4129
[ LCMDATA ] -56.5628 -56.5628 -56.5628 -56.5628 -56.5628 -56.5628 -56.5628
[ LCMDATA ] -56.6987 -56.6987 -56.6987 -56.6987 -56.6987 -56.6987 -56.6987
[ LCMDATA ] -56.8207 -56.8207 -56.8207 -56.8207 -56.8207 -56.8207 -56.8207
[ LCMDATA ] -56.9286 -56.9286 -56.9286 -56.9286 -56.9286 -56.9286 -56.9286
[ LCMDATA ] -57.0225 -57.0225 -57.0225 -57.0225 -57.0225 -57.0225 -57.0225
[ LCMDATA ] -57.1023 -57.1023 -57.1023 -57.1023 -57.1023 -57.1023 -57.1023
[ LCMDATA ] -57.1681 -57.1681 -57.1681 -57.1681 -57.1681 -57.1681 -57.1681
[ LCMDATA ] -57.2197 -57.2197 -57.2197 -57.2197 -57.2197 -57.2197 -57.2197
[ LCMDATA ] -57.2574 -57.2574 -57.2574 -57.2574 -57.2574 -57.2574 -57.2574
[ LCMDATA ] -57.2807 -57.2807 -57.2807 -57.2807 -57.2807 -57.2807 -57.2807
[ LCMDATA ] -57.2898 -57.2898 -57.2898 -57.2898 -57.2898 -57.2898 -57.2898
[ LCMDATA ] -57.2849 -57.2849 -57.2849 -57.2849 -57.2849 -57.2849 -57.2849
[ LCMDATA ] -57.2657 -57.2657 -57.2657 -57.2657 -57.2657 -57.2657 -57.2657
[ LCMDATA ] -57.2324 -57.2324 -57.2324 -57.2324 -57.2324 -57.2324 -57.2324
[ LCMDATA ] -57.1845 -57.1845 -57.1845 -57.1845 -57.1845 -57.1845 -57.1845
[ LCMDATA ] -57.1228 -57.1228 -57.1228 -57.1228 -57.1228 -57.1228 -57.1228
[ LCMDATA ] -57.0232 -57.0232 -57.0232 -57.0232 -57.0232 -57.0232 -57.0232
[ LCMDATA ] -56.9294 -56.9294 -56.9294 -56.9294 -56.9294 -56.9294 -56.9294
[ LCMDATA ] -56.7838 -56.7838 -56.7838 -56.7838 -56.7838 -56.7838 -56.7838
[ LCMDATA ] -56.6575 -56.6575 -56.6575 -56.6575 -56.6575 -56.6575 -56.6575
[ LCMDATA ] -56.5171 -56.5171 -56.5171 -56.5171 -56.5171 -56.5171 -56.5171
[ LCMDATA ] -56.3136 -56.3136 -56.3136 -56.3136 -56.3136 -56.3136 -56.3136
[ LCMDATA ] -56.1013 -56.1013 -56.1013 -56.1013 -56.1013 -56.1013 -56.1013
[ LCMDATA ] -55.912 -55.912 -55.912 -55.912 -55.912 -55.912 -55.912
[ LCMDATA ] -55.69 -55.69 -55.69 -55.69 -55.69 -55.69 -55.69
[ LCMDATA ] -55.4719 -55.4719 -55.4719 -55.4719 -55.4719 -55.4719 -55.4719
[ LCMDATA ] -55.22 -55.22 -55.22 -55.22 -55.22 -55.22 -55.22
[ LCMDATA ] -54.9174 -54.9174 -54.9174 -54.9174 -54.9174 -54.9174 -54.9174
[ LCMDATA ] -54.6543 -54.6543 -54.6543 -54.6543 -54.6543 -54.6543 -54.6543
[ LCMDATA ] -54.3467 -54.3467 -54.3467 -54.3467 -54.3467 -54.3467 -54.3467
[ LCMDATA ] -54.0553 -54.0553 -54.0553 -54.0553 -54.0553 -54.0553 -54.0553
[ LCMDATA ] -53.7505 -53.7505 -53.7505 -53.7505 -53.7505 -53.7505 -53.7505
[ LCMDATA ] -53.3291 -53.3291 -53.3291 -53.3291 -53.3291 -53.3291 -53.3291
[ LCMDATA ] -52.9179 -52.9179 -52.9179 -52.9179 -52.9179 -52.9179 -52.9179
[ LCMDATA ] -52.5666 -52.5666 -52.5666 -52.5666 -52.5666 -52.5666 -52.5666
[ LCMDATA ] -52.2023 -52.2023 -52.2023 -52.2023 -52.2023 -52.2023 -52.2023
[ LCMDATA ] -51.8089 -51.8089 -51.8089 -51.8089 -51.8089 -51.8089 -51.8089
[ LCMDATA ] -51.3818 -51.3818 -51.3818 -51.3818 -51.3818 -51.3818 -51.3818
[ LCMDATA ] -50.9774 -50.9774 -50.9774 -50.9774 -50.9774 -50.9774 -50.9774
[ LCMDATA ] -50.5605 -50.5605 -50.5605 -50.5605 -50.5605 -50.5605 -50.5605
[ LCMDATA ] -50.0446 -50.0446 -50.0446 -50.0446 -50.0446 -50.0446 -50.0446
[ LCMDATA ] -49.6004 -49.6004 -49.6004 -49.6004 -49.6004 -49.6004 -49.6004
[ LCMDATA ] -49.1066 -49.1066 -49.1066 -49.1066 -49.1066 -49.1066 -49.1066
[ LCMDATA ] -48.6371 -48.6371 -48.6371 -48.6371 -48.6371 -48.6371 -48.6371
[ LCMDATA ] -48.1555 -48.1555 -48.1555 -48.1555 -48.1555 -48.1555 -48.1555
[ LCMDATA ] -47.6315 -47.6315 -47.6315 -47.6315 -47.6315 -47.6315 -47.6315
[ LCMDATA ] -47.079 -47.079 -47.079 -47.079 -47.079 -47.079 -47.079
[ LCMDATA ] -46.5604 -46.5604 -46.5604 -46.5604 -46.5604 -46.5604 -46.5604
[ LCMDATA ] -46.0304 -46.0304 -46.0304 -46.0304 -46.0304 -46.0304 -46.0304
[ LCMDATA ] -45.4388 -45.4388 -45.4388 -45.4388 -45.4388 -45.4388 -45.4388
[ LCMDATA ] -44.8852 -44.8852 -44.8852 -44.8852 -44.8852 -44.8852 -44.8852
[ LCMDATA ] -44.3204 -44.3204 -44.3204 -44.3204 -44.3204 -44.3204 -44.3204
[ LCMDATA ] -43.7447 -43.7447 -43.7447 -43.7447 -43.7447 -43.7447 -43.7447
[ LCMDATA ] -43.1582 -43.1582 -43.1582 -43.1582 -43.1582 -43.1582 -43.1582
[ LCMDATA ] -42.5611 -42.5611 -42.5611 -42.5611 -42.5611 -42.5611 -42.5611
[ LCMDATA ] -41.8272 -41.8272 -41.8272 -41.8272 -41.8272 -41.8272 -41.8272
[ LCMDATA ] -41.2071 -41.2071 -41.2071 -41.2071 -41.2071 -41.2071 -41.2071
[ LCMDATA ] -40.5323 -40.5323 -40.5323 -40.5323 -40.5323 -40.5323 -40.5323
[ LCMDATA ] -39.8501 -39.8501 -39.8501 -39.8501 -39.8501 -39.8501 -39.8501
[ LCMDATA ] -39.0492 -39.0492 -39.0492 -39.0492 -39.0492 -39.0492 -39.0492
[ LCMDATA ] -38.2921 -38.2921 -38.2921 -38.2921 -38.2921 -38.2921 -38.2921
[ LCMDATA ] -37.4665 -37.4665 -37.4665 -37.4665 -37.4665 -37.4665 -37.4665
[ LCMDATA ] -36.7811 -36.7811 -36.7811 -36.7811 -36.7811 -36.7811 -36.7811
[ LCMDATA ] -35.8268 -35.8268 -35.8268 -35.8268 -35.8268 -35.8268 -35.8268
[ LCMDATA ] -35.1201 -35.1201 -35.1201 -35.1201 -35.1201 -35.1201 -35.1201
[ LCMDATA ] -34.4048 -34.4048 -34.4048 -34.4048 -34.4048 -34.4048 -34.4048
[ LCMDATA ] -33.681 -33.681 -33.681 -33.681 -33.681 -33.681 -33.681
[ LCMDATA ] -32.6549 -32.6549 -32.6549 -32.6549 -32.6549 -32.6549 -32.6549
[ LCMDATA ] -31.876 -31.876 -31.876 -31.876 -31.876 -31.876 -31.876
[ LCMDATA ] -31.1243 -31.1243 -31.1243 -31.1243 -31.1243 -31.1243 -31.1243
[ LCMDATA ] -30.2329 -30.2329 -30.2329 -30.2329 -30.2329 -30.2329 -30.2329
[ LCMDATA ] -29.2942 -29.2942 -29.2942 -29.2942 -29.2942 -29.2942 -29.2942
[ LCMDATA ] -28.5173 -28.5173 -28.5173 -28.5173 -28.5173 -28.5173 -28.5173
[ LCMDATA ] -27.5841 -27.5841 -27.5841 -27.5841 -27.5841 -27.5841 -27.5841
[ LCMDATA ] -26.792 -26.792 -26.792 -26.792 -26.792 -26.792 -26.792
[ LCMDATA ] -25.9932 -25.9932 -25.9932 -25.9932 -25.9932 -25.9932 -25.9932
[ LCMDATA ] -25.1881 -25.1881 -25.1881 -25.1881 -25.1881 -25.1881 -25.1881
[ LCMDATA ] -24.3768 -24.3768 -24.3768 -24.3768 -24.3768 -24.3768 -24.3768
[ LCMDATA ] -23.5594 -23.5594 -23.5594 -23.5594 -23.5594 -23.5594 -23.5594
[ LCMDATA ] -22.7362 -22.7362 -22.7362 -22.7362 -22.7362 -22.7362 -22.7362
[ LCMDATA ] -21.9074 -21.9074 -21.9074 -21.9074 -21.9074 -21.9074 -21.9074
[ LCMDATA ] -21.0732 -21.0732 -21.0732 -21.0732 -21.0732 -21.0732 -21.0732
[ LCMDATA ] -20.2338 -20.2338 -20.2338 -20.2338 -20.2338 -20.2338 -20.2338
[ LCMDATA ] -19.3895 -19.3895 -19.3895 -19.3895 -19.3895 -19.3895 -19.3895
[ LCMDATA ] -18.5403 -18.5403 -18.5403 -18.5403 -18.5403 -18.5403 -18.5403
[ LCMDATA ] -17.6866 -17.6866 -17.6866 -17.6866 -17.6866 -17.6866 -17.6866
[ LCMDATA ] -16.8285 -16.8285 -16.8285 -16.8285 -16.8285 -16.8285 -16.8285
[ LCMDATA ] -15.9662 -15.9662 -15.9662 -15.9662 -15.9662 -15.9662 -15.9662
[ LCMDATA ] -15.1 -15.1 -15.1 -15.1 -15.1 -15.1 -15.1
[ LCMDATA ] -14.2301 -14.2301 -14.2301 -14.2301 -14.2301 -14.2301 -14.2301
[ LCMDATA ] -13.1767 -13.1767 -13.1767 -13.1767 -13.1767 -13.1767 -13.1767
[ LCMDATA ] -12.2993 -12.2993 -12.2993 -12.2993 -12.2993 -12.2993 -12.2993
[ LCMDATA ] -11.0698 -11.0698 -11.0698 -11.0698 -11.0698 -11.0698 -11.0698
[ LCMDATA ] -10.1855 -10.1855 -10.1855 -10.1855 -10.1855 -10.1855 -10.1855
[ LCMDATA ] -9.29873 -9.29873 -9.29873 -9.29873 -9.29873 -9.29873 -9.29873
[ LCMDATA ] -8.40964 -8.40964 -8.40964 -8.40964 -8.40964 -8.40964 -8.40964
[ LCMDATA ] -7.42554 -7.42554 -7.42554 -7.42554 -7.42554 -7.42554 -7.42554
[ LCMDATA ] -6.36757 -6.36757 -6.36757 -6.36757 -6.36757 -6.36757 -6.36757
[ LCMDATA ] -5.47248 -5.47248 -5.47248 -5.47248 -5.47248 -5.47248 -5.47248
[ LCMDATA ] -4.56915 -4.56915 -4.56915 -4.56915 -4.56915 -4.56915 -4.56915
[ LCMDATA ] -3.49212 -3.49212 -3.49212 -3.49212 -3.49212 -3.49212 -3.49212
[ LCMDATA ] -2.59347 -2.59347 -2.59347 -2.59347 -2.59347 -2.59347 -2.59347
[ DELAY ] 14999[ LCMDATA ] -1.68014 -1.68014 -1.68014 -1.68014 -1.68014 -1.68014 -1.68014
[ DELAY ] 15000[ LCMDATA ] -0.582758 -0.582758 -0.582758 -0.582758 -0.582758 -0.582758 -0.582758
[ DELAY ] 15001[ LCMDATA ] 0.317144 0.317144 0.317144 0.317144 0.317144 0.317144 0.317144
[ LCMDATA ] 1.21696 1.21696 1.21696 1.21696 1.21696 1.21696 1.21696
[ LCMDATA ] 2.16256 2.16256 2.16256 2.16256 2.16256 2.16256 2.16256
[ LCMDATA ] 3.26052 3.26052 3.26052 3.26052 3.26052 3.26052 3.26052
[ LCMDATA ] 4.15854 4.15854 4.15854 4.15854 4.15854 4.15854 4.15854
[ LCMDATA ] 5.05553 5.05553 5.05553 5.05553 5.05553 5.05553 5.05553
[ LCMDATA ] 6.06634 6.06634 6.06634 6.06634 6.06634 6.06634 6.06634
[ LCMDATA ] 6.9854 6.9854 6.9854 6.9854 6.9854 6.9854 6.9854
[ LCMDATA ] 7.8799 7.8799 7.8799 7.8799 7.8799 7.8799 7.8799
[ LCMDATA ] 8.77026 8.77026 8.77026 8.77026 8.77026 8.77026 8.77026
[ LCMDATA ] 9.70838 9.70838 9.70838 9.70838 9.70838 9.70838 9.70838
[ LCMDATA ] 10.6562 10.6562 10.6562 10.6562 10.6562 10.6562 10.6562
[ LCMDATA ] 11.5862 11.5862 11.5862 11.5862 11.5862 11.5862 11.5862
[ LCMDATA ] 12.5282 12.5282 12.5282 12.5282 12.5282 12.5282 12.5282
[ LCMDATA ] 13.4048 13.4048 13.4048 13.4048 13.4048 13.4048 13.4048
[ LCMDATA ] 14.3257 14.3257 14.3257 14.3257 14.3257 14.3257 14.3257
[ LCMDATA ] 15.1952 15.1952 15.1952 15.1952 15.1952 15.1952 15.1952
[ LCMDATA ] 16.0623 16.0623 16.0623 16.0623 16.0623 16.0623 16.0623
[ LCMDATA ] 16.9241 16.9241 16.9241 16.9241 16.9241 16.9241 16.9241
[ LCMDATA ] 17.7818 17.7818 17.7818 17.7818 17.7818 17.7818 17.7818
[ LCMDATA ] 18.635 18.635 18.635 18.635 18.635 18.635 18.635
[ LCMDATA ] 19.4837 19.4837 19.4837 19.4837 19.4837 19.4837 19.4837
[ LCMDATA ] 20.3275 20.3275 20.3275 20.3275 20.3275 20.3275 20.3275
[ LCMDATA ] 21.1663 21.1663 21.1663 21.1663 21.1663 21.1663 21.1663
[ LCMDATA ] 21.9999 21.9999 21.9999 21.9999 21.9999 21.9999 21.9999
[ LCMDATA ] 22.8281 22.8281 22.8281 22.8281 22.8281 22.8281 22.8281
[ LCMDATA ] 23.6509 23.6509 23.6509 23.6509 23.6509 23.6509 23.6509
[ LCMDATA ] 24.4676 24.4676 24.4676 24.4676 24.4676 24.4676 24.4676
[ LCMDATA ] 25.2783 25.2783 25.2783 25.2783 25.2783 25.2783 25.2783
[ LCMDATA ] 26.0827 26.0827 26.0827 26.0827 26.0827 26.0827 26.0827
[ LCMDATA ] 26.8807 26.8807 26.8807 26.8807 26.8807 26.8807 26.8807
[ LCMDATA ] 27.6748 27.6748 27.6748 27.6748 27.6748 27.6748 27.6748
[ LCMDATA ] 28.4619 28.4619 28.4619 28.4619 28.4619 28.4619 28.4619
[ LCMDATA ] 29.2394 29.2394 29.2394 29.2394 29.2394 29.2394 29.2394
[ LCMDATA ] 30.0097 30.0097 30.0097 30.0097 30.0097 30.0097 30.0097
[ LCMDATA ] 30.7725 30.7725 30.7725 30.7725 30.7725 30.7725 30.7725
[ LCMDATA ] 31.5277 31.5277 31.5277 31.5277 31.5277 31.5277 31.5277
[ LCMDATA ] 32.2752 32.2752 32.2752 32.2752 32.2752 32.2752 32.2752
[ LCMDATA ] 33.0147 33.0147 33.0147 33.0147 33.0147 33.0147 33.0147
[ LCMDATA ] 33.7461 33.7461 33.7461 33.7461 33.7461 33.7461 33.7461
[ LCMDATA ] 34.4691 34.4691 34.4691 34.4691 34.4691 34.4691 34.4691
[ LCMDATA ] 35.1836 35.1836 35.1836 35.1836 35.1836 35.1836 35.1836
[ LCMDATA ] 35.8895 35.8895 35.8895 35.8895 35.8895 35.8895 35.8895
[ LCMDATA ] 36.5865 36.5865 36.5865 36.5865 36.5865 36.5865 36.5865
[ LCMDATA ] 37.2744 37.2744 37.2744 37.2744 37.2744 37.2744 37.2744
[ LCMDATA ] 37.9532 37.9532 37.9532 37.9532 37.9532 37.9532 37.9532
[ LCMDATA ] 38.624 38.624 38.624 38.624 38.624 38.624 38.624
[ LCMDATA ] 39.2838 39.2838 39.2838 39.2838 39.2838 39.2838 39.2838
[ LCMDATA ] 39.934 39.934 39.934 39.934 39.934 39.934 39.934
[ LCMDATA ] 40.5743 40.5743 40.5743 40.5743 40.5743 40.5743 40.5743
[ LCMDATA ] 41.2046 41.2046 41.2046 41.2046 41.2046 41.2046 41.2046
[ LCMDATA ] 41.8416 41.8416 41.8416 41.8416 41.8416 41.8416 41.8416
[ LCMDATA ] 42.4785 42.4785 42.4785 42.4785 42.4785 42.4785 42.4785
[ LCMDATA ] 43.077 43.077 43.077 43.077 43.077 43.077 43.077
[ LCMDATA ] 43.665 43.665 43.665 43.665 43.665 43.665 43.665
[ LCMDATA ] 44.2421 44.2421 44.2421 44.2421 44.2421 44.2421 44.2421
[ LCMDATA ] 44.8084 44.8084 44.8084 44.8084 44.8084 44.8084 44.8084
[ LCMDATA ] 45.3636 45.3636 45.3636 45.3636 45.3636 45.3636 45.3636
[ LCMDATA ] 45.9076 45.9076 45.9076 45.9076 45.9076 45.9076 45.9076
[ LCMDATA ] 46.4478 46.4478 46.4478 46.4478 46.4478 46.4478 46.4478
[ LCMDATA ] 46.9875 46.9875 46.9875 46.9875 46.9875 46.9875 46.9875
[ LCMDATA ] 47.5136 47.5136 47.5136 47.5136 47.5136 47.5136 47.5136
[ LCMDATA ] 48.0107 48.0107 48.0107 48.0107 48.0107 48.0107 48.0107
[ LCMDATA ] 48.4958 48.4958 48.4958 48.4958 48.4958 48.4958 48.4958
[ LCMDATA ] 48.9689 48.9689 48.9689 48.9689 48.9689 48.9689 48.9689
[ LCMDATA ] 49.4299 49.4299 49.4299 49.4299 49.4299 49.4299 49.4299
[ LCMDATA ] 49.8788 49.8788 49.8788 49.8788 49.8788 49.8788 49.8788
[ LCMDATA ] 50.3153 50.3153 50.3153 50.3153 50.3153 50.3153 50.3153
[ LCMDATA ] 50.7588 50.7588 50.7588 50.7588 50.7588 50.7588 50.7588
[ LCMDATA ] 51.1698 51.1698 51.1698 51.1698 51.1698 51.1698 51.1698
[ LCMDATA ] 51.5692 51.5692 51.5692 51.5692 51.5692 51.5692 51.5692
[ LCMDATA ] 52.0372 52.0372 52.0372 52.0372 52.0372 52.0372 52.0372
[ LCMDATA ] 52.4072 52.4072 52.4072 52.4072 52.4072 52.4072 52.4072
[ LCMDATA ] 52.7643 52.7643 52.7643 52.7643 52.7643 52.7643 52.7643
[ LCMDATA ] 53.1083 53.1083 53.1083 53.1083 53.1083 53.1083 53.1083
[ LCMDATA ] 53.4686 53.4686 53.4686 53.4686 53.4686 53.4686 53.4686
[ LCMDATA ] 53.7851 53.7851 53.7851 53.7851 53.7851 53.7851 53.7851
[ LCMDATA ] 54.0884 54.0884 54.0884 54.0884 54.0884 54.0884 54.0884
[ LCMDATA ] 54.3987 54.3987 54.3987 54.3987 54.3987 54.3987 54.3987
[ LCMDATA ] 54.7098 54.7098 54.7098 54.7098 54.7098 54.7098 54.7098
[ LCMDATA ] 54.9701 54.9701 54.9701 54.9701 54.9701 54.9701 54.9701
[ LCMDATA ] 55.3055 55.3055 55.3055 55.3055 55.3055 55.3055 55.3055
[ LCMDATA ] 55.5335 55.5335 55.5335 55.5335 55.5335 55.5335 55.5335
[ LCMDATA ] 55.8181 55.8181 55.8181 55.8181 55.8181 55.8181 55.8181
[ LCMDATA ] 56.0285 56.0285 56.0285 56.0285 56.0285 56.0285 56.0285
[ LCMDATA ] 56.2094 56.2094 56.2094 56.2094 56.2094 56.2094 56.2094
[ LCMDATA ] 56.3764 56.3764 56.3764 56.3764 56.3764 56.3764 56.3764
[ LCMDATA ] 56.531 56.531 56.531 56.531 56.531 56.531 56.531
[ LCMDATA ] 56.6701 56.6701 56.6701 56.6701 56.6701 56.6701 56.6701
[ LCMDATA ] 56.7952 56.7952 56.7952 56.7952 56.7952 56.7952 56.7952
[ LCMDATA ] 56.9131 56.9131 56.9131 56.9131 56.9131 56.9131 56.9131
[ LCMDATA ] 57.0091 57.0091 57.0091 57.0091 57.0091 57.0091 57.0091
[ LCMDATA ] 57.0911 57.0911 57.0911 57.0911 57.0911 57.0911 57.0911
[ LCMDATA ] 57.159 57.159 57.159 57.159 57.159 57.159 57.159
[ LCMDATA ] 57.2165 57.2165 57.2165 57.2165 57.2165 57.2165 57.2165
[ LCMDATA ] 57.2616 57.2616 57.2616 57.2616 57.2616 57.2616 57.2616
[ LCMDATA ] 57.2856 57.2856 57.2856 57.2856 57.2856 57.2856 57.2856
[ LCMDATA ] 57.2897 57.2897 57.2897 57.2897 57.2897 57.2897 57.2897
[ LCMDATA ] 57.2796 57.2796 57.2796 57.2796 57.2796 57.2796 57.2796
[ LCMDATA ] 57.2553 57.2553 57.2553 57.2553 57.2553 57.2553 57.2553
[ LCMDATA ] 57.217 57.217 57.217 57.217 57.217 57.217 57.217
[ LCMDATA ] 57.1645 57.1645 57.1645 57.1645 57.1645 57.1645 57.1645
[ LCMDATA ] 57.0979 57.0979 57.0979 57.0979 57.0979 57.0979 57.0979
[ LCMDATA ] 56.9886 56.9886 56.9886 56.9886 56.9886 56.9886 56.9886
[ LCMDATA ] 56.8894 56.8894 56.8894 56.8894 56.8894 56.8894 56.8894
[ LCMDATA ] 56.7663 56.7663 56.7663 56.7663 56.7663 56.7663 56.7663
[ LCMDATA ] 56.6338 56.6338 56.6338 56.6338 56.6338 56.6338 56.6338
[ LCMDATA ] 56.4888 56.4888 56.4888 56.4888 56.4888 56.4888 56.4888
[ LCMDATA ] 56.3319 56.3319 56.3319 56.3319 56.3319 56.3319 56.3319
[ LCMDATA ] 56.1557 56.1557 56.1557 56.1557 56.1557 56.1557 56.1557
[ LCMDATA ] 55.9705 55.9705 55.9705 55.9705 55.9705 55.9705 55.9705
[ LCMDATA ] 55.7716 55.7716 55.7716 55.7716 55.7716 55.7716 55.7716
[ LCMDATA ] 55.5589 55.5589 55.5589 55.5589 55.5589 55.5589 55.5589
[ LCMDATA ] 55.3274 55.3274 55.3274 55.3274 55.3274 55.3274 55.3274
[ LCMDATA ] 55.0856 55.0856 55.0856 55.0856 55.0856 55.0856 55.0856
[ LCMDATA ] 54.8316 54.8316 54.8316 54.8316 54.8316 54.8316 54.8316
[ LCMDATA ] 54.564 54.564 54.564 54.564 54.564 54.564 54.564
[ LCMDATA ] 54.283 54.283 54.283 54.283 54.283 54.283 54.283
[ LCMDATA ] 53.9885 53.9885 53.9885 53.9885 53.9885 53.9885 53.9885
[ LCMDATA ] 53.6808 53.6808 53.6808 53.6808 53.6808 53.6808 53.6808
[ LCMDATA ] 53.3598 53.3598 53.3598 53.3598 53.3598 53.3598 53.3598
[ LCMDATA ] 53.0257 53.0257 53.0257 53.0257 53.0257 53.0257 53.0257
[ LCMDATA ] 52.6785 52.6785 52.6785 52.6785 52.6785 52.6785 52.6785
[ LCMDATA ] 52.3182 52.3182 52.3182 52.3182 52.3182 52.3182 52.3182
[ LCMDATA ] 51.9451 51.9451 51.9451 51.9451 51.9451 51.9451 51.9451
[ LCMDATA ] 51.4899 51.4899 51.4899 51.4899 51.4899 51.4899 51.4899
[ LCMDATA ] 51.089 51.089 51.089 51.089 51.089 51.089 51.089
[ LCMDATA ] 50.6754 50.6754 50.6754 50.6754 50.6754 50.6754 50.6754
[ LCMDATA ] 50.1084 50.1084 50.1084 50.1084 50.1084 50.1084 50.1084
[ LCMDATA ] 49.666 49.666 49.666 49.666 49.666 49.666 49.666
[ LCMDATA ] 49.2113 49.2113 49.2113 49.2113 49.2113 49.2113 49.2113
[ LCMDATA ] 48.7389 48.7389 48.7389 48.7389 48.7389 48.7389 48.7389
[ LCMDATA ] 48.26 48.26 48.26 48.26 48.26 48.26 48.26
[ LCMDATA ] 47.7606 47.7606 47.7606 47.7606 47.7606 47.7606 47.7606
[ LCMDATA ] 47.2436 47.2436 47.2436 47.2436 47.2436 47.2436 47.2436
[ LCMDATA ] 46.7288 46.7288 46.7288 46.7288 46.7288 46.7288 46.7288
[ LCMDATA ] 46.2024 46.2024 46.2024 46.2024 46.2024 46.2024 46.2024
[ LCMDATA ] 45.6646 45.6646 45.6646 45.6646 45.6646 45.6646 45.6646
[ LCMDATA ] 45.1156 45.1156 45.1156 45.1156 45.1156 45.1156 45.1156
[ LCMDATA ] 44.5554 44.5554 44.5554 44.5554 44.5554 44.5554 44.5554
[ LCMDATA ] 43.9842 43.9842 43.9842 43.9842 43.9842 43.9842 43.9842
[ LCMDATA ] 43.4022 43.4022 43.4022 43.4022 43.4022 43.4022 43.4022
[ LCMDATA ] 42.8094 42.8094 42.8094 42.8094 42.8094 42.8094 42.8094
[ LCMDATA ] 42.2061 42.2061 42.2061 42.2061 42.2061 42.2061 42.2061
[ LCMDATA ] 41.5924 41.5924 41.5924 41.5924 41.5924 41.5924 41.5924
[ LCMDATA ] 40.9685 40.9685 40.9685 40.9685 40.9685 40.9685 40.9685
[ LCMDATA ] 40.3263 40.3263 40.3263 40.3263 40.3263 40.3263 40.3263
[ LCMDATA ] 39.6665 39.6665 39.6665 39.6665 39.6665 39.6665 39.6665
[ LCMDATA ] 38.9904 38.9904 38.9904 38.9904 38.9904 38.9904 38.9904
[ LCMDATA ] 38.0735 38.0735 38.0735 38.0735 38.0735 38.0735 38.0735
[ LCMDATA ] 37.3964 37.3964 37.3964 37.3964 37.3964 37.3964 37.3964
[ LCMDATA ] 36.7101 36.7101 36.7101 36.7101 36.7101 36.7101 36.7101
[ LCMDATA ] 35.9152 35.9152 35.9152 35.9152 35.9152 35.9152 35.9152
[ LCMDATA ] 35.2097 35.2097 35.2097 35.2097 35.2097 35.2097 35.2097
[ LCMDATA ] 34.4954 34.4954 34.4954 34.4954 34.4954 34.4954 34.4954
[ LCMDATA ] 33.5516 33.5516 33.5516 33.5516 33.5516 33.5516 33.5516
[ LCMDATA ] 32.654 32.654 32.654 32.654 32.654 32.654 32.654
[ LCMDATA ] 31.9106 31.9106 31.9106 31.9106 31.9106 31.9106 31.9106
[ LCMDATA ] 31.0901 31.0901 31.0901 31.0901 31.0901 31.0901 31.0901
[ LCMDATA ] 30.3304 30.3304 30.3304 30.3304 30.3304 30.3304 30.3304
[ LCMDATA ] 29.3888 29.3888 29.3888 29.3888 29.3888 29.3888 29.3888
[ LCMDATA ] 28.5766 28.5766 28.5766 28.5766 28.5766 28.5766 28.5766
[ LCMDATA ] 27.7931 27.7931 27.7931 27.7931 27.7931 27.7931 27.7931
[ LCMDATA ] 26.791 26.791 26.791 26.791 26.791 26.791 26.791
[ LCMDATA ] 25.9892 25.9892 25.9892 25.9892 25.9892 25.9892 25.9892
[ LCMDATA ] 25.1841 25.1841 25.1841 25.1841 25.1841 25.1841 25.1841
[ LCMDATA ] 24.0513 24.0513 24.0513 24.0513 24.0513 24.0513 24.0513
[ LCMDATA ] 23.1564 23.1564 23.1564 23.1564 23.1564 23.1564 23.1564
[ LCMDATA ] 22.1025 22.1025 22.1025 22.1025 22.1025 22.1025 22.1025
[ LCMDATA ] 21.2696 21.2696 21.2696 21.2696 21.2696 21.2696 21.2696
[ LCMDATA ] 20.1734 20.1734 20.1734 20.1734 20.1734 20.1734 20.1734
[ LCMDATA ] 19.3287 19.3287 19.3287 19.3287 19.3287 19.3287 19.3287
[ LCMDATA ] 18.4792 18.4792 18.4792 18.4792 18.4792 18.4792 18.4792
[ LCMDATA ] 17.6252 17.6252 17.6252 17.6252 17.6252 17.6252 17.6252
[ LCMDATA ] 16.7667 16.7667 16.7667 16.7667 16.7667 16.7667 16.7667
[ LCMDATA ] 15.7098 15.7098 15.7098 15.7098 15.7098 15.7098 15.7098
[ LCMDATA ] 14.8425 14.8425 14.8425 14.8425 14.8425 14.8425 14.8425
[ LCMDATA ] 13.9476 13.9476 13.9476 13.9476 13.9476 13.9476 13.9476
[ LCMDATA ] 12.95 12.95 12.95 12.95 12.95 12.95 12.95
[ LCMDATA ] 12.0718 12.0718 12.0718 12.0718 12.0718 12.0718 12.0718
[ LCMDATA ] 11.1907 11.1907 11.1907 11.1907 11.1907 11.1907 11.1907
[ LCMDATA ] 10.0765 10.0765 10.0765 10.0765 10.0765 10.0765 10.0765
[ LCMDATA ] 8.99182 8.99182 8.99182 8.99182 8.99182 8.99182 8.99182
[ LCMDATA ] 8.10198 8.10198 8.10198 8.10198 8.10198 8.10198 8.10198
[ LCMDATA ] 7.04198 7.04198 7.04198 7.04198 7.04198 7.04198 7.04198
[ LCMDATA ] 5.95188 5.95188 5.95188 5.95188 5.95188 5.95188 5.95188
[ LCMDATA ] 5.05613 5.05613 5.05613 5.05613 5.05613 5.05613 5.05613
[ LCMDATA ] 3.9856 3.9856 3.9856 3.9856 3.9856 3.9856 3.9856
[ LCMDATA ] 3.05383 3.05383 3.05383 3.05383 3.05383 3.05383 3.05383
[ LCMDATA ] 2.15485 2.15485 2.15485 2.15485 2.15485 2.15485 2.15485
[ LCMDATA ] 1.25533 1.25533 1.25533 1.25533 1.25533 1.25533 1.25533
[ LCMDATA ] 0.355521 0.355521 0.355521 0.355521 0.355521 0.355521 0.355521
[ LCMDATA ] -0.549475 -0.549475 -0.549475 -0.549475 -0.549475 -0.549475 -0.549475
[ LCMDATA ] -1.44925 -1.44925 -1.44925 -1.44925 -1.44925 -1.44925 -1.44925
[ LCMDATA ] -2.34866 -2.34866 -2.34866 -2.34866 -2.34866 -2.34866 -2.34866
[ LCMDATA ] -3.24749 -3.24749 -3.24749 -3.24749 -3.24749 -3.24749 -3.24749
[ LCMDATA ] -4.14918 -4.14918 -4.14918 -4.14918 -4.14918 -4.14918 -4.14918
[ LCMDATA ] -5.10991 -5.10991 -5.10991 -5.10991 -5.10991 -5.10991 -5.10991
[ LCMDATA ] -6.00557 -6.00557 -6.00557 -6.00557 -6.00557 -6.00557 -6.00557
[ LCMDATA ] -6.9685 -6.9685 -6.9685 -6.9685 -6.9685 -6.9685 -6.9685
[ LCMDATA ] -8.05621 -8.05621 -8.05621 -8.05621 -8.05621 -8.05621 -8.05621
[ LCMDATA ] -8.94615 -8.94615 -8.94615 -8.94615 -8.94615 -8.94615 -8.94615
[ LCMDATA ] -9.94727 -9.94727 -9.94727 -9.94727 -9.94727 -9.94727 -9.94727
[ LCMDATA ] -10.8323 -10.8323 -10.8323 -10.8323 -10.8323 -10.8323 -10.8323
[ LCMDATA ] -11.7146 -11.7146 -11.7146 -11.7146 -11.7146 -11.7146 -11.7146
[ LCMDATA ] -12.7728 -12.7728 -12.7728 -12.7728 -12.7728 -12.7728 -12.7728
[ LCMDATA ] -13.6485 -13.6485 -13.6485 -13.6485 -13.6485 -13.6485 -13.6485
[ LCMDATA ] -14.5231 -14.5231 -14.5231 -14.5231 -14.5231 -14.5231 -14.5231
[ LCMDATA ] -15.3918 -15.3918 -15.3918 -15.3918 -15.3918 -15.3918 -15.3918
[ LCMDATA ] -16.2567 -16.2567 -16.2567 -16.2567 -16.2567 -16.2567 -16.2567
[ LCMDATA ] -17.1176 -17.1176 -17.1176 -17.1176 -17.1176 -17.1176 -17.1176
[ LCMDATA ] -17.9742 -17.9742 -17.9742 -17.9742 -17.9742 -17.9742 -17.9742
[ LCMDATA ] -18.8265 -18.8265 -18.8265 -18.8265 -18.8265 -18.8265 -18.8265
[ LCMDATA ] -19.6741 -19.6741 -19.6741 -19.6741 -19.6741 -19.6741 -19.6741
[ LCMDATA ] -20.5168 -20.5168 -20.5168 -20.5168 -20.5168 -20.5168 -20.5168
[ LCMDATA ] -21.4488 -21.4488 -21.4488 -21.4488 -21.4488 -21.4488 -21.4488
[ LCMDATA ] -22.3054 -22.3054 -22.3054 -22.3054 -22.3054 -22.3054 -22.3054
[ LCMDATA ] -23.1315 -23.1315 -23.1315 -23.1315 -23.1315 -23.1315 -23.1315
[ LCMDATA ] -24.0041 -24.0041 -24.0041 -24.0041 -24.0041 -24.0041 -24.0041
[ LCMDATA ] -24.8214 -24.8214 -24.8214 -24.8214 -24.8214 -24.8214 -24.8214
[ LCMDATA ] -25.6515 -25.6515 -25.6515 -25.6515 -25.6515 -25.6515 -25.6515
[ LCMDATA ] -26.453 -26.453 -26.453 -26.453 -26.453 -26.453 -26.453
[ LCMDATA ] -27.248 -27.248 -27.248 -27.248 -27.248 -27.248 -27.248
[ LCMDATA ] -28.1053 -28.1053 -28.1053 -28.1053 -28.1053 -28.1053 -28.1053
[ LCMDATA ] -28.8933 -28.8933 -28.8933 -28.8933 -28.8933 -28.8933 -28.8933
[ LCMDATA ] -29.6668 -29.6668 -29.6668 -29.6668 -29.6668 -29.6668 -29.6668
[ LCMDATA ] -30.4329 -30.4329 -30.4329 -30.4329 -30.4329 -30.4329 -30.4329
[ LCMDATA ] -31.4714 -31.4714 -31.4714 -31.4714 -31.4714 -31.4714 -31.4714
[ LCMDATA ] -32.2194 -32.2194 -32.2194 -32.2194 -32.2194 -32.2194 -32.2194
[ LCMDATA ] -33.1065 -33.1065 -33.1065 -33.1065 -33.1065 -33.1065 -33.1065
[ LCMDATA ] -33.8368 -33.8368 -33.8368 -33.8368 -33.8368 -33.8368 -33.8368
[ LCMDATA ] -34.8447 -34.8447 -34.8447 -34.8447 -34.8447 -34.8447 -34.8447
[ LCMDATA ] -35.5546 -35.5546 -35.5546 -35.5546 -35.5546 -35.5546 -35.5546
[ LCMDATA ] -36.4207 -36.4207 -36.4207 -36.4207 -36.4207 -36.4207 -36.4207
[ LCMDATA ] -37.2004 -37.2004 -37.2004 -37.2004 -37.2004 -37.2004 -37.2004
[ LCMDATA ] -38.0271 -38.0271 -38.0271 -38.0271 -38.0271 -38.0271 -38.0271
[ LCMDATA ] -38.8422 -38.8422 -38.8422 -38.8422 -38.8422 -38.8422 -38.8422
[ LCMDATA ] -39.4989 -39.4989 -39.4989 -39.4989 -39.4989 -39.4989 -39.4989
[ LCMDATA ] -40.1468 -40.1468 -40.1468 -40.1468 -40.1468 -40.1468 -40.1468
[ LCMDATA ] -40.7838 -40.7838 -40.7838 -40.7838 -40.7838 -40.7838 -40.7838
[ LCMDATA ] -41.4133 -41.4133 -41.4133 -41.4133 -41.4133 -41.4133 -41.4133
[ LCMDATA ] -42.0302 -42.0302 -42.0302 -42.0302 -42.0302 -42.0302 -42.0302
[ LCMDATA ] -42.6432 -42.6432 -42.6432 -42.6432 -42.6432 -42.6432 -42.6432
[ LCMDATA ] -43.2389 -43.2389 -43.2389 -43.2389 -43.2389 -43.2389 -43.2389
[ LCMDATA ] -43.8334 -43.8334 -43.8334 -43.8334 -43.8334 -43.8334 -43.8334
[ LCMDATA ] -44.4229 -44.4229 -44.4229 -44.4229 -44.4229 -44.4229 -44.4229
[ LCMDATA ] -45.0098 -45.0098 -45.0098 -45.0098 -45.0098 -45.0098 -45.0098
[ LCMDATA ] -45.5776 -45.5776 -45.5776 -45.5776 -45.5776 -45.5776 -45.5776
[ LCMDATA ] -46.1339 -46.1339 -46.1339 -46.1339 -46.1339 -46.1339 -46.1339
[ LCMDATA ] -46.677 -46.677 -46.677 -46.677 -46.677 -46.677 -46.677
[ LCMDATA ] -47.193 -47.193 -47.193 -47.193 -47.193 -47.193 -47.193
[ LCMDATA ] -47.6973 -47.6973 -47.6973 -47.6973 -47.6973 -47.6973 -47.6973
[ LCMDATA ] -48.1899 -48.1899 -48.1899 -48.1899 -48.1899 -48.1899 -48.1899
[ LCMDATA ] -48.8037 -48.8037 -48.8037 -48.8037 -48.8037 -48.8037 -48.8037
[ LCMDATA ] -49.3709 -49.3709 -49.3709 -49.3709 -49.3709 -49.3709 -49.3709
[ LCMDATA ] -49.8214 -49.8214 -49.8214 -49.8214 -49.8214 -49.8214 -49.8214
[ LCMDATA ] -50.4525 -50.4525 -50.4525 -50.4525 -50.4525 -50.4525 -50.4525
[ LCMDATA ] -50.9646 -50.9646 -50.9646 -50.9646 -50.9646 -50.9646 -50.9646
[ LCMDATA ] -51.4576 -51.4576 -51.4576 -51.4576 -51.4576 -51.4576 -51.4576
[ LCMDATA ] -51.8468 -51.8468 -51.8468 -51.8468 -51.8468 -51.8468 -51.8468
[ LCMDATA ] -52.2967 -52.2967 -52.2967 -52.2967 -52.2967 -52.2967 -52.2967
[ LCMDATA ] -52.6577 -52.6577 -52.6577 -52.6577 -52.6577 -52.6577 -52.6577
[ LCMDATA ] -53.0741 -53.0741 -53.0741 -53.0741 -53.0741 -53.0741 -53.0741
[ LCMDATA ] -53.4064 -53.4064 -53.4064 -53.4064 -53.4064 -53.4064 -53.4064
[ LCMDATA ] -53.8493 -53.8493 -53.8493 -53.8493 -53.8493 -53.8493 -53.8493
[ LCMDATA ] -54.1499 -54.1499 -54.1499 -54.1499 -54.1499 -54.1499 -54.1499
[ LCMDATA ] -54.437 -54.437 -54.437 -54.437 -54.437 -54.437 -54.437
[ LCMDATA ] -54.7107 -54.7107 -54.7107 -54.7107 -54.7107 -54.7107 -54.7107
[ LCMDATA ] -54.9741 -54.9741 -54.9741 -54.9741 -54.9741 -54.9741 -54.9741
[ LCMDATA ] -55.2206 -55.2206 -55.2206 -55.2206 -55.2206 -55.2206 -55.2206
[ LCMDATA ] -55.4534 -55.4534 -55.4534 -55.4534 -55.4534 -55.4534 -55.4534
[ LCMDATA ] -55.7188 -55.7188 -55.7188 -55.7188 -55.7188 -55.7188 -55.7188
[ LCMDATA ] -55.9212 -55.9212 -55.9212 -55.9212 -55.9212 -55.9212 -55.9212
[ LCMDATA ] -56.1098 -56.1098 -56.1098 -56.1098 -56.1098 -56.1098 -56.1098
[ LCMDATA ] -56.2915 -56.2915 -56.2915 -56.2915 -56.2915 -56.2915 -56.2915
[ LCMDATA ] -56.485 -56.485 -56.485 -56.485 -56.485 -56.485 -56.485
[ LCMDATA ] -56.6283 -56.6283 -56.6283 -56.6283 -56.6283 -56.6283 -56.6283
[ LCMDATA ] -56.7577 -56.7577 -56.7577 -56.7577 -56.7577 -56.7577 -56.7577
[ LCMDATA ] -56.8731 -56.8731 -56.8731 -56.8731 -56.8731 -56.8731 -56.8731
[ LCMDATA ] -56.9744 -56.9744 -56.9744 -56.9744 -56.9744 -56.9744 -56.9744
[ LCMDATA ] -57.0617 -57.0617 -57.0617 -57.0617 -57.0617 -57.0617 -57.0617
[ LCMDATA ] -57.1429 -57.1429 -57.1429 -57.1429 -57.1429 -57.1429 -57.1429
[ LCMDATA ] -57.2014 -57.2014 -57.2014 -57.2014 -57.2014 -57.2014 -57.2014
[ LCMDATA ] -57.2456 -57.2456 -57.2456 -57.2456 -57.2456 -57.2456 -57.2456
[ LCMDATA ] -57.2739 -57.2739 -57.2739 -57.2739 -57.2739 -57.2739 -57.2739
[ LCMDATA ] -57.289 -57.289 -57.289 -57.289 -57.289 -57.289 -57.289
[ LCMDATA ] -57.2873 -57.2873 -57.2873 -57.2873 -57.2873 -57.2873 -57.2873
[ LCMDATA ] -57.2716 -57.2716 -57.2716 -57.2716 -57.2716 -57.2716 -57.2716
[ LCMDATA ] -57.2417 -57.2417 -57.2417 -57.2417 -57.2417 -57.2417 -57.2417
[ LCMDATA ] -57.1976 -57.1976 -57.1976 -57.1976 -57.1976 -57.1976 -57.1976
[ LCMDATA ] -57.1395 -57.1395 -57.1395 -57.1395 -57.1395 -57.1395 -57.1395
[ LCMDATA ] -57.0673 -57.0673 -57.0673 -57.0673 -57.0673 -57.0673 -57.0673
[ LCMDATA ] -56.9808 -56.9808 -56.9808 -56.9808 -56.9808 -56.9808 -56.9808
[ LCMDATA ] -56.8805 -56.8805 -56.8805 -56.8805 -56.8805 -56.8805 -56.8805
[ LCMDATA ] -56.766 -56.766 -56.766 -56.766 -56.766 -56.766 -56.766
[ LCMDATA ] -56.6376 -56.6376 -56.6376 -56.6376 -56.6376 -56.6376 -56.6376
[ LCMDATA ] -56.4952 -56.4952 -56.4952 -56.4952 -56.4952 -56.4952 -56.4952
[ LCMDATA ] -56.3388 -56.3388 -56.3388 -56.3388 -56.3388 -56.3388 -56.3388
[ LCMDATA ] -56.1641 -56.1641 -56.1641 -56.1641 -56.1641 -56.1641 -56.1641
[ LCMDATA ] -55.978 -55.978 -55.978 -55.978 -55.978 -55.978 -55.978
[ LCMDATA ] -55.7796 -55.7796 -55.7796 -55.7796 -55.7796 -55.7796 -55.7796
[ LCMDATA ] -55.5669 -55.5669 -55.5669 -55.5669 -55.5669 -55.5669 -55.5669
[ LCMDATA ] -55.3328 -55.3328 -55.3328 -55.3328 -55.3328 -55.3328 -55.3328
[ LCMDATA ] -55.081 -55.081 -55.081 -55.081 -55.081 -55.081 -55.081
[ LCMDATA ] -54.8267 -54.8267 -54.8267 -54.8267 -54.8267 -54.8267 -54.8267
[ LCMDATA ] -54.5589 -54.5589 -54.5589 -54.5589 -54.5589 -54.5589 -54.5589
[ LCMDATA ] -54.2776 -54.2776 -54.2776 -54.2776 -54.2776 -54.2776 -54.2776
[ LCMDATA ] -53.9804 -53.9804 -53.9804 -53.9804 -53.9804 -53.9804 -53.9804
[ LCMDATA ] -53.6723 -53.6723 -53.6723 -53.6723 -53.6723 -53.6723 -53.6723
[ LCMDATA ] -53.3509 -53.3509 -53.3509 -53.3509 -53.3509 -53.3509 -53.3509
[ LCMDATA ] -53.0164 -53.0164 -53.0164 -53.0164 -53.0164 -53.0164 -53.0164
[ LCMDATA ] -52.6689 -52.6689 -52.6689 -52.6689 -52.6689 -52.6689 -52.6689
[ LCMDATA ] -52.3083 -52.3083 -52.3083 -52.3083 -52.3083 -52.3083 -52.3083
[ LCMDATA ] -51.9348 -51.9348 -51.9348 -51.9348 -51.9348 -51.9348 -51.9348
[ LCMDATA ] -51.5485 -51.5485 -51.5485 -51.5485 -51.5485 -51.5485 -51.5485
[ LCMDATA ] -51.1491 -51.1491 -51.1491 -51.1491 -51.1491 -51.1491 -51.1491
[ LCMDATA ] -50.7375 -50.7375 -50.7375 -50.7375 -50.7375 -50.7375 -50.7375
[ LCMDATA ] -50.3133 -50.3133 -50.3133 -50.3133 -50.3133 -50.3133 -50.3133
[ LCMDATA ] -49.8768 -49.8768 -49.8768 -49.8768 -49.8768 -49.8768 -49.8768
[ LCMDATA ] -49.4279 -49.4279 -49.4279 -49.4279 -49.4279 -49.4279 -49.4279
[ LCMDATA ] -48.9668 -48.9668 -48.9668 -48.9668 -48.9668 -48.9668 -48.9668
[ LCMDATA ] -48.4936 -48.4936 -48.4936 -48.4936 -48.4936 -48.4936 -48.4936
[ LCMDATA ] -48.0032 -48.0032 -48.0032 -48.0032 -48.0032 -48.0032 -48.0032
[ LCMDATA ] -47.494 -47.494 -47.494 -47.494 -47.494 -47.494 -47.494
[ LCMDATA ] -46.9832 -46.9832 -46.9832 -46.9832 -46.9832 -46.9832 -46.9832
[ LCMDATA ] -46.4604 -46.4604 -46.4604 -46.4604 -46.4604 -46.4604 -46.4604
[ LCMDATA ] -45.9281 -45.9281 -45.9281 -45.9281 -45.9281 -45.9281 -45.9281
[ LCMDATA ] -45.3846 -45.3846 -45.3846 -45.3846 -45.3846 -45.3846 -45.3846
[ LCMDATA ] -44.8298 -44.8298 -44.8298 -44.8298 -44.8298 -44.8298 -44.8298
[ LCMDATA ] -44.2639 -44.2639 -44.2639 -44.2639 -44.2639 -44.2639 -44.2639
[ LCMDATA ] -43.6872 -43.6872 -43.6872 -43.6872 -43.6872 -43.6872 -43.6872
[ LCMDATA ] -43.0996 -43.0996 -43.0996 -43.0996 -43.0996 -43.0996 -43.0996
[ LCMDATA ] -42.5014 -42.5014 -42.5014 -42.5014 -42.5014 -42.5014 -42.5014
[ LCMDATA ] -41.8868 -41.8868 -41.8868 -41.8868 -41.8868 -41.8868 -41.8868
[ LCMDATA ] -41.2677 -41.2677 -41.2677 -41.2677 -41.2677 -41.2677 -41.2677
[ LCMDATA ] -40.6384 -40.6384 -40.6384 -40.6384 -40.6384 -40.6384 -40.6384
[ LCMDATA ] -39.9991 -39.9991 -39.9991 -39.9991 -39.9991 -39.9991 -39.9991
[ LCMDATA ] -39.3499 -39.3499 -39.3499 -39.3499 -39.3499 -39.3499 -39.3499
[ LCMDATA ] -38.691 -38.691 -38.691 -38.691 -38.691 -38.691 -38.691
[ LCMDATA ] -38.0226 -38.0226 -38.0226 -38.0226 -38.0226 -38.0226 -38.0226
[ LCMDATA ] -37.3448 -37.3448 -37.3448 -37.3448 -37.3448 -37.3448 -37.3448
[ LCMDATA ] -36.6577 -36.6577 -36.6577 -36.6577 -36.6577 -36.6577 -36.6577
[ LCMDATA ] -35.9609 -35.9609 -35.9609 -35.9609 -35.9609 -35.9609 -35.9609
[ LCMDATA ] -35.2559 -35.2559 -35.2559 -35.2559 -35.2559 -35.2559 -35.2559
[ LCMDATA ] -34.5423 -34.5423 -34.5423 -34.5423 -34.5423 -34.5423 -34.5423
[ LCMDATA ] -33.8201 -33.8201 -33.8201 -33.8201 -33.8201 -33.8201 -33.8201
[ LCMDATA ] -33.0896 -33.0896 -33.0896 -33.0896 -33.0896 -33.0896 -33.0896
[ LCMDATA ] -32.3509 -32.3509 -32.3509 -32.3509 -32.3509 -32.3509 -32.3509
[ LCMDATA ] -31.6042 -31.6042 -31.6042 -31.6042 -31.6042 -31.6042 -31.6042
[ LCMDATA ] -30.8287 -30.8287 -30.8287 -30.8287 -30.8287 -30.8287 -30.8287
[ LCMDATA ] -30.0622 -30.0622 -30.0622 -30.0622 -30.0622 -30.0622 -30.0622
[ LCMDATA ] -29.2925 -29.2925 -29.2925 -29.2925 -29.2925 -29.2925 -29.2925
[ LCMDATA ] -28.5155 -28.5155 -28.5155 -28.5155 -28.5155 -28.5155 -28.5155
[ LCMDATA ] -27.7315 -27.7315 -27.7315 -27.7315 -27.7315 -27.7315 -27.7315
[ LCMDATA ] -26.9407 -26.9407 -26.9407 -26.9407 -26.9407 -26.9407 -26.9407
[ LCMDATA ] -26.1432 -26.1432 -26.1432 -26.1432 -26.1432 -26.1432 -26.1432
[ LCMDATA ] -25.3392 -25.3392 -25.3392 -25.3392 -25.3392 -25.3392 -25.3392
[ LCMDATA ] -24.529 -24.529 -24.529 -24.529 -24.529 -24.529 -24.529
[ LCMDATA ] -23.7128 -23.7128 -23.7128 -23.7128 -23.7128 -23.7128 -23.7128
[ LCMDATA ] -22.8907 -22.8907 -22.8907 -22.8907 -22.8907 -22.8907 -22.8907
[ LCMDATA ] -22.0629 -22.0629 -22.0629 -22.0629 -22.0629 -22.0629 -22.0629
[ LCMDATA ] -21.2297 -21.2297 -21.2297 -21.2297 -21.2297 -21.2297 -21.2297
[ LCMDATA ] -20.3913 -20.3913 -20.3913 -20.3913 -20.3913 -20.3913 -20.3913
[ LCMDATA ] -19.5478 -19.5478 -19.5478 -19.5478 -19.5478 -19.5478 -19.5478
[ LCMDATA ] -18.6995 -18.6995 -18.6995 -18.6995 -18.6995 -18.6995 -18.6995
[ LCMDATA ] -17.8466 -17.8466 -17.8466 -17.8466 -17.8466 -17.8466 -17.8466
[ LCMDATA ] -16.6784 -16.6784 -16.6784 -16.6784 -16.6784 -16.6784 -16.6784
[ LCMDATA ] -15.6228 -15.6228 -15.6228 -15.6228 -15.6228 -15.6228 -15.6228
[ LCMDATA ] -14.7551 -14.7551 -14.7551 -14.7551 -14.7551 -14.7551 -14.7551
[ LCMDATA ] -13.5439 -13.5439 -13.5439 -13.5439 -13.5439 -13.5439 -13.5439
[ LCMDATA ] -12.4713 -12.4713 -12.4713 -12.4713 -12.4713 -12.4713 -12.4713
[ LCMDATA ] -11.5915 -11.5915 -11.5915 -11.5915 -11.5915 -11.5915 -11.5915
[ LCMDATA ] -10.6554 -10.6554 -10.6554 -10.6554 -10.6554 -10.6554 -10.6554
[ LCMDATA ] -9.76989 -9.76989 -9.76989 -9.76989 -9.76989 -9.76989 -9.76989
[ LCMDATA ] -8.798 -8.798 -8.798 -8.798 -8.798 -8.798 -8.798
[ LCMDATA ] -7.71012 -7.71012 -7.71012 -7.71012 -7.71012 -7.71012 -7.71012
[ LCMDATA ] -6.81748 -6.81748 -6.81748 -6.81748 -6.81748 -6.81748 -6.81748
[ LCMDATA ] -5.92316 -5.92316 -5.92316 -5.92316 -5.92316 -5.92316 -5.92316
[ LCMDATA ] -4.68208 -4.68208 -4.68208 -4.68208 -4.68208 -4.68208 -4.68208
[ LCMDATA ] -3.48853 -3.48853 -3.48853 -3.48853 -3.48853 -3.48853 -3.48853
[ LCMDATA ] -2.58989 -2.58989 -2.58989 -2.58989 -2.58989 -2.58989 -2.58989
[ LCMDATA ] -1.6906 -1.6906 -1.6906 -1.6906 -1.6906 -1.6906 -1.6906
[ LCMDATA ] -0.677443 -0.677443 -0.677443 -0.677443 -0.677443 -0.677443 -0.677443
[ LCMDATA ] 0.222451 0.222451 0.222451 0.222451 0.222451 0.222451 0.222451
[ LCMDATA ] 1.12565 1.12565 1.12565 1.12565 1.12565 1.12565 1.12565
[ LCMDATA ] 2.10668 2.10668 2.10668 2.10668 2.10668 2.10668 2.10668
[ LCMDATA ] 3.00569 3.00569 3.00569 3.00569 3.00569 3.00569 3.00569
[ LCMDATA ] 3.90396 3.90396 3.90396 3.90396 3.90396 3.90396 3.90396
[ LCMDATA ] 4.91611 4.91611 4.91611 4.91611 4.91611 4.91611 4.91611
[ LCMDATA ] 5.84301 5.84301 5.84301 5.84301 5.84301 5.84301 5.84301
[ LCMDATA ] 6.99767 6.99767 6.99767 6.99767 6.99767 6.99767 6.99767
[ LCMDATA ] 8.03552 8.03552 8.03552 8.03552 8.03552 8.03552 8.03552
[ LCMDATA ] 9.01804 9.01804 9.01804 9.01804 9.01804 9.01804 9.01804
[ LCMDATA ] 10.0772 10.0772 10.0772 10.0772 10.0772 10.0772 10.0772
[ LCMDATA ] 10.9618 10.9618 10.9618 10.9618 10.9618 10.9618 10.9618
[ LCMDATA ] 11.9627 11.9627 11.9627 11.9627 11.9627 11.9627 11.9627
[ LCMDATA ] 13.1417 13.1417 13.1417 13.1417 13.1417 13.1417 13.1417
[ LCMDATA ] 14.1549 14.1549 14.1549 14.1549 14.1549 14.1549 14.1549
[ LCMDATA ] 15.0251 15.0251 15.0251 15.0251 15.0251 15.0251 15.0251
[ LCMDATA ] 15.9432 15.9432 15.9432 15.9432 15.9432 15.9432 15.9432
[ LCMDATA ] 16.9953 16.9953 16.9953 16.9953 16.9953 16.9953 16.9953
[ LCMDATA ] 18.0395 18.0395 18.0395 18.0395 18.0395 18.0395 18.0395
[ LCMDATA ] 18.8914 18.8914 18.8914 18.8914 18.8914 18.8914 18.8914
[ LCMDATA ] 19.8069 19.8069 19.8069 19.8069 19.8069 19.8069 19.8069
[ LCMDATA ] 20.6488 20.6488 20.6488 20.6488 20.6488 20.6488 20.6488
[ LCMDATA ] 21.4856 21.4856 21.4856 21.4856 21.4856 21.4856 21.4856
[ LCMDATA ] 22.3172 22.3172 22.3172 22.3172 22.3172 22.3172 22.3172
[ LCMDATA ] 23.3381 23.3381 23.3381 23.3381 23.3381 23.3381 23.3381
[ LCMDATA ] 24.157 24.157 24.157 24.157 24.157 24.157 24.157
[ LCMDATA ] 24.97 24.97 24.97 24.97 24.97 24.97 24.97
[ LCMDATA ] 25.9543 25.9543 25.9543 25.9543 25.9543 25.9543 25.9543
[ LCMDATA ] 26.9272 26.9272 26.9272 26.9272 26.9272 26.9272 26.9272
[ LCMDATA ] 27.8939 27.8939 27.8939 27.8939 27.8939 27.8939 27.8939
[ LCMDATA ] 28.7376 28.7376 28.7376 28.7376 28.7376 28.7376 28.7376
[ LCMDATA ] 29.7615 29.7615 29.7615 29.7615 29.7615 29.7615 29.7615
[ LCMDATA ] 30.5267 30.5267 30.5267 30.5267 30.5267 30.5267 30.5267
[ LCMDATA ] 31.3973 31.3973 31.3973 31.3973 31.3973 31.3973 31.3973
[ LCMDATA ] 32.2789 32.2789 32.2789 32.2789 32.2789 32.2789 32.2789
[ LCMDATA ] 33.0184 33.0184 33.0184 33.0184 33.0184 33.0184 33.0184
[ LCMDATA ] 33.8652 33.8652 33.8652 33.8652 33.8652 33.8652 33.8652
[ LCMDATA ] 34.5868 34.5868 34.5868 34.5868 34.5868 34.5868 34.5868
[ LCMDATA ] 35.4028 35.4028 35.4028 35.4028 35.4028 35.4028 35.4028
[ LCMDATA ] 36.245 36.245 36.245 36.245 36.245 36.245 36.245
[ LCMDATA ] 36.9374 36.9374 36.9374 36.9374 36.9374 36.9374 36.9374
[ LCMDATA ] 37.6207 37.6207 37.6207 37.6207 37.6207 37.6207 37.6207
[ LCMDATA ] 38.2948 38.2948 38.2948 38.2948 38.2948 38.2948 38.2948
[ LCMDATA ] 38.9593 38.9593 38.9593 38.9593 38.9593 38.9593 38.9593
[ LCMDATA ] 39.6375 39.6375 39.6375 39.6375 39.6375 39.6375 39.6375
[ LCMDATA ] 40.4243 40.4243 40.4243 40.4243 40.4243 40.4243 40.4243
[ LCMDATA ] 41.057 41.057 41.057 41.057 41.057 41.057 41.057
[ LCMDATA ] 41.6795 41.6795 41.6795 41.6795 41.6795 41.6795 41.6795
[ LCMDATA ] 42.2972 42.2972 42.2972 42.2972 42.2972 42.2972 42.2972
[ LCMDATA ] 42.9522 42.9522 42.9522 42.9522 42.9522 42.9522 42.9522
[ LCMDATA ] 43.5529 43.5529 43.5529 43.5529 43.5529 43.5529 43.5529
[ LCMDATA ] 44.1322 44.1322 44.1322 44.1322 44.1322 44.1322 44.1322
[ LCMDATA ] 44.7069 44.7069 44.7069 44.7069 44.7069 44.7069 44.7069
[ LCMDATA ] 45.3861 45.3861 45.3861 45.3861 45.3861 45.3861 45.3861
[ LCMDATA ] 45.9536 45.9536 45.9536 45.9536 45.9536 45.9536 45.9536
[ LCMDATA ] 46.5159 46.5159 46.5159 46.5159 46.5159 46.5159 46.5159
[ LCMDATA ] 47.1493 47.1493 47.1493 47.1493 47.1493 47.1493 47.1493
[ LCMDATA ] 47.7674 47.7674 47.7674 47.7674 47.7674 47.7674 47.7674
[ LCMDATA ] 48.269 48.269 48.269 48.269 48.269 48.269 48.269
[ LCMDATA ] 48.7478 48.7478 48.7478 48.7478 48.7478 48.7478 48.7478
[ LCMDATA ] 49.2145 49.2145 49.2145 49.2145 49.2145 49.2145 49.2145
[ LCMDATA ] 49.6691 49.6691 49.6691 49.6691 49.6691 49.6691 49.6691
[ LCMDATA ] 50.1114 50.1114 50.1114 50.1114 50.1114 50.1114 50.1114
[ LCMDATA ] 50.5708 50.5708 50.5708 50.5708 50.5708 50.5708 50.5708
[ LCMDATA ] 50.9874 50.9874 50.9874 50.9874 50.9874 50.9874 50.9874
[ LCMDATA ] 51.3914 51.3914 51.3914 51.3914 51.3914 51.3914 51.3914
[ LCMDATA ] 51.7828 51.7828 51.7828 51.7828 51.7828 51.7828 51.7828
[ LCMDATA ] 52.2487 52.2487 52.2487 52.2487 52.2487 52.2487 52.2487
[ LCMDATA ] 52.6113 52.6113 52.6113 52.6113 52.6113 52.6113 52.6113
[ LCMDATA ] 52.961 52.961 52.961 52.961 52.961 52.961 52.961
[ LCMDATA ] 53.301 53.301 53.301 53.301 53.301 53.301 53.301
[ LCMDATA ] 53.7117 53.7117 53.7117 53.7117 53.7117 53.7117 53.7117
[ LCMDATA ] 54.0843 54.0843 54.0843 54.0843 54.0843 54.0843 54.0843
[ LCMDATA ] 54.3805 54.3805 54.3805 54.3805 54.3805 54.3805 54.3805
[ LCMDATA ] 54.7584 54.7584 54.7584 54.7584 54.7584 54.7584 54.7584
[ LCMDATA ] 55.0205 55.0205 55.0205 55.0205 55.0205 55.0205 55.0205
[ LCMDATA ] 55.2645 55.2645 55.2645 55.2645 55.2645 55.2645 55.2645
[ LCMDATA ] 55.4949 55.4949 55.4949 55.4949 55.4949 55.4949 55.4949
[ LCMDATA ] 55.7146 55.7146 55.7146 55.7146 55.7146 55.7146 55.7146
[ LCMDATA ] 55.9173 55.9173 55.9173 55.9173 55.9173 55.9173 55.9173
[ LCMDATA ] 56.1062 56.1062 56.1062 56.1062 56.1062 56.1062 56.1062
[ LCMDATA ] 56.2812 56.2812 56.2812 56.2812 56.2812 56.2812 56.2812
[ LCMDATA ] 56.4432 56.4432 56.4432 56.4432 56.4432 56.4432 56.4432
[ LCMDATA ] 56.6208 56.6208 56.6208 56.6208 56.6208 56.6208 56.6208
[ LCMDATA ] 56.7665 56.7665 56.7665 56.7665 56.7665 56.7665 56.7665
[ LCMDATA ] 56.8809 56.8809 56.8809 56.8809 56.8809 56.8809 56.8809
[ LCMDATA ] 56.9812 56.9812 56.9812 56.9812 56.9812 56.9812 56.9812
[ LCMDATA ] 57.0675 57.0675 57.0675 57.0675 57.0675 57.0675 57.0675
[ LCMDATA ] 57.1397 57.1397 57.1397 57.1397 57.1397 57.1397 57.1397
[ LCMDATA ] 57.2091 57.2091 57.2091 57.2091 57.2091 57.2091 57.2091
[ LCMDATA ] 57.2599 57.2599 57.2599 57.2599 57.2599 57.2599 57.2599
[ LCMDATA ] 57.285 57.285 57.285 57.285 57.285 57.285 57.285
[ LCMDATA ] 57.2898 57.2898 57.2898 57.2898 57.2898 57.2898 57.2898
[ LCMDATA ] 57.2767 57.2767 57.2767 57.2767 57.2767 57.2767 57.2767
[ LCMDATA ] 57.2503 57.2503 57.2503 57.2503 57.2503 57.2503 57.2503
[ LCMDATA ] 57.1981 57.1981 57.1981 57.1981 57.1981 57.1981 57.1981
[ LCMDATA ] 57.1393 57.1393 57.1393 57.1393 57.1393 57.1393 57.1393
[ LCMDATA ] 57.067 57.067 57.067 57.067 57.067 57.067 57.067
[ LCMDATA ] 56.9806 56.9806 56.9806 56.9806 56.9806 56.9806 56.9806
[ LCMDATA ] 56.879 56.879 56.879 56.879 56.879 56.879 56.879
[ LCMDATA ] 56.7644 56.7644 56.7644 56.7644 56.7644 56.7644 56.7644
[ LCMDATA ] 56.6257 56.6257 56.6257 56.6257 56.6257 56.6257 56.6257
[ LCMDATA ] 56.4821 56.4821 56.4821 56.4821 56.4821 56.4821 56.4821
[ LCMDATA ] 56.3235 56.3235 56.3235 56.3235 56.3235 56.3235 56.3235
[ LCMDATA ] 56.152 56.152 56.152 56.152 56.152 56.152 56.152
[ LCMDATA ] 55.9054 55.9054 55.9054 55.9054 55.9054 55.9054 55.9054
[ LCMDATA ] 55.7019 55.7019 55.7019 55.7019 55.7019 55.7019 55.7019
[ LCMDATA ] 55.4846 55.4846 55.4846 55.4846 55.4846 55.4846 55.4846
[ LCMDATA ] 55.253 55.253 55.253 55.253 55.253 55.253 55.253
[ LCMDATA ] 55.0084 55.0084 55.0084 55.0084 55.0084 55.0084 55.0084
[ LCMDATA ] 54.7496 54.7496 54.7496 54.7496 54.7496 54.7496 54.7496
[ LCMDATA ] 54.4778 54.4778 54.4778 54.4778 54.4778 54.4778 54.4778
[ LCMDATA ] 54.1926 54.1926 54.1926 54.1926 54.1926 54.1926 54.1926
[ LCMDATA ] 53.8941 53.8941 53.8941 53.8941 53.8941 53.8941 53.8941
[ LCMDATA ] 53.5822 53.5822 53.5822 53.5822 53.5822 53.5822 53.5822
[ LCMDATA ] 53.2571 53.2571 53.2571 53.2571 53.2571 53.2571 53.2571
[ LCMDATA ] 52.9189 52.9189 52.9189 52.9189 52.9189 52.9189 52.9189
[ LCMDATA ] 52.5676 52.5676 52.5676 52.5676 52.5676 52.5676 52.5676
[ LCMDATA ] 52.2033 52.2033 52.2033 52.2033 52.2033 52.2033 52.2033
[ LCMDATA ] 51.8262 51.8262 51.8262 51.8262 51.8262 51.8262 51.8262
[ LCMDATA ] 51.4195 51.4195 51.4195 51.4195 51.4195 51.4195 51.4195
[ LCMDATA ] 51.0164 51.0164 51.0164 51.0164 51.0164 51.0164 51.0164
[ LCMDATA ] 50.5401 50.5401 50.5401 50.5401 50.5401 50.5401 50.5401
[ LCMDATA ] 50.1101 50.1101 50.1101 50.1101 50.1101 50.1101 50.1101
[ LCMDATA ] 49.6677 49.6677 49.6677 49.6677 49.6677 49.6677 49.6677
[ LCMDATA ] 49.2131 49.2131 49.2131 49.2131 49.2131 49.2131 49.2131
[ LCMDATA ] 48.7463 48.7463 48.7463 48.7463 48.7463 48.7463 48.7463
[ LCMDATA ] 48.0992 48.0992 48.0992 48.0992 48.0992 48.0992 48.0992
[ LCMDATA ] 47.6045 47.6045 47.6045 47.6045 47.6045 47.6045 47.6045
[ LCMDATA ] 46.962 46.962 46.962 46.962 46.962 46.962 46.962
[ LCMDATA ] 46.3237 46.3237 46.3237 46.3237 46.3237 46.3237 46.3237
[ LCMDATA ] 45.7667 45.7667 45.7667 45.7667 45.7667 45.7667 45.7667
[ LCMDATA ] 45.0573 45.0573 45.0573 45.0573 45.0573 45.0573 45.0573
[ LCMDATA ] 44.4543 44.4543 44.4543 44.4543 44.4543 44.4543 44.4543
[ LCMDATA ] 43.8259 43.8259 43.8259 43.8259 43.8259 43.8259 43.8259
[ LCMDATA ] 43.2409 43.2409 43.2409 43.2409 43.2409 43.2409 43.2409
[ LCMDATA ] 42.6132 42.6132 42.6132 42.6132 42.6132 42.6132 42.6132
[ LCMDATA ] 41.9944 41.9944 41.9944 41.9944 41.9944 41.9944 41.9944
[ LCMDATA ] 41.3771 41.3771 41.3771 41.3771 41.3771 41.3771 41.3771
[ LCMDATA ] 40.7496 40.7496 40.7496 40.7496 40.7496 40.7496 40.7496
[ LCMDATA ] 40.112 40.112 40.112 40.112 40.112 40.112 40.112
[ LCMDATA ] 39.4646 39.4646 39.4646 39.4646 39.4646 39.4646 39.4646
[ LCMDATA ] 38.597 38.597 38.597 38.597 38.597 38.597 38.597
[ LCMDATA ] 37.9273 37.9273 37.9273 37.9273 37.9273 37.9273 37.9273
[ LCMDATA ] 37.1947 37.1947 37.1947 37.1947 37.1947 37.1947 37.1947
[ LCMDATA ] 36.5057 36.5057 36.5057 36.5057 36.5057 36.5057 36.5057
[ LCMDATA ] 35.8076 35.8076 35.8076 35.8076 35.8076 35.8076 35.8076
[ LCMDATA ] 35.1007 35.1007 35.1007 35.1007 35.1007 35.1007 35.1007
[ DELAY ] 15003[ LCMDATA ] 34.1059 34.1059 34.1059 34.1059 34.1059 34.1059 34.1059
[ LCMDATA ] 33.3678 33.3678 33.3678 33.3678 33.3678 33.3678 33.3678
[ LCMDATA ] 32.6322 32.6322 32.6322 32.6322 32.6322 32.6322 32.6322
[ LCMDATA ] 31.8875 31.8875 31.8875 31.8875 31.8875 31.8875 31.8875
[ LCMDATA ] 31.1359 31.1359 31.1359 31.1359 31.1359 31.1359 31.1359
[ LCMDATA ] 30.3327 30.3327 30.3327 30.3327 30.3327 30.3327 30.3327
[ LCMDATA ] 29.4961 29.4961 29.4961 29.4961 29.4961 29.4961 29.4961
[ LCMDATA ] 28.721 28.721 28.721 28.721 28.721 28.721 28.721
[ LCMDATA ] 27.9388 27.9388 27.9388 27.9388 27.9388 27.9388 27.9388
[ LCMDATA ] 27.1498 27.1498 27.1498 27.1498 27.1498 27.1498 27.1498
[ LCMDATA ] 26.354 26.354 26.354 26.354 26.354 26.354 26.354
[ LCMDATA ] 25.4665 25.4665 25.4665 25.4665 25.4665 25.4665 25.4665
[ LCMDATA ] 24.6131 24.6131 24.6131 24.6131 24.6131 24.6131 24.6131
[ LCMDATA ] 23.7975 23.7975 23.7975 23.7975 23.7975 23.7975 23.7975
[ LCMDATA ] 22.976 22.976 22.976 22.976 22.976 22.976 22.976
[ LCMDATA ] 22.0938 22.0938 22.0938 22.0938 22.0938 22.0938 22.0938
[ LCMDATA ] 21.2608 21.2608 21.2608 21.2608 21.2608 21.2608 21.2608
[ LCMDATA ] 20.4226 20.4226 20.4226 20.4226 20.4226 20.4226 20.4226
[ LCMDATA ] 19.2712 19.2712 19.2712 19.2712 19.2712 19.2712 19.2712
[ LCMDATA ] 18.4214 18.4214 18.4214 18.4214 18.4214 18.4214 18.4214
[ LCMDATA ] 17.3847 17.3847 17.3847 17.3847 17.3847 17.3847 17.3847
[ LCMDATA ] 16.4538 16.4538 16.4538 16.4538 16.4538 16.4538 16.4538
[ LCMDATA ] 15.5898 15.5898 15.5898 15.5898 15.5898 15.5898 15.5898
[ LCMDATA ] 14.7219 14.7219 14.7219 14.7219 14.7219 14.7219 14.7219
[ LCMDATA ] 13.8505 13.8505 13.8505 13.8505 13.8505 13.8505 13.8505
[ LCMDATA ] 12.7719 12.7719 12.7719 12.7719 12.7719 12.7719 12.7719
[ LCMDATA ] 11.8931 11.8931 11.8931 11.8931 11.8931 11.8931 11.8931
[ LCMDATA ] 10.9199 10.9199 10.9199 10.9199 10.9199 10.9199 10.9199
[ LCMDATA ] 9.8396 9.8396 9.8396 9.8396 9.8396 9.8396 9.8396
[ LCMDATA ] 8.95188 8.95188 8.95188 8.95188 8.95188 8.95188 8.95188
[ LCMDATA ] 7.70543 7.70543 7.70543 7.70543 7.70543 7.70543 7.70543
[ LCMDATA ] 6.81183 6.81183 6.81183 6.81183 6.81183 6.81183 6.81183
[ LCMDATA ] 5.91749 5.91749 5.91749 5.91749 5.91749 5.91749 5.91749
[ LCMDATA ] 4.66346 4.66346 4.66346 4.66346 4.66346 4.66346 4.66346
[ LCMDATA ] 3.76571 3.76571 3.76571 3.76571 3.76571 3.76571 3.76571
[ LCMDATA ] 2.86731 2.86731 2.86731 2.86731 2.86731 2.86731 2.86731
[ LCMDATA ] 1.9682 1.9682 1.9682 1.9682 1.9682 1.9682 1.9682
[ LCMDATA ] 1.0686 1.0686 1.0686 1.0686 1.0686 1.0686 1.0686
[ LCMDATA ] 0.168756 0.168756 0.168756 0.168756 0.168756 0.168756 0.168756
[ LCMDATA ] -0.731142 -0.731142 -0.731142 -0.731142 -0.731142 -0.731142 -0.731142
[ LCMDATA ] -1.63086 -1.63086 -1.63086 -1.63086 -1.63086 -1.63086 -1.63086
[ LCMDATA ] -2.53018 -2.53018 -2.53018 -2.53018 -2.53018 -2.53018 -2.53018
[ LCMDATA ] -3.42888 -3.42888 -3.42888 -3.42888 -3.42888 -3.42888 -3.42888
[ LCMDATA ] -4.32672 -4.32672 -4.32672 -4.32672 -4.32672 -4.32672 -4.32672
[ LCMDATA ] -5.2235 -5.2235 -5.2235 -5.2235 -5.2235 -5.2235 -5.2235
[ LCMDATA ] -6.12998 -6.12998 -6.12998 -6.12998 -6.12998 -6.12998 -6.12998
[ LCMDATA ] -7.02394 -7.02394 -7.02394 -7.02394 -7.02394 -7.02394 -7.02394
[ LCMDATA ] -7.91616 -7.91616 -7.91616 -7.91616 -7.91616 -7.91616 -7.91616
[ LCMDATA ] -8.80644 -8.80644 -8.80644 -8.80644 -8.80644 -8.80644 -8.80644
[ LCMDATA ] -10.0403 -10.0403 -10.0403 -10.0403 -10.0403 -10.0403 -10.0403
[ LCMDATA ] -10.9251 -10.9251 -10.9251 -10.9251 -10.9251 -10.9251 -10.9251
[ LCMDATA ] -11.8071 -11.8071 -11.8071 -11.8071 -11.8071 -11.8071 -11.8071
[ LCMDATA ] -13.006 -13.006 -13.006 -13.006 -13.006 -13.006 -13.006
[ LCMDATA ] -13.8848 -13.8848 -13.8848 -13.8848 -13.8848 -13.8848 -13.8848
[ LCMDATA ] -14.7562 -14.7562 -14.7562 -14.7562 -14.7562 -14.7562 -14.7562
[ LCMDATA ] -15.8723 -15.8723 -15.8723 -15.8723 -15.8723 -15.8723 -15.8723
[ LCMDATA ] -16.735 -16.735 -16.735 -16.735 -16.735 -16.735 -16.735
[ LCMDATA ] -17.5958 -17.5958 -17.5958 -17.5958 -17.5958 -17.5958 -17.5958
[ LCMDATA ] -18.6378 -18.6378 -18.6378 -18.6378 -18.6378 -18.6378 -18.6378
[ LCMDATA ] -19.6751 -19.6751 -19.6751 -19.6751 -19.6751 -19.6751 -19.6751
[ LCMDATA ] -20.5664 -20.5664 -20.5664 -20.5664 -20.5664 -20.5664 -20.5664
[ LCMDATA ] -21.5894 -21.5894 -21.5894 -21.5894 -21.5894 -21.5894 -21.5894
[ LCMDATA ] -22.4203 -22.4203 -22.4203 -22.4203 -22.4203 -22.4203 -22.4203
[ LCMDATA ] -23.2921 -23.2921 -23.2921 -23.2921 -23.2921 -23.2921 -23.2921
[ LCMDATA ] -24.1114 -24.1114 -24.1114 -24.1114 -24.1114 -24.1114 -24.1114
[ LCMDATA ] -24.9247 -24.9247 -24.9247 -24.9247 -24.9247 -24.9247 -24.9247
[ LCMDATA ] -25.9857 -25.9857 -25.9857 -25.9857 -25.9857 -25.9857 -25.9857
[ LCMDATA ] -26.7845 -26.7845 -26.7845 -26.7845 -26.7845 -26.7845 -26.7845
[ LCMDATA ] -27.7069 -27.7069 -27.7069 -27.7069 -27.7069 -27.7069 -27.7069
[ LCMDATA ] -28.5203 -28.5203 -28.5203 -28.5203 -28.5203 -28.5203 -28.5203
[ LCMDATA ] -29.5279 -29.5279 -29.5279 -29.5279 -29.5279 -29.5279 -29.5279
[ LCMDATA ] -30.4751 -30.4751 -30.4751 -30.4751 -30.4751 -30.4751 -30.4751
[ LCMDATA ] -31.4364 -31.4364 -31.4364 -31.4364 -31.4364 -31.4364 -31.4364
[ LCMDATA ] -32.1848 -32.1848 -32.1848 -32.1848 -32.1848 -32.1848 -32.1848
[ LCMDATA ] -33.1969 -33.1969 -33.1969 -33.1969 -33.1969 -33.1969 -33.1969
[ LCMDATA ] -33.9262 -33.9262 -33.9262 -33.9262 -33.9262 -33.9262 -33.9262
[ LCMDATA ] -34.7351 -34.7351 -34.7351 -34.7351 -34.7351 -34.7351 -34.7351
[ LCMDATA ] -35.4464 -35.4464 -35.4464 -35.4464 -35.4464 -35.4464 -35.4464
[ LCMDATA ] -36.149 -36.149 -36.149 -36.149 -36.149 -36.149 -36.149
[ LCMDATA ] -36.8715 -36.8715 -36.8715 -36.8715 -36.8715 -36.8715 -36.8715
[ LCMDATA ] -37.5557 -37.5557 -37.5557 -37.5557 -37.5557 -37.5557 -37.5557
[ LCMDATA ] -38.2306 -38.2306 -38.2306 -38.2306 -38.2306 -38.2306 -38.2306
[ LCMDATA ] -39.0154 -39.0154 -39.0154 -39.0154 -39.0154 -39.0154 -39.0154
[ LCMDATA ] -39.6695 -39.6695 -39.6695 -39.6695 -39.6695 -39.6695 -39.6695
[ LCMDATA ] -40.3139 -40.3139 -40.3139 -40.3139 -40.3139 -40.3139 -40.3139
[ LCMDATA ] -40.9483 -40.9483 -40.9483 -40.9483 -40.9483 -40.9483 -40.9483
[ LCMDATA ] -41.5726 -41.5726 -41.5726 -41.5726 -41.5726 -41.5726 -41.5726
[ LCMDATA ] -42.1866 -42.1866 -42.1866 -42.1866 -42.1866 -42.1866 -42.1866
[ LCMDATA ] -42.7903 -42.7903 -42.7903 -42.7903 -42.7903 -42.7903 -42.7903
[ LCMDATA ] -43.3834 -43.3834 -43.3834 -43.3834 -43.3834 -43.3834 -43.3834
[ LCMDATA ] -43.9657 -43.9657 -43.9657 -43.9657 -43.9657 -43.9657 -43.9657
[ LCMDATA ] -44.5372 -44.5372 -44.5372 -44.5372 -44.5372 -44.5372 -44.5372
[ LCMDATA ] -45.0978 -45.0978 -45.0978 -45.0978 -45.0978 -45.0978 -45.0978
[ LCMDATA ] -45.6472 -45.6472 -45.6472 -45.6472 -45.6472 -45.6472 -45.6472
[ LCMDATA ] -46.228 -46.228 -46.228 -46.228 -46.228 -46.228 -46.228
[ LCMDATA ] -46.7538 -46.7538 -46.7538 -46.7538 -46.7538 -46.7538 -46.7538
[ LCMDATA ] -47.3387 -47.3387 -47.3387 -47.3387 -47.3387 -47.3387 -47.3387
[ LCMDATA ] -47.8397 -47.8397 -47.8397 -47.8397 -47.8397 -47.8397 -47.8397
[ LCMDATA ] -48.3311 -48.3311 -48.3311 -48.3311 -48.3311 -48.3311 -48.3311
[ LCMDATA ] -48.8379 -48.8379 -48.8379 -48.8379 -48.8379 -48.8379 -48.8379
[ LCMDATA ] -49.3023 -49.3023 -49.3023 -49.3023 -49.3023 -49.3023 -49.3023
[ LCMDATA ] -49.7546 -49.7546 -49.7546 -49.7546 -49.7546 -49.7546 -49.7546
[ LCMDATA ] -50.1947 -50.1947 -50.1947 -50.1947 -50.1947 -50.1947 -50.1947
[ LCMDATA ] -50.7486 -50.7486 -50.7486 -50.7486 -50.7486 -50.7486 -50.7486
[ LCMDATA ] -51.1599 -51.1599 -51.1599 -51.1599 -51.1599 -51.1599 -51.1599
[ LCMDATA ] -51.5586 -51.5586 -51.5586 -51.5586 -51.5586 -51.5586 -51.5586
[ LCMDATA ] -51.9445 -51.9445 -51.9445 -51.9445 -51.9445 -51.9445 -51.9445
[ LCMDATA ] -52.3177 -52.3177 -52.3177 -52.3177 -52.3177 -52.3177 -52.3177
[ LCMDATA ] -52.6781 -52.6781 -52.6781 -52.6781 -52.6781 -52.6781 -52.6781
[ LCMDATA ] -53.0253 -53.0253 -53.0253 -53.0253 -53.0253 -53.0253 -53.0253
[ LCMDATA ] -53.3595 -53.3595 -53.3595 -53.3595 -53.3595 -53.3595 -53.3595
[ LCMDATA ] -53.6805 -53.6805 -53.6805 -53.6805 -53.6805 -53.6805 -53.6805
[ LCMDATA ] -53.9882 -53.9882 -53.9882 -53.9882 -53.9882 -53.9882 -53.9882
[ LCMDATA ] -54.2826 -54.2826 -54.2826 -54.2826 -54.2826 -54.2826 -54.2826
[ LCMDATA ] -54.5637 -54.5637 -54.5637 -54.5637 -54.5637 -54.5637 -54.5637
[ LCMDATA ] -54.8312 -54.8312 -54.8312 -54.8312 -54.8312 -54.8312 -54.8312
[ LCMDATA ] -55.0853 -55.0853 -55.0853 -55.0853 -55.0853 -55.0853 -55.0853
[ LCMDATA ] -55.3257 -55.3257 -55.3257 -55.3257 -55.3257 -55.3257 -55.3257
[ LCMDATA ] -55.6005 -55.6005 -55.6005 -55.6005 -55.6005 -55.6005 -55.6005
[ LCMDATA ] -55.8105 -55.8105 -55.8105 -55.8105 -55.8105 -55.8105 -55.8105
[ LCMDATA ] -56.0369 -56.0369 -56.0369 -56.0369 -56.0369 -56.0369 -56.0369
[ LCMDATA ] -56.2287 -56.2287 -56.2287 -56.2287 -56.2287 -56.2287 -56.2287
[ LCMDATA ] -56.3942 -56.3942 -56.3942 -56.3942 -56.3942 -56.3942 -56.3942
[ LCMDATA ] -56.6118 -56.6118 -56.6118 -56.6118 -56.6118 -56.6118 -56.6118
[ LCMDATA ] -56.7429 -56.7429 -56.7429 -56.7429 -56.7429 -56.7429 -56.7429
[ LCMDATA ] -56.8676 -56.8676 -56.8676 -56.8676 -56.8676 -56.8676 -56.8676
[ LCMDATA ] -56.9902 -56.9902 -56.9902 -56.9902 -56.9902 -56.9902 -56.9902
[ LCMDATA ] -57.0751 -57.0751 -57.0751 -57.0751 -57.0751 -57.0751 -57.0751
[ LCMDATA ] -57.1529 -57.1529 -57.1529 -57.1529 -57.1529 -57.1529 -57.1529
[ LCMDATA ] -57.2184 -57.2184 -57.2184 -57.2184 -57.2184 -57.2184 -57.2184
[ LCMDATA ] -57.2563 -57.2563 -57.2563 -57.2563 -57.2563 -57.2563 -57.2563
[ LCMDATA ] -57.2857 -57.2857 -57.2857 -57.2857 -57.2857 -57.2857 -57.2857
[ LCMDATA ] -57.2886 -57.2886 -57.2886 -57.2886 -57.2886 -57.2886 -57.2886
[ LCMDATA ] -57.2753 -57.2753 -57.2753 -57.2753 -57.2753 -57.2753 -57.2753
[ LCMDATA ] -57.2479 -57.2479 -57.2479 -57.2479 -57.2479 -57.2479 -57.2479
[ LCMDATA ] -57.2063 -57.2063 -57.2063 -57.2063 -57.2063 -57.2063 -57.2063
[ LCMDATA ] -57.1506 -57.1506 -57.1506 -57.1506 -57.1506 -57.1506 -57.1506
[ LCMDATA ] -57.0808 -57.0808 -57.0808 -57.0808 -57.0808 -57.0808 -57.0808
[ LCMDATA ] -56.997 -56.997 -56.997 -56.997 -56.997 -56.997 -56.997
[ LCMDATA ] -56.8622 -56.8622 -56.8622 -56.8622 -56.8622 -56.8622 -56.8622
[ LCMDATA ] -56.7176 -56.7176 -56.7176 -56.7176 -56.7176 -56.7176 -56.7176
[ LCMDATA ] -56.5837 -56.5837 -56.5837 -56.5837 -56.5837 -56.5837 -56.5837
[ LCMDATA ] -56.373 -56.373 -56.373 -56.373 -56.373 -56.373 -56.373
[ LCMDATA ] -56.1666 -56.1666 -56.1666 -56.1666 -56.1666 -56.1666 -56.1666
[ LCMDATA ] -55.9823 -55.9823 -55.9823 -55.9823 -55.9823 -55.9823 -55.9823
[ LCMDATA ] -55.7842 -55.7842 -55.7842 -55.7842 -55.7842 -55.7842 -55.7842
[ LCMDATA ] -55.5724 -55.5724 -55.5724 -55.5724 -55.5724 -55.5724 -55.5724
[ LCMDATA ] -55.274 -55.274 -55.274 -55.274 -55.274 -55.274 -55.274
[ LCMDATA ] -55.0306 -55.0306 -55.0306 -55.0306 -55.0306 -55.0306 -55.0306
[ LCMDATA ] -54.7736 -54.7736 -54.7736 -54.7736 -54.7736 -54.7736 -54.7736
[ LCMDATA ] -54.503 -54.503 -54.503 -54.503 -54.503 -54.503 -54.503
[ LCMDATA ] -54.1984 -54.1984 -54.1984 -54.1984 -54.1984 -54.1984 -54.1984
[ LCMDATA ] -53.9001 -53.9001 -53.9001 -53.9001 -53.9001 -53.9001 -53.9001
[ LCMDATA ] -53.5885 -53.5885 -53.5885 -53.5885 -53.5885 -53.5885 -53.5885
[ LCMDATA ] -53.2637 -53.2637 -53.2637 -53.2637 -53.2637 -53.2637 -53.2637
[ LCMDATA ] -52.9257 -52.9257 -52.9257 -52.9257 -52.9257 -52.9257 -52.9257
[ LCMDATA ] -52.4386 -52.4386 -52.4386 -52.4386 -52.4386 -52.4386 -52.4386
[ LCMDATA ] -52.0697 -52.0697 -52.0697 -52.0697 -52.0697 -52.0697 -52.0697
[ LCMDATA ] -51.6486 -51.6486 -51.6486 -51.6486 -51.6486 -51.6486 -51.6486
[ LCMDATA ] -51.2333 -51.2333 -51.2333 -51.2333 -51.2333 -51.2333 -51.2333
[ LCMDATA ] -50.7971 -50.7971 -50.7971 -50.7971 -50.7971 -50.7971 -50.7971
[ LCMDATA ] -50.3747 -50.3747 -50.3747 -50.3747 -50.3747 -50.3747 -50.3747
[ LCMDATA ] -49.9399 -49.9399 -49.9399 -49.9399 -49.9399 -49.9399 -49.9399
[ LCMDATA ] -49.3214 -49.3214 -49.3214 -49.3214 -49.3214 -49.3214 -49.3214
[ LCMDATA ] -48.8436 -48.8436 -48.8436 -48.8436 -48.8436 -48.8436 -48.8436
[ LCMDATA ] -48.3673 -48.3673 -48.3673 -48.3673 -48.3673 -48.3673 -48.3673
[ LCMDATA ] -47.879 -47.879 -47.879 -47.879 -47.879 -47.879 -47.879
[ LCMDATA ] -47.2052 -47.2052 -47.2052 -47.2052 -47.2052 -47.2052 -47.2052
[ LCMDATA ] -46.6895 -46.6895 -46.6895 -46.6895 -46.6895 -46.6895 -46.6895
[ LCMDATA ] -46.1622 -46.1622 -46.1622 -46.1622 -46.1622 -46.1622 -46.1622
[ LCMDATA ] -45.5964 -45.5964 -45.5964 -45.5964 -45.5964 -45.5964 -45.5964
[ LCMDATA ] -44.9226 -44.9226 -44.9226 -44.9226 -44.9226 -44.9226 -44.9226
[ LCMDATA ] -44.3586 -44.3586 -44.3586 -44.3586 -44.3586 -44.3586 -44.3586
[ LCMDATA ] -43.7837 -43.7837 -43.7837 -43.7837 -43.7837 -43.7837 -43.7837
[ LCMDATA ] -43.1979 -43.1979 -43.1979 -43.1979 -43.1979 -43.1979 -43.1979
[ LCMDATA ] -42.4376 -42.4376 -42.4376 -42.4376 -42.4376 -42.4376 -42.4376
[ LCMDATA ] -41.8278 -41.8278 -41.8278 -41.8278 -41.8278 -41.8278 -41.8278
[ LCMDATA ] -41.1698 -41.1698 -41.1698 -41.1698 -41.1698 -41.1698 -41.1698
[ LCMDATA ] -40.256 -40.256 -40.256 -40.256 -40.256 -40.256 -40.256
[ LCMDATA ] -39.6107 -39.6107 -39.6107 -39.6107 -39.6107 -39.6107 -39.6107
[ LCMDATA ] -38.9557 -38.9557 -38.9557 -38.9557 -38.9557 -38.9557 -38.9557
[ LCMDATA ] -38.2911 -38.2911 -38.2911 -38.2911 -38.2911 -38.2911 -38.2911
[ LCMDATA ] -37.617 -37.617 -37.617 -37.617 -37.617 -37.617 -37.617
[ LCMDATA ] -36.7065 -36.7065 -36.7065 -36.7065 -36.7065 -36.7065 -36.7065
[ LCMDATA ] -35.9743 -35.9743 -35.9743 -35.9743 -35.9743 -35.9743 -35.9743
[ LCMDATA ] -35.2695 -35.2695 -35.2695 -35.2695 -35.2695 -35.2695 -35.2695
[ LCMDATA ] -34.556 -34.556 -34.556 -34.556 -34.556 -34.556 -34.556
[ LCMDATA ] -33.7891 -33.7891 -33.7891 -33.7891 -33.7891 -33.7891 -33.7891
[ LCMDATA ] -32.9848 -32.9848 -32.9848 -32.9848 -32.9848 -32.9848 -32.9848
[ LCMDATA ] -32.0815 -32.0815 -32.0815 -32.0815 -32.0815 -32.0815 -32.0815
[ LCMDATA ] -31.0737 -31.0737 -31.0737 -31.0737 -31.0737 -31.0737 -31.0737
[ LCMDATA ] -30.2377 -30.2377 -30.2377 -30.2377 -30.2377 -30.2377 -30.2377
[ LCMDATA ] -29.453 -29.453 -29.453 -29.453 -29.453 -29.453 -29.453
[ LCMDATA ] -28.6775 -28.6775 -28.6775 -28.6775 -28.6775 -28.6775 -28.6775
[ LCMDATA ] -27.8934 -27.8934 -27.8934 -27.8934 -27.8934 -27.8934 -27.8934
[ LCMDATA ] -27.1039 -27.1039 -27.1039 -27.1039 -27.1039 -27.1039 -27.1039
[ LCMDATA ] -26.2726 -26.2726 -26.2726 -26.2726 -26.2726 -26.2726 -26.2726
[ LCMDATA ] -25.2474 -25.2474 -25.2474 -25.2474 -25.2474 -25.2474 -25.2474
[ LCMDATA ] -24.3458 -24.3458 -24.3458 -24.3458 -24.3458 -24.3458 -24.3458
[ LCMDATA ] -23.4168 -23.4168 -23.4168 -23.4168 -23.4168 -23.4168 -23.4168
[ LCMDATA ] -22.5926 -22.5926 -22.5926 -22.5926 -22.5926 -22.5926 -22.5926
[ LCMDATA ] -21.4753 -21.4753 -21.4753 -21.4753 -21.4753 -21.4753 -21.4753
[ LCMDATA ] -20.6384 -20.6384 -20.6384 -20.6384 -20.6384 -20.6384 -20.6384
[ LCMDATA ] -19.7318 -19.7318 -19.7318 -19.7318 -19.7318 -19.7318 -19.7318
[ LCMDATA ] -18.8845 -18.8845 -18.8845 -18.8845 -18.8845 -18.8845 -18.8845
[ LCMDATA ] -18.0326 -18.0326 -18.0326 -18.0326 -18.0326 -18.0326 -18.0326
[ LCMDATA ] -17.1762 -17.1762 -17.1762 -17.1762 -17.1762 -17.1762 -17.1762
[ LCMDATA ] -15.9724 -15.9724 -15.9724 -15.9724 -15.9724 -15.9724 -15.9724
[ LCMDATA ] -15.1058 -15.1058 -15.1058 -15.1058 -15.1058 -15.1058 -15.1058
[ LCMDATA ] -14.2359 -14.2359 -14.2359 -14.2359 -14.2359 -14.2359 -14.2359
[ LCMDATA ] -13.0129 -13.0129 -13.0129 -13.0129 -13.0129 -13.0129 -13.0129
[ LCMDATA ] -12.0505 -12.0505 -12.0505 -12.0505 -12.0505 -12.0505 -12.0505
[ LCMDATA ] -11.056 -11.056 -11.056 -11.056 -11.056 -11.056 -11.056
[ LCMDATA ] -10.0864 -10.0864 -10.0864 -10.0864 -10.0864 -10.0864 -10.0864
[ LCMDATA ] -8.78501 -8.78501 -8.78501 -8.78501 -8.78501 -8.78501 -8.78501
[ LCMDATA ] -7.89469 -7.89469 -7.89469 -7.89469 -7.89469 -7.89469 -7.89469
[ LCMDATA ] -6.93816 -6.93816 -6.93816 -6.93816 -6.93816 -6.93816 -6.93816
[ LCMDATA ] -6.04405 -6.04405 -6.04405 -6.04405 -6.04405 -6.04405 -6.04405
[ LCMDATA ] -5.00248 -5.00248 -5.00248 -5.00248 -5.00248 -5.00248 -5.00248
[ LCMDATA ] -3.90479 -3.90479 -3.90479 -3.90479 -3.90479 -3.90479 -3.90479
[ LCMDATA ] -2.80647 -2.80647 -2.80647 -2.80647 -2.80647 -2.80647 -2.80647
[ LCMDATA ] -1.90732 -1.90732 -1.90732 -1.90732 -1.90732 -1.90732 -1.90732
[ LCMDATA ] -0.886831 -0.886831 -0.886831 -0.886831 -0.886831 -0.886831 -0.886831
[ LCMDATA ] 0.0138333 0.0138333 0.0138333 0.0138333 0.0138333 0.0138333 0.0138333
[ LCMDATA ] 1.00709 1.00709 1.00709 1.00709 1.00709 1.00709 1.00709
[ LCMDATA ] 2.10074 2.10074 2.10074 2.10074 2.10074 2.10074 2.10074
[ LCMDATA ] 3.23632 3.23632 3.23632 3.23632 3.23632 3.23632 3.23632
[ LCMDATA ] 4.13436 4.13436 4.13436 4.13436 4.13436 4.13436 4.13436
[ LCMDATA ] 5.22529 5.22529 5.22529 5.22529 5.22529 5.22529 5.22529
[ LCMDATA ] 6.12079 6.12079 6.12079 6.12079 6.12079 6.12079 6.12079
[ LCMDATA ] 7.01476 7.01476 7.01476 7.01476 7.01476 7.01476 7.01476
[ LCMDATA ] 8.2625 8.2625 8.2625 8.2625 8.2625 8.2625 8.2625
[ LCMDATA ] 9.15195 9.15195 9.15195 9.15195 9.15195 9.15195 9.15195
[ LCMDATA ] 10.0391 10.0391 10.0391 10.0391 10.0391 10.0391 10.0391
[ LCMDATA ] 10.9239 10.9239 10.9239 10.9239 10.9239 10.9239 10.9239
[ LCMDATA ] 11.8059 11.8059 11.8059 11.8059 11.8059 11.8059 11.8059
[ LCMDATA ] 12.7022 12.7022 12.7022 12.7022 12.7022 12.7022 12.7022
[ LCMDATA ] 13.7708 13.7708 13.7708 13.7708 13.7708 13.7708 13.7708
[ LCMDATA ] 14.6426 14.6426 14.6426 14.6426 14.6426 14.6426 14.6426
[ LCMDATA ] 15.5108 15.5108 15.5108 15.5108 15.5108 15.5108 15.5108
[ LCMDATA ] 16.3785 16.3785 16.3785 16.3785 16.3785 16.3785 16.3785
[ LCMDATA ] 17.259 17.259 17.259 17.259 17.259 17.259 17.259
[ LCMDATA ] 18.1241 18.1241 18.1241 18.1241 18.1241 18.1241 18.1241
[ LCMDATA ] 18.9977 18.9977 18.9977 18.9977 18.9977 18.9977 18.9977
[ LCMDATA ] 19.8443 19.8443 19.8443 19.8443 19.8443 19.8443 19.8443
[ LCMDATA ] 20.686 20.686 20.686 20.686 20.686 20.686 20.686
[ LCMDATA ] 21.5226 21.5226 21.5226 21.5226 21.5226 21.5226 21.5226
[ LCMDATA ] 22.3539 22.3539 22.3539 22.3539 22.3539 22.3539 22.3539
[ LCMDATA ] 23.1797 23.1797 23.1797 23.1797 23.1797 23.1797 23.1797
[ LCMDATA ] 23.9998 23.9998 23.9998 23.9998 23.9998 23.9998 23.9998
[ LCMDATA ] 24.8139 24.8139 24.8139 24.8139 24.8139 24.8139 24.8139
[ LCMDATA ] 25.6292 25.6292 25.6292 25.6292 25.6292 25.6292 25.6292
[ LCMDATA ] 26.4639 26.4639 26.4639 26.4639 26.4639 26.4639 26.4639
[ LCMDATA ] 27.276 27.276 27.276 27.276 27.276 27.276 27.276
[ LCMDATA ] 28.3327 28.3327 28.3327 28.3327 28.3327 28.3327 28.3327
[ LCMDATA ] 29.1114 29.1114 29.1114 29.1114 29.1114 29.1114 29.1114
[ LCMDATA ] 29.8828 29.8828 29.8828 29.8828 29.8828 29.8828 29.8828
[ LCMDATA ] 30.88 30.88 30.88 30.88 30.88 30.88 30.88
[ LCMDATA ] 31.6342 31.6342 31.6342 31.6342 31.6342 31.6342 31.6342
[ LCMDATA ] 32.3805 32.3805 32.3805 32.3805 32.3805 32.3805 32.3805
[ LCMDATA ] 33.1189 33.1189 33.1189 33.1189 33.1189 33.1189 33.1189
[ LCMDATA ] 33.8491 33.8491 33.8491 33.8491 33.8491 33.8491 33.8491
[ LCMDATA ] 34.5709 34.5709 34.5709 34.5709 34.5709 34.5709 34.5709
[ LCMDATA ] 35.2842 35.2842 35.2842 35.2842 35.2842 35.2842 35.2842
[ LCMDATA ] 35.9888 35.9888 35.9888 35.9888 35.9888 35.9888 35.9888
[ LCMDATA ] 36.6846 36.6846 36.6846 36.6846 36.6846 36.6846 36.6846
[ LCMDATA ] 37.3712 37.3712 37.3712 37.3712 37.3712 37.3712 37.3712
[ LCMDATA ] 38.0487 38.0487 38.0487 38.0487 38.0487 38.0487 38.0487
[ LCMDATA ] 38.7168 38.7168 38.7168 38.7168 38.7168 38.7168 38.7168
[ LCMDATA ] 39.3753 39.3753 39.3753 39.3753 39.3753 39.3753 39.3753
[ LCMDATA ] 40.1207 40.1207 40.1207 40.1207 40.1207 40.1207 40.1207
[ LCMDATA ] 40.7581 40.7581 40.7581 40.7581 40.7581 40.7581 40.7581
[ LCMDATA ] 41.3855 41.3855 41.3855 41.3855 41.3855 41.3855 41.3855
[ LCMDATA ] 42.0026 42.0026 42.0026 42.0026 42.0026 42.0026 42.0026
[ LCMDATA ] 42.6094 42.6094 42.6094 42.6094 42.6094 42.6094 42.6094
[ LCMDATA ] 43.454 43.454 43.454 43.454 43.454 43.454 43.454
[ LCMDATA ] 44.0351 44.0351 44.0351 44.0351 44.0351 44.0351 44.0351
[ LCMDATA ] 44.6053 44.6053 44.6053 44.6053 44.6053 44.6053 44.6053
[ LCMDATA ] 45.3557 45.3557 45.3557 45.3557 45.3557 45.3557 45.3557
[ LCMDATA ] 45.8999 45.8999 45.8999 45.8999 45.8999 45.8999 45.8999
[ LCMDATA ] 46.545 46.545 46.545 46.545 46.545 46.545 46.545
[ LCMDATA ] 47.1777 47.1777 47.1777 47.1777 47.1777 47.1777 47.1777
[ LCMDATA ] 47.6824 47.6824 47.6824 47.6824 47.6824 47.6824 47.6824
[ LCMDATA ] 48.2103 48.2103 48.2103 48.2103 48.2103 48.2103 48.2103
[ LCMDATA ] 48.6905 48.6905 48.6905 48.6905 48.6905 48.6905 48.6905
[ LCMDATA ] 49.1586 49.1586 49.1586 49.1586 49.1586 49.1586 49.1586
[ LCMDATA ] 49.6147 49.6147 49.6147 49.6147 49.6147 49.6147 49.6147
[ LCMDATA ] 50.0585 50.0585 50.0585 50.0585 50.0585 50.0585 50.0585
[ LCMDATA ] 50.49 50.49 50.49 50.49 50.49 50.49 50.49
[ LCMDATA ] 50.968 50.968 50.968 50.968 50.968 50.968 50.968
[ LCMDATA ] 51.4878 51.4878 51.4878 51.4878 51.4878 51.4878 51.4878
[ LCMDATA ] 51.8761 51.8761 51.8761 51.8761 51.8761 51.8761 51.8761
[ LCMDATA ] 52.2515 52.2515 52.2515 52.2515 52.2515 52.2515 52.2515
[ LCMDATA ] 52.6141 52.6141 52.6141 52.6141 52.6141 52.6141 52.6141
[ LCMDATA ] 52.9811 52.9811 52.9811 52.9811 52.9811 52.9811 52.9811
[ LCMDATA ] 53.4036 53.4036 53.4036 53.4036 53.4036 53.4036 53.4036
[ LCMDATA ] 53.8171 53.8171 53.8171 53.8171 53.8171 53.8171 53.8171
[ LCMDATA ] 54.119 54.119 54.119 54.119 54.119 54.119 54.119
[ LCMDATA ] 54.4075 54.4075 54.4075 54.4075 54.4075 54.4075 54.4075
[ LCMDATA ] 54.6827 54.6827 54.6827 54.6827 54.6827 54.6827 54.6827
[ LCMDATA ] 54.9443 54.9443 54.9443 54.9443 54.9443 54.9443 54.9443
[ LCMDATA ] 55.1924 55.1924 55.1924 55.1924 55.1924 55.1924 55.1924
[ LCMDATA ] 55.4269 55.4269 55.4269 55.4269 55.4269 55.4269 55.4269
[ LCMDATA ] 55.7014 55.7014 55.7014 55.7014 55.7014 55.7014 55.7014
[ LCMDATA ] 55.905 55.905 55.905 55.905 55.905 55.905 55.905
[ LCMDATA ] 56.1241 56.1241 56.1241 56.1241 56.1241 56.1241 56.1241
[ LCMDATA ] 56.3342 56.3342 56.3342 56.3342 56.3342 56.3342 56.3342
[ LCMDATA ] 56.4909 56.4909 56.4909 56.4909 56.4909 56.4909 56.4909
[ LCMDATA ] 56.6337 56.6337 56.6337 56.6337 56.6337 56.6337 56.6337
[ LCMDATA ] 56.7626 56.7626 56.7626 56.7626 56.7626 56.7626 56.7626
[ LCMDATA ] 56.8826 56.8826 56.8826 56.8826 56.8826 56.8826 56.8826
[ LCMDATA ] 56.9842 56.9842 56.9842 56.9842 56.9842 56.9842 56.9842
[ LCMDATA ] 57.07 57.07 57.07 57.07 57.07 57.07 57.07
[ LCMDATA ] 57.1418 57.1418 57.1418 57.1418 57.1418 57.1418 57.1418
[ LCMDATA ] 57.2168 57.2168 57.2168 57.2168 57.2168 57.2168 57.2168
[ LCMDATA ] 57.2552 57.2552 57.2552 57.2552 57.2552 57.2552 57.2552
[ LCMDATA ] 57.2795 57.2795 57.2795 57.2795 57.2795 57.2795 57.2795
[ LCMDATA ] 57.2897 57.2897 57.2897 57.2897 57.2897 57.2897 57.2897
[ LCMDATA ] 57.2857 57.2857 57.2857 57.2857 57.2857 57.2857 57.2857
[ LCMDATA ] 57.2676 57.2676 57.2676 57.2676 57.2676 57.2676 57.2676
[ LCMDATA ] 57.2253 57.2253 57.2253 57.2253 57.2253 57.2253 57.2253
[ LCMDATA ] 57.17 57.17 57.17 57.17 57.17 57.17 57.17
[ LCMDATA ] 57.1047 57.1047 57.1047 57.1047 57.1047 57.1047 57.1047
[ LCMDATA ] 57.0254 57.0254 57.0254 57.0254 57.0254 57.0254 57.0254
[ LCMDATA ] 56.9319 56.9319 56.9319 56.9319 56.9319 56.9319 56.9319
[ LCMDATA ] 56.8245 56.8245 56.8245 56.8245 56.8245 56.8245 56.8245
[ LCMDATA ] 56.703 56.703 56.703 56.703 56.703 56.703 56.703
[ LCMDATA ] 56.5675 56.5675 56.5675 56.5675 56.5675 56.5675 56.5675
[ LCMDATA ] 56.3997 56.3997 56.3997 56.3997 56.3997 56.3997 56.3997
[ LCMDATA ] 56.2347 56.2347 56.2347 56.2347 56.2347 56.2347 56.2347
[ LCMDATA ] 56.0558 56.0558 56.0558 56.0558 56.0558 56.0558 56.0558
[ LCMDATA ] 55.8631 55.8631 55.8631 55.8631 55.8631 55.8631 55.8631
[ LCMDATA ] 55.6566 55.6566 55.6566 55.6566 55.6566 55.6566 55.6566
[ LCMDATA ] 55.4211 55.4211 55.4211 55.4211 55.4211 55.4211 55.4211
[ LCMDATA ] 55.1836 55.1836 55.1836 55.1836 55.1836 55.1836 55.1836
[ LCMDATA ] 54.9341 54.9341 54.9341 54.9341 54.9341 54.9341 54.9341
[ LCMDATA ] 54.6717 54.6717 54.6717 54.6717 54.6717 54.6717 54.6717
[ LCMDATA ] 54.3867 54.3867 54.3867 54.3867 54.3867 54.3867 54.3867
[ LCMDATA ] 54.0971 54.0971 54.0971 54.0971 54.0971 54.0971 54.0971
[ LCMDATA ] 53.7943 53.7943 53.7943 53.7943 53.7943 53.7943 53.7943
[ LCMDATA ] 53.4781 53.4781 53.4781 53.4781 53.4781 53.4781 53.4781
[ LCMDATA ] 53.1487 53.1487 53.1487 53.1487 53.1487 53.1487 53.1487
[ LCMDATA ] 52.8063 52.8063 52.8063 52.8063 52.8063 52.8063 52.8063
[ LCMDATA ] 52.4507 52.4507 52.4507 52.4507 52.4507 52.4507 52.4507
[ LCMDATA ] 52.0823 52.0823 52.0823 52.0823 52.0823 52.0823 52.0823
[ LCMDATA ] 51.701 51.701 51.701 51.701 51.701 51.701 51.701
[ LCMDATA ] 51.3069 51.3069 51.3069 51.3069 51.3069 51.3069 51.3069
[ LCMDATA ] 50.9002 50.9002 50.9002 50.9002 50.9002 50.9002 50.9002
[ LCMDATA ] 50.481 50.481 50.481 50.481 50.481 50.481 50.481
[ LCMDATA ] 50.0492 50.0492 50.0492 50.0492 50.0492 50.0492 50.0492
[ LCMDATA ] 49.6051 49.6051 49.6051 49.6051 49.6051 49.6051 49.6051
[ LCMDATA ] 49.1488 49.1488 49.1488 49.1488 49.1488 49.1488 49.1488
[ LCMDATA ] 48.6804 48.6804 48.6804 48.6804 48.6804 48.6804 48.6804
[ LCMDATA ] 48.1999 48.1999 48.1999 48.1999 48.1999 48.1999 48.1999
[ LCMDATA ] 47.7076 47.7076 47.7076 47.7076 47.7076 47.7076 47.7076
[ LCMDATA ] 47.2035 47.2035 47.2035 47.2035 47.2035 47.2035 47.2035
[ LCMDATA ] 46.6868 46.6868 46.6868 46.6868 46.6868 46.6868 46.6868
[ LCMDATA ] 46.1588 46.1588 46.1588 46.1588 46.1588 46.1588 46.1588
[ LCMDATA ] 45.6201 45.6201 45.6201 45.6201 45.6201 45.6201 45.6201
[ LCMDATA ] 45.0702 45.0702 45.0702 45.0702 45.0702 45.0702 45.0702
[ LCMDATA ] 44.5091 44.5091 44.5091 44.5091 44.5091 44.5091 44.5091
[ LCMDATA ] 43.937 43.937 43.937 43.937 43.937 43.937 43.937
[ LCMDATA ] 43.3541 43.3541 43.3541 43.3541 43.3541 43.3541 43.3541
[ LCMDATA ] 42.7605 42.7605 42.7605 42.7605 42.7605 42.7605 42.7605
[ LCMDATA ] 42.1563 42.1563 42.1563 42.1563 42.1563 42.1563 42.1563
[ LCMDATA ] 41.5214 41.5214 41.5214 41.5214 41.5214 41.5214 41.5214
[ LCMDATA ] 40.8963 40.8963 40.8963 40.8963 40.8963 40.8963 40.8963
[ LCMDATA ] 40.2611 40.2611 40.2611 40.2611 40.2611 40.2611 40.2611
[ LCMDATA ] 39.6159 39.6159 39.6159 39.6159 39.6159 39.6159 39.6159
[ LCMDATA ] 38.961 38.961 38.961 38.961 38.961 38.961 38.961
[ LCMDATA ] 38.2964 38.2964 38.2964 38.2964 38.2964 38.2964 38.2964
[ LCMDATA ] 37.6224 37.6224 37.6224 37.6224 37.6224 37.6224 37.6224
[ LCMDATA ] 36.9391 36.9391 36.9391 36.9391 36.9391 36.9391 36.9391
[ LCMDATA ] 36.2467 36.2467 36.2467 36.2467 36.2467 36.2467 36.2467
[ LCMDATA ] 35.5454 35.5454 35.5454 35.5454 35.5454 35.5454 35.5454
[ LCMDATA ] 34.8352 34.8352 34.8352 34.8352 34.8352 34.8352 34.8352
[ LCMDATA ] 34.1165 34.1165 34.1165 34.1165 34.1165 34.1165 34.1165
[ LCMDATA ] 33.3894 33.3894 33.3894 33.3894 33.3894 33.3894 33.3894
[ LCMDATA ] 32.654 32.654 32.654 32.654 32.654 32.654 32.654
[ LCMDATA ] 31.9106 31.9106 31.9106 31.9106 31.9106 31.9106 31.9106
[ LCMDATA ] 31.1593 31.1593 31.1593 31.1593 31.1593 31.1593 31.1593
[ LCMDATA ] 30.4003 30.4003 30.4003 30.4003 30.4003 30.4003 30.4003
[ LCMDATA ] 29.6338 29.6338 29.6338 29.6338 29.6338 29.6338 29.6338
[ LCMDATA ] 28.86 28.86 28.86 28.86 28.86 28.86 28.86
[ LCMDATA ] 28.0791 28.0791 28.0791 28.0791 28.0791 28.0791 28.0791
[ LCMDATA ] 27.1025 27.1025 27.1025 27.1025 27.1025 27.1025 27.1025
[ LCMDATA ] 26.3064 26.3064 26.3064 26.3064 26.3064 26.3064 26.3064
[ LCMDATA ] 25.2997 25.2997 25.2997 25.2997 25.2997 25.2997 25.2997
[ LCMDATA ] 24.2806 24.2806 24.2806 24.2806 24.2806 24.2806 24.2806
[ LCMDATA ] 23.2853 23.2853 23.2853 23.2853 23.2853 23.2853 23.2853
[ LCMDATA ] 22.3556 22.3556 22.3556 22.3556 22.3556 22.3556 22.3556
[ LCMDATA ] 21.5243 21.5243 21.5243 21.5243 21.5243 21.5243 21.5243
[ LCMDATA ] 20.6877 20.6877 20.6877 20.6877 20.6877 20.6877 20.6877
[ LCMDATA ] 19.846 19.846 19.846 19.846 19.846 19.846 19.846
[ LCMDATA ] 18.9994 18.9994 18.9994 18.9994 18.9994 18.9994 18.9994
[ LCMDATA ] 18.1481 18.1481 18.1481 18.1481 18.1481 18.1481 18.1481
[ LCMDATA ] 17.2923 17.2923 17.2923 17.2923 17.2923 17.2923 17.2923
[ LCMDATA ] 16.4323 16.4323 16.4323 16.4323 16.4323 16.4323 16.4323
[ LCMDATA ] 15.5682 15.5682 15.5682 15.5682 15.5682 15.5682 15.5682
[ LCMDATA ] 14.7002 14.7002 14.7002 14.7002 14.7002 14.7002 14.7002
[ LCMDATA ] 13.8287 13.8287 13.8287 13.8287 13.8287 13.8287 13.8287
[ LCMDATA ] 12.9537 12.9537 12.9537 12.9537 12.9537 12.9537 12.9537
[ LCMDATA ] 12.0755 12.0755 12.0755 12.0755 12.0755 12.0755 12.0755
[ LCMDATA ] 11.1944 11.1944 11.1944 11.1944 11.1944 11.1944 11.1944
[ LCMDATA ] 10.3104 10.3104 10.3104 10.3104 10.3104 10.3104 10.3104
[ LCMDATA ] 9.42398 9.42398 9.42398 9.42398 9.42398 9.42398 9.42398
[ LCMDATA ] 8.5352 8.5352 8.5352 8.5352 8.5352 8.5352 8.5352
[ LCMDATA ] 7.61842 7.61842 7.61842 7.61842 7.61842 7.61842 7.61842
[ LCMDATA ] 6.7256 6.7256 6.7256 6.7256 6.7256 6.7256 6.7256
[ LCMDATA ] 5.81607 5.81607 5.81607 5.81607 5.81607 5.81607 5.81607
[ LCMDATA ] 4.92012 4.92012 4.92012 4.92012 4.92012 4.92012 4.92012
[ LCMDATA ] 3.64849 3.64849 3.64849 3.64849 3.64849 3.64849 3.64849
[ LCMDATA ] 2.75 2.75 2.75 2.75 2.75 2.75 2.75
[ LCMDATA ] 1.75654 1.75654 1.75654 1.75654 1.75654 1.75654 1.75654
[ LCMDATA ] 0.85687 0.85687 0.85687 0.85687 0.85687 0.85687 0.85687
[ LCMDATA ] -0.0430231 -0.0430231 -0.0430231 -0.0430231 -0.0430231 -0.0430231 -0.0430231
[ LCMDATA ] -1.00219 -1.00219 -1.00219 -1.00219 -1.00219 -1.00219 -1.00219
[ LCMDATA ] -2.10066 -2.10066 -2.10066 -2.10066 -2.10066 -2.10066 -2.10066
[ LCMDATA ] -3.05166 -3.05166 -3.05166 -3.05166 -3.05166 -3.05166 -3.05166
[ LCMDATA ] -3.9574 -3.9574 -3.9574 -3.9574 -3.9574 -3.9574 -3.9574
[ LCMDATA ] -4.85465 -4.85465 -4.85465 -4.85465 -4.85465 -4.85465 -4.85465
[ LCMDATA ] -5.75069 -5.75069 -5.75069 -5.75069 -5.75069 -5.75069 -5.75069
[ LCMDATA ] -6.64531 -6.64531 -6.64531 -6.64531 -6.64531 -6.64531 -6.64531
[ LCMDATA ] -7.5383 -7.5383 -7.5383 -7.5383 -7.5383 -7.5383 -7.5383
[ LCMDATA ] -8.43065 -8.43065 -8.43065 -8.43065 -8.43065 -8.43065 -8.43065
[ LCMDATA ] -9.59925 -9.59925 -9.59925 -9.59925 -9.59925 -9.59925 -9.59925
[ LCMDATA ] -10.4852 -10.4852 -10.4852 -10.4852 -10.4852 -10.4852 -10.4852
[ LCMDATA ] -11.4072 -11.4072 -11.4072 -11.4072 -11.4072 -11.4072 -11.4072
[ LCMDATA ] -12.2876 -12.2876 -12.2876 -12.2876 -12.2876 -12.2876 -12.2876
[ LCMDATA ] -13.3007 -13.3007 -13.3007 -13.3007 -13.3007 -13.3007 -13.3007
[ LCMDATA ] -14.1744 -14.1744 -14.1744 -14.1744 -14.1744 -14.1744 -14.1744
[ LCMDATA ] -15.0484 -15.0484 -15.0484 -15.0484 -15.0484 -15.0484 -15.0484
[ LCMDATA ] -16.0761 -16.0761 -16.0761 -16.0761 -16.0761 -16.0761 -16.0761
[ LCMDATA ] -16.9379 -16.9379 -16.9379 -16.9379 -16.9379 -16.9379 -16.9379
[ LCMDATA ] -17.8078 -17.8078 -17.8078 -17.8078 -17.8078 -17.8078 -17.8078
[ LCMDATA ] -18.8541 -18.8541 -18.8541 -18.8541 -18.8541 -18.8541 -18.8541
[ LCMDATA ] -19.7016 -19.7016 -19.7016 -19.7016 -19.7016 -19.7016 -19.7016
[ LCMDATA ] -20.759 -20.759 -20.759 -20.759 -20.759 -20.759 -20.759
[ LCMDATA ] -21.5952 -21.5952 -21.5952 -21.5952 -21.5952 -21.5952 -21.5952
[ LCMDATA ] -22.426 -22.426 -22.426 -22.426 -22.426 -22.426 -22.426
[ LCMDATA ] -23.2513 -23.2513 -23.2513 -23.2513 -23.2513 -23.2513 -23.2513
[ LCMDATA ] -24.0709 -24.0709 -24.0709 -24.0709 -24.0709 -24.0709 -24.0709
[ LCMDATA ] -24.8845 -24.8845 -24.8845 -24.8845 -24.8845 -24.8845 -24.8845
[ LCMDATA ] -25.692 -25.692 -25.692 -25.692 -25.692 -25.692 -25.692
[ LCMDATA ] -26.4931 -26.4931 -26.4931 -26.4931 -26.4931 -26.4931 -26.4931
[ LCMDATA ] -27.2878 -27.2878 -27.2878 -27.2878 -27.2878 -27.2878 -27.2878
[ LCMDATA ] -28.0756 -28.0756 -28.0756 -28.0756 -28.0756 -28.0756 -28.0756
[ LCMDATA ] -28.8566 -28.8566 -28.8566 -28.8566 -28.8566 -28.8566 -28.8566
[ LCMDATA ] -29.6304 -29.6304 -29.6304 -29.6304 -29.6304 -29.6304 -29.6304
[ LCMDATA ] -30.3969 -30.3969 -30.3969 -30.3969 -30.3969 -30.3969 -30.3969
[ LCMDATA ] -31.1559 -31.1559 -31.1559 -31.1559 -31.1559 -31.1559 -31.1559
[ LCMDATA ] -31.9073 -31.9073 -31.9073 -31.9073 -31.9073 -31.9073 -31.9073
[ LCMDATA ] -32.6507 -32.6507 -32.6507 -32.6507 -32.6507 -32.6507 -32.6507
[ LCMDATA ] -33.6418 -33.6418 -33.6418 -33.6418 -33.6418 -33.6418 -33.6418
[ LCMDATA ] -34.5269 -34.5269 -34.5269 -34.5269 -34.5269 -34.5269 -34.5269
[ LCMDATA ] -35.2407 -35.2407 -35.2407 -35.2407 -35.2407 -35.2407 -35.2407
[ LCMDATA ] -36.0389 -36.0389 -36.0389 -36.0389 -36.0389 -36.0389 -36.0389
[ LCMDATA ] -36.734 -36.734 -36.734 -36.734 -36.734 -36.734 -36.734
[ LCMDATA ] -37.4367 -37.4367 -37.4367 -37.4367 -37.4367 -37.4367 -37.4367
[ LCMDATA ] -38.212 -38.212 -38.212 -38.212 -38.212 -38.212 -38.212
[ LCMDATA ] -38.8778 -38.8778 -38.8778 -38.8778 -38.8778 -38.8778 -38.8778
[ LCMDATA ] -39.5883 -39.5883 -39.5883 -39.5883 -39.5883 -39.5883 -39.5883
[ LCMDATA ] -40.3757 -40.3757 -40.3757 -40.3757 -40.3757 -40.3757 -40.3757
[ LCMDATA ] -41.0091 -41.0091 -41.0091 -41.0091 -41.0091 -41.0091 -41.0091
[ LCMDATA ] -41.8784 -41.8784 -41.8784 -41.8784 -41.8784 -41.8784 -41.8784
[ LCMDATA ] -42.4873 -42.4873 -42.4873 -42.4873 -42.4873 -42.4873 -42.4873
[ LCMDATA ] -43.1413 -43.1413 -43.1413 -43.1413 -43.1413 -43.1413 -43.1413
[ LCMDATA ] -43.7281 -43.7281 -43.7281 -43.7281 -43.7281 -43.7281 -43.7281
[ LCMDATA ] -44.3041 -44.3041 -44.3041 -44.3041 -44.3041 -44.3041 -44.3041
[ LCMDATA ] -44.8691 -44.8691 -44.8691 -44.8691 -44.8691 -44.8691 -44.8691
[ LCMDATA ] -45.4231 -45.4231 -45.4231 -45.4231 -45.4231 -45.4231 -45.4231
[ LCMDATA ] -45.9659 -45.9659 -45.9659 -45.9659 -45.9659 -45.9659 -45.9659
[ LCMDATA ] -46.4973 -46.4973 -46.4973 -46.4973 -46.4973 -46.4973 -46.4973
[ LCMDATA ] -47.0173 -47.0173 -47.0173 -47.0173 -47.0173 -47.0173 -47.0173
[ LCMDATA ] -47.5257 -47.5257 -47.5257 -47.5257 -47.5257 -47.5257 -47.5257
[ LCMDATA ] -48.0223 -48.0223 -48.0223 -48.0223 -48.0223 -48.0223 -48.0223
[ LCMDATA ] -48.5071 -48.5071 -48.5071 -48.5071 -48.5071 -48.5071 -48.5071
[ LCMDATA ] -48.9799 -48.9799 -48.9799 -48.9799 -48.9799 -48.9799 -48.9799
[ LCMDATA ] -49.4407 -49.4407 -49.4407 -49.4407 -49.4407 -49.4407 -49.4407
[ LCMDATA ] -49.8892 -49.8892 -49.8892 -49.8892 -49.8892 -49.8892 -49.8892
[ LCMDATA ] -50.3254 -50.3254 -50.3254 -50.3254 -50.3254 -50.3254 -50.3254
[ LCMDATA ] -50.7493 -50.7493 -50.7493 -50.7493 -50.7493 -50.7493 -50.7493
[ LCMDATA ] -51.1606 -51.1606 -51.1606 -51.1606 -51.1606 -51.1606 -51.1606
[ LCMDATA ] -51.5592 -51.5592 -51.5592 -51.5592 -51.5592 -51.5592 -51.5592
[ LCMDATA ] -51.9452 -51.9452 -51.9452 -51.9452 -51.9452 -51.9452 -51.9452
[ LCMDATA ] -52.3183 -52.3183 -52.3183 -52.3183 -52.3183 -52.3183 -52.3183
[ LCMDATA ] -52.6785 -52.6785 -52.6785 -52.6785 -52.6785 -52.6785 -52.6785
[ LCMDATA ] -53.0291 -53.0291 -53.0291 -53.0291 -53.0291 -53.0291 -53.0291
[ LCMDATA ] -53.3631 -53.3631 -53.3631 -53.3631 -53.3631 -53.3631 -53.3631
[ LCMDATA ] -53.6857 -53.6857 -53.6857 -53.6857 -53.6857 -53.6857 -53.6857
[ LCMDATA ] -53.9932 -53.9932 -53.9932 -53.9932 -53.9932 -53.9932 -53.9932
[ LCMDATA ] -54.2874 -54.2874 -54.2874 -54.2874 -54.2874 -54.2874 -54.2874
[ LCMDATA ] -54.6086 -54.6086 -54.6086 -54.6086 -54.6086 -54.6086 -54.6086
[ LCMDATA ] -54.874 -54.874 -54.874 -54.874 -54.874 -54.874 -54.874
[ LCMDATA ] -55.1258 -55.1258 -55.1258 -55.1258 -55.1258 -55.1258 -55.1258
[ LCMDATA ] -55.4113 -55.4113 -55.4113 -55.4113 -55.4113 -55.4113 -55.4113
[ LCMDATA ] -55.633 -55.633 -55.633 -55.633 -55.633 -55.633 -55.633
[ LCMDATA ] -55.841 -55.841 -55.841 -55.841 -55.841 -55.841 -55.841
[ LCMDATA ] -56.0353 -56.0353 -56.0353 -56.0353 -56.0353 -56.0353 -56.0353
[ LCMDATA ] -56.2156 -56.2156 -56.2156 -56.2156 -56.2156 -56.2156 -56.2156
[ LCMDATA ] -56.4325 -56.4325 -56.4325 -56.4325 -56.4325 -56.4325 -56.4325
[ LCMDATA ] -56.5807 -56.5807 -56.5807 -56.5807 -56.5807 -56.5807 -56.5807
[ LCMDATA ] -56.7327 -56.7327 -56.7327 -56.7327 -56.7327 -56.7327 -56.7327
[ LCMDATA ] -56.8509 -56.8509 -56.8509 -56.8509 -56.8509 -56.8509 -56.8509
[ LCMDATA ] -56.9551 -56.9551 -56.9551 -56.9551 -56.9551 -56.9551 -56.9551
[ LCMDATA ] -57.0452 -57.0452 -57.0452 -57.0452 -57.0452 -57.0452 -57.0452
[ LCMDATA ] -57.1213 -57.1213 -57.1213 -57.1213 -57.1213 -57.1213 -57.1213
[ LCMDATA ] -57.1832 -57.1832 -57.1832 -57.1832 -57.1832 -57.1832 -57.1832
[ LCMDATA ] -57.2311 -57.2311 -57.2311 -57.2311 -57.2311 -57.2311 -57.2311
[ LCMDATA ] -57.2648 -57.2648 -57.2648 -57.2648 -57.2648 -57.2648 -57.2648
[ LCMDATA ] -57.2844 -57.2844 -57.2844 -57.2844 -57.2844 -57.2844 -57.2844
[ LCMDATA ] -57.2899 -57.2899 -57.2899 -57.2899 -57.2899 -57.2899 -57.2899
[ LCMDATA ] -57.2812 -57.2812 -57.2812 -57.2812 -57.2812 -57.2812 -57.2812
[ LCMDATA ] -57.2584 -57.2584 -57.2584 -57.2584 -57.2584 -57.2584 -57.2584
[ LCMDATA ] -57.2215 -57.2215 -57.2215 -57.2215 -57.2215 -57.2215 -57.2215
[ LCMDATA ] -57.1705 -57.1705 -57.1705 -57.1705 -57.1705 -57.1705 -57.1705
[ LCMDATA ] -57.1053 -57.1053 -57.1053 -57.1053 -57.1053 -57.1053 -57.1053
[ LCMDATA ] -57.0261 -57.0261 -57.0261 -57.0261 -57.0261 -57.0261 -57.0261
[ LCMDATA ] -56.9328 -56.9328 -56.9328 -56.9328 -56.9328 -56.9328 -56.9328
[ LCMDATA ] -56.8254 -56.8254 -56.8254 -56.8254 -56.8254 -56.8254 -56.8254
[ LCMDATA ] -56.704 -56.704 -56.704 -56.704 -56.704 -56.704 -56.704
[ LCMDATA ] -56.5514 -56.5514 -56.5514 -56.5514 -56.5514 -56.5514 -56.5514
[ LCMDATA ] -56.3843 -56.3843 -56.3843 -56.3843 -56.3843 -56.3843 -56.3843
[ LCMDATA ] -56.1996 -56.1996 -56.1996 -56.1996 -56.1996 -56.1996 -56.1996
[ LCMDATA ] -56.0179 -56.0179 -56.0179 -56.0179 -56.0179 -56.0179 -56.0179
[ LCMDATA ] -55.8224 -55.8224 -55.8224 -55.8224 -55.8224 -55.8224 -55.8224
[ LCMDATA ] -55.6034 -55.6034 -55.6034 -55.6034 -55.6034 -55.6034 -55.6034
[ LCMDATA ] -55.3798 -55.3798 -55.3798 -55.3798 -55.3798 -55.3798 -55.3798
[ LCMDATA ] -55.1153 -55.1153 -55.1153 -55.1153 -55.1153 -55.1153 -55.1153
[ LCMDATA ] -54.8047 -54.8047 -54.8047 -54.8047 -54.8047 -54.8047 -54.8047
[ LCMDATA ] -54.5358 -54.5358 -54.5358 -54.5358 -54.5358 -54.5358 -54.5358
[ LCMDATA ] -54.2534 -54.2534 -54.2534 -54.2534 -54.2534 -54.2534 -54.2534
[ LCMDATA ] -53.9576 -53.9576 -53.9576 -53.9576 -53.9576 -53.9576 -53.9576
[ LCMDATA ] -53.6486 -53.6486 -53.6486 -53.6486 -53.6486 -53.6486 -53.6486
[ LCMDATA ] -53.3262 -53.3262 -53.3262 -53.3262 -53.3262 -53.3262 -53.3262
[ LCMDATA ] -52.9907 -52.9907 -52.9907 -52.9907 -52.9907 -52.9907 -52.9907
[ LCMDATA ] -52.6422 -52.6422 -52.6422 -52.6422 -52.6422 -52.6422 -52.6422
[ LCMDATA ] -52.2806 -52.2806 -52.2806 -52.2806 -52.2806 -52.2806 -52.2806
[ LCMDATA ] -51.9062 -51.9062 -51.9062 -51.9062 -51.9062 -51.9062 -51.9062
[ LCMDATA ] -51.5189 -51.5189 -51.5189 -51.5189 -51.5189 -51.5189 -51.5189
[ LCMDATA ] -51.119 -51.119 -51.119 -51.119 -51.119 -51.119 -51.119
[ LCMDATA ] -50.5941 -50.5941 -50.5941 -50.5941 -50.5941 -50.5941 -50.5941
[ LCMDATA ] -50.0686 -50.0686 -50.0686 -50.0686 -50.0686 -50.0686 -50.0686
[ LCMDATA ] -49.6251 -49.6251 -49.6251 -49.6251 -49.6251 -49.6251 -49.6251
[ LCMDATA ] -49.1693 -49.1693 -49.1693 -49.1693 -49.1693 -49.1693 -49.1693
[ LCMDATA ] -48.6017 -48.6017 -48.6017 -48.6017 -48.6017 -48.6017 -48.6017
[ LCMDATA ] -48.1193 -48.1193 -48.1193 -48.1193 -48.1193 -48.1193 -48.1193
[ LCMDATA ] -47.625 -47.625 -47.625 -47.625 -47.625 -47.625 -47.625
[ LCMDATA ] -47.1189 -47.1189 -47.1189 -47.1189 -47.1189 -47.1189 -47.1189
[ LCMDATA ] -46.6013 -46.6013 -46.6013 -46.6013 -46.6013 -46.6013 -46.6013
[ LCMDATA ] -46.0721 -46.0721 -46.0721 -46.0721 -46.0721 -46.0721 -46.0721
[ LCMDATA ] -45.5315 -45.5315 -45.5315 -45.5315 -45.5315 -45.5315 -45.5315
[ LCMDATA ] -44.9798 -44.9798 -44.9798 -44.9798 -44.9798 -44.9798 -44.9798
[ LCMDATA ] -44.4169 -44.4169 -44.4169 -44.4169 -44.4169 -44.4169 -44.4169
[ LCMDATA ] -43.843 -43.843 -43.843 -43.843 -43.843 -43.843 -43.843
[ LCMDATA ] -43.2584 -43.2584 -43.2584 -43.2584 -43.2584 -43.2584 -43.2584
[ LCMDATA ] -42.6631 -42.6631 -42.6631 -42.6631 -42.6631 -42.6631 -42.6631
[ LCMDATA ] -42.0572 -42.0572 -42.0572 -42.0572 -42.0572 -42.0572 -42.0572
[ LCMDATA ] -41.441 -41.441 -41.441 -41.441 -41.441 -41.441 -41.441
[ LCMDATA ] -40.8145 -40.8145 -40.8145 -40.8145 -40.8145 -40.8145 -40.8145
[ LCMDATA ] -40.178 -40.178 -40.178 -40.178 -40.178 -40.178 -40.178
[ LCMDATA ] -39.5315 -39.5315 -39.5315 -39.5315 -39.5315 -39.5315 -39.5315
[ LCMDATA ] -38.8753 -38.8753 -38.8753 -38.8753 -38.8753 -38.8753 -38.8753
[ LCMDATA ] -38.0241 -38.0241 -38.0241 -38.0241 -38.0241 -38.0241 -38.0241
[ LCMDATA ] -37.3464 -37.3464 -37.3464 -37.3464 -37.3464 -37.3464 -37.3464
[ LCMDATA ] -36.6593 -36.6593 -36.6593 -36.6593 -36.6593 -36.6593 -36.6593
[ LCMDATA ] -35.9633 -35.9633 -35.9633 -35.9633 -35.9633 -35.9633 -35.9633
[ LCMDATA ] -35.1506 -35.1506 -35.1506 -35.1506 -35.1506 -35.1506 -35.1506
[ LCMDATA ] -34.2782 -34.2782 -34.2782 -34.2782 -34.2782 -34.2782 -34.2782
[ LCMDATA ] -33.5529 -33.5529 -33.5529 -33.5529 -33.5529 -33.5529 -33.5529
[ LCMDATA ] -32.6889 -32.6889 -32.6889 -32.6889 -32.6889 -32.6889 -32.6889
[ LCMDATA ] -31.7819 -31.7819 -31.7819 -31.7819 -31.7819 -31.7819 -31.7819
[ LCMDATA ] -31.0292 -31.0292 -31.0292 -31.0292 -31.0292 -31.0292 -31.0292
[ LCMDATA ] -30.2689 -30.2689 -30.2689 -30.2689 -30.2689 -30.2689 -30.2689
[ LCMDATA ] -29.4826 -29.4826 -29.4826 -29.4826 -29.4826 -29.4826 -29.4826
[ LCMDATA ] -28.7074 -28.7074 -28.7074 -28.7074 -28.7074 -28.7074 -28.7074
[ LCMDATA ] -27.9251 -27.9251 -27.9251 -27.9251 -27.9251 -27.9251 -27.9251
[ LCMDATA ] -27.1359 -27.1359 -27.1359 -27.1359 -27.1359 -27.1359 -27.1359
[ LCMDATA ] -26.34 -26.34 -26.34 -26.34 -26.34 -26.34 -26.34
[ LCMDATA ] -25.4482 -25.4482 -25.4482 -25.4482 -25.4482 -25.4482 -25.4482
[ LCMDATA ] -24.6388 -24.6388 -24.6388 -24.6388 -24.6388 -24.6388 -24.6388
[ LCMDATA ] -23.8234 -23.8234 -23.8234 -23.8234 -23.8234 -23.8234 -23.8234
[ LCMDATA ] -23.002 -23.002 -23.002 -23.002 -23.002 -23.002 -23.002
[ LCMDATA ] -22.175 -22.175 -22.175 -22.175 -22.175 -22.175 -22.175
[ LCMDATA ] -21.3426 -21.3426 -21.3426 -21.3426 -21.3426 -21.3426 -21.3426
[ LCMDATA ] -20.5048 -20.5048 -20.5048 -20.5048 -20.5048 -20.5048 -20.5048
[ LCMDATA ] -19.662 -19.662 -19.662 -19.662 -19.662 -19.662 -19.662
[ LCMDATA ] -18.8144 -18.8144 -18.8144 -18.8144 -18.8144 -18.8144 -18.8144
[ LCMDATA ] -17.6849 -17.6849 -17.6849 -17.6849 -17.6849 -17.6849 -17.6849
[ LCMDATA ] -16.8267 -16.8267 -16.8267 -16.8267 -16.8267 -16.8267 -16.8267
[ LCMDATA ] -15.9645 -15.9645 -15.9645 -15.9645 -15.9645 -15.9645 -15.9645
[ LCMDATA ] -15.0983 -15.0983 -15.0983 -15.0983 -15.0983 -15.0983 -15.0983
[ LCMDATA ] -14.0474 -14.0474 -14.0474 -14.0474 -14.0474 -14.0474 -14.0474
[ LCMDATA ] -12.9721 -12.9721 -12.9721 -12.9721 -12.9721 -12.9721 -12.9721
[ LCMDATA ] -12.094 -12.094 -12.094 -12.094 -12.094 -12.094 -12.094
[ LCMDATA ] -11.2129 -11.2129 -11.2129 -11.2129 -11.2129 -11.2129 -11.2129
[ LCMDATA ] -10.3238 -10.3238 -10.3238 -10.3238 -10.3238 -10.3238 -10.3238
[ LCMDATA ] -9.43733 -9.43733 -9.43733 -9.43733 -9.43733 -9.43733 -9.43733
[ LCMDATA ] -8.54858 -8.54858 -8.54858 -8.54858 -8.54858 -8.54858 -8.54858
[ LCMDATA ] -7.65771 -7.65771 -7.65771 -7.65771 -7.65771 -7.65771 -7.65771
[ LCMDATA ] -6.76496 -6.76496 -6.76496 -6.76496 -6.76496 -6.76496 -6.76496
[ LCMDATA ] -5.87054 -5.87054 -5.87054 -5.87054 -5.87054 -5.87054 -5.87054
[ LCMDATA ] -4.97467 -4.97467 -4.97467 -4.97467 -4.97467 -4.97467 -4.97467
[ LCMDATA ] -4.07757 -4.07757 -4.07757 -4.07757 -4.07757 -4.07757 -4.07757
[ LCMDATA ] -3.17947 -3.17947 -3.17947 -3.17947 -3.17947 -3.17947 -3.17947
[ LCMDATA ] -2.28058 -2.28058 -2.28058 -2.28058 -2.28058 -2.28058 -2.28058
[ LCMDATA ] -1.38113 -1.38113 -1.38113 -1.38113 -1.38113 -1.38113 -1.38113
[ LCMDATA ] -0.481345 -0.481345 -0.481345 -0.481345 -0.481345 -0.481345 -0.481345
[ LCMDATA ] 0.418559 0.418559 0.418559 0.418559 0.418559 0.418559 0.418559
[ LCMDATA ] 1.31837 1.31837 1.31837 1.31837 1.31837 1.31837 1.31837
[ LCMDATA ] 2.21785 2.21785 2.21785 2.21785 2.21785 2.21785 2.21785
[ LCMDATA ] 3.11678 3.11678 3.11678 3.11678 3.11678 3.11678 3.11678
[ LCMDATA ] 4.01495 4.01495 4.01495 4.01495 4.01495 4.01495 4.01495
[ LCMDATA ] 4.91212 4.91212 4.91212 4.91212 4.91212 4.91212 4.91212
[ LCMDATA ] 5.80809 5.80809 5.80809 5.80809 5.80809 5.80809 5.80809
[ LCMDATA ] 6.79707 6.79707 6.79707 6.79707 6.79707 6.79707 6.79707
[ LCMDATA ] 7.68977 7.68977 7.68977 7.68977 7.68977 7.68977 7.68977
[ LCMDATA ] 8.70153 8.70153 8.70153 8.70153 8.70153 8.70153 8.70153
[ LCMDATA ] 9.78699 9.78699 9.78699 9.78699 9.78699 9.78699 9.78699
[ LCMDATA ] 10.6724 10.6724 10.6724 10.6724 10.6724 10.6724 10.6724
[ LCMDATA ] 11.5552 11.5552 11.5552 11.5552 11.5552 11.5552 11.5552
[ LCMDATA ] 12.6906 12.6906 12.6906 12.6906 12.6906 12.6906 12.6906
[ LCMDATA ] 13.5665 13.5665 13.5665 13.5665 13.5665 13.5665 13.5665
[ LCMDATA ] 14.4392 14.4392 14.4392 14.4392 14.4392 14.4392 14.4392
[ LCMDATA ] 15.3082 15.3082 15.3082 15.3082 15.3082 15.3082 15.3082
[ LCMDATA ] 16.1735 16.1735 16.1735 16.1735 16.1735 16.1735 16.1735
[ LCMDATA ] 17.0348 17.0348 17.0348 17.0348 17.0348 17.0348 17.0348
[ LCMDATA ] 17.8919 17.8919 17.8919 17.8919 17.8919 17.8919 17.8919
[ LCMDATA ] 18.7445 18.7445 18.7445 18.7445 18.7445 18.7445 18.7445
[ LCMDATA ] 19.5925 19.5925 19.5925 19.5925 19.5925 19.5925 19.5925
[ LCMDATA ] 20.4357 20.4357 20.4357 20.4357 20.4357 20.4357 20.4357
[ LCMDATA ] 21.2739 21.2739 21.2739 21.2739 21.2739 21.2739 21.2739
[ LCMDATA ] 22.1068 22.1068 22.1068 22.1068 22.1068 22.1068 22.1068
[ LCMDATA ] 22.9343 22.9343 22.9343 22.9343 22.9343 22.9343 22.9343
[ LCMDATA ] 23.7561 23.7561 23.7561 23.7561 23.7561 23.7561 23.7561
[ LCMDATA ] 24.7376 24.7376 24.7376 24.7376 24.7376 24.7376 24.7376
[ LCMDATA ] 25.5462 25.5462 25.5462 25.5462 25.5462 25.5462 25.5462
[ LCMDATA ] 26.5075 26.5075 26.5075 26.5075 26.5075 26.5075 26.5075
[ LCMDATA ] 27.302 27.302 27.302 27.302 27.302 27.302 27.302
[ LCMDATA ] 28.2486 28.2486 28.2486 28.2486 28.2486 28.2486 28.2486
[ LCMDATA ] 29.028 29.028 29.028 29.028 29.028 29.028 29.028
[ LCMDATA ] 29.9489 29.9489 29.9489 29.9489 29.9489 29.9489 29.9489
[ LCMDATA ] 30.7123 30.7123 30.7123 30.7123 30.7123 30.7123 30.7123
[ LCMDATA ] 31.4682 31.4682 31.4682 31.4682 31.4682 31.4682 31.4682
[ LCMDATA ] 32.2163 32.2163 32.2163 32.2163 32.2163 32.2163 32.2163
[ LCMDATA ] 32.9569 32.9569 32.9569 32.9569 32.9569 32.9569 32.9569
[ LCMDATA ] 33.689 33.689 33.689 33.689 33.689 33.689 33.689
[ LCMDATA ] 34.5283 34.5283 34.5283 34.5283 34.5283 34.5283 34.5283
[ LCMDATA ] 35.2608 35.2608 35.2608 35.2608 35.2608 35.2608 35.2608
[ LCMDATA ] 35.9657 35.9657 35.9657 35.9657 35.9657 35.9657 35.9657
[ LCMDATA ] 36.6647 36.6647 36.6647 36.6647 36.6647 36.6647 36.6647
[ LCMDATA ] 37.3516 37.3516 37.3516 37.3516 37.3516 37.3516 37.3516
[ LCMDATA ] 38.0293 38.0293 38.0293 38.0293 38.0293 38.0293 38.0293
[ LCMDATA ] 38.6977 38.6977 38.6977 38.6977 38.6977 38.6977 38.6977
[ LCMDATA ] 39.3564 39.3564 39.3564 39.3564 39.3564 39.3564 39.3564
[ LCMDATA ] 40.0055 40.0055 40.0055 40.0055 40.0055 40.0055 40.0055
[ LCMDATA ] 40.7129 40.7129 40.7129 40.7129 40.7129 40.7129 40.7129
[ LCMDATA ] 41.341 41.341 41.341 41.341 41.341 41.341 41.341
[ LCMDATA ] 41.9589 41.9589 41.9589 41.9589 41.9589 41.9589 41.9589
[ LCMDATA ] 42.7349 42.7349 42.7349 42.7349 42.7349 42.7349 42.7349
[ LCMDATA ] 43.329 43.329 43.329 43.329 43.329 43.329 43.329
[ LCMDATA ] 43.9123 43.9123 43.9123 43.9123 43.9123 43.9123 43.9123
[ LCMDATA ] 44.4849 44.4849 44.4849 44.4849 44.4849 44.4849 44.4849
[ LCMDATA ] 45.0464 45.0464 45.0464 45.0464 45.0464 45.0464 45.0464
[ LCMDATA ] 45.7405 45.7405 45.7405 45.7405 45.7405 45.7405 45.7405
[ LCMDATA ] 46.2847 46.2847 46.2847 46.2847 46.2847 46.2847 46.2847
[ LCMDATA ] 46.8093 46.8093 46.8093 46.8093 46.8093 46.8093 46.8093
[ LCMDATA ] 47.3223 47.3223 47.3223 47.3223 47.3223 47.3223 47.3223
[ LCMDATA ] 47.8237 47.8237 47.8237 47.8237 47.8237 47.8237 47.8237
[ LCMDATA ] 48.3133 48.3133 48.3133 48.3133 48.3133 48.3133 48.3133
[ LCMDATA ] 48.7909 48.7909 48.7909 48.7909 48.7909 48.7909 48.7909
[ LCMDATA ] 49.2566 49.2566 49.2566 49.2566 49.2566 49.2566 49.2566
[ LCMDATA ] 49.71 49.71 49.71 49.71 49.71 49.71 49.71
[ LCMDATA ] 50.1512 50.1512 50.1512 50.1512 50.1512 50.1512 50.1512
[ LCMDATA ] 50.5801 50.5801 50.5801 50.5801 50.5801 50.5801 50.5801
[ LCMDATA ] 50.9964 50.9964 50.9964 50.9964 50.9964 50.9964 50.9964
[ LCMDATA ] 51.4002 51.4002 51.4002 51.4002 51.4002 51.4002 51.4002
[ LCMDATA ] 51.7912 51.7912 51.7912 51.7912 51.7912 51.7912 51.7912
[ LCMDATA ] 52.1695 52.1695 52.1695 52.1695 52.1695 52.1695 52.1695
[ LCMDATA ] 52.535 52.535 52.535 52.535 52.535 52.535 52.535
[ LCMDATA ] 52.8874 52.8874 52.8874 52.8874 52.8874 52.8874 52.8874
[ LCMDATA ] 53.2269 53.2269 53.2269 53.2269 53.2269 53.2269 53.2269
[ LCMDATA ] 53.5531 53.5531 53.5531 53.5531 53.5531 53.5531 53.5531
[ LCMDATA ] 53.8838 53.8838 53.8838 53.8838 53.8838 53.8838 53.8838
[ LCMDATA ] 54.2477 54.2477 54.2477 54.2477 54.2477 54.2477 54.2477
[ LCMDATA ] 54.5924 54.5924 54.5924 54.5924 54.5924 54.5924 54.5924
[ LCMDATA ] 54.8585 54.8585 54.8585 54.8585 54.8585 54.8585 54.8585
[ LCMDATA ] 55.1112 55.1112 55.1112 55.1112 55.1112 55.1112 55.1112
[ LCMDATA ] 55.4293 55.4293 55.4293 55.4293 55.4293 55.4293 55.4293
[ LCMDATA ] 55.6499 55.6499 55.6499 55.6499 55.6499 55.6499 55.6499
[ LCMDATA ] 55.8568 55.8568 55.8568 55.8568 55.8568 55.8568 55.8568
[ LCMDATA ] 56.1221 56.1221 56.1221 56.1221 56.1221 56.1221 56.1221
[ LCMDATA ] 56.3141 56.3141 56.3141 56.3141 56.3141 56.3141 56.3141
[ LCMDATA ] 56.4725 56.4725 56.4725 56.4725 56.4725 56.4725 56.4725
[ LCMDATA ] 56.617 56.617 56.617 56.617 56.617 56.617 56.617
[ LCMDATA ] 56.7476 56.7476 56.7476 56.7476 56.7476 56.7476 56.7476
[ LCMDATA ] 56.8641 56.8641 56.8641 56.8641 56.8641 56.8641 56.8641
[ LCMDATA ] 56.9845 56.9845 56.9845 56.9845 56.9845 56.9845 56.9845
[ LCMDATA ] 57.0703 57.0703 57.0703 57.0703 57.0703 57.0703 57.0703
[ LCMDATA ] 57.1575 57.1575 57.1575 57.1575 57.1575 57.1575 57.1575
[ LCMDATA ] 57.2116 57.2116 57.2116 57.2116 57.2116 57.2116 57.2116
[ LCMDATA ] 57.2516 57.2516 57.2516 57.2516 57.2516 57.2516 57.2516
[ LCMDATA ] 57.2785 57.2785 57.2785 57.2785 57.2785 57.2785 57.2785
[ LCMDATA ] 57.2895 57.2895 57.2895 57.2895 57.2895 57.2895 57.2895
[ LCMDATA ] 57.2863 57.2863 57.2863 57.2863 57.2863 57.2863 57.2863
[ LCMDATA ] 57.269 57.269 57.269 57.269 57.269 57.269 57.269
[ LCMDATA ] 57.2376 57.2376 57.2376 57.2376 57.2376 57.2376 57.2376
[ LCMDATA ] 57.183 57.183 57.183 57.183 57.183 57.183 57.183
[ LCMDATA ] 57.1141 57.1141 57.1141 57.1141 57.1141 57.1141 57.1141
[ LCMDATA ] 57.0366 57.0366 57.0366 57.0366 57.0366 57.0366 57.0366
[ LCMDATA ] 56.945 56.945 56.945 56.945 56.945 56.945 56.945
[ LCMDATA ] 56.8394 56.8394 56.8394 56.8394 56.8394 56.8394 56.8394
[ LCMDATA ] 56.6976 56.6976 56.6976 56.6976 56.6976 56.6976 56.6976
[ LCMDATA ] 56.5292 56.5292 56.5292 56.5292 56.5292 56.5292 56.5292
[ LCMDATA ] 56.3761 56.3761 56.3761 56.3761 56.3761 56.3761 56.3761
[ LCMDATA ] 56.1604 56.1604 56.1604 56.1604 56.1604 56.1604 56.1604
[ LCMDATA ] 55.9756 55.9756 55.9756 55.9756 55.9756 55.9756 55.9756
[ LCMDATA ] 55.7771 55.7771 55.7771 55.7771 55.7771 55.7771 55.7771
[ LCMDATA ] 55.5647 55.5647 55.5647 55.5647 55.5647 55.5647 55.5647
[ LCMDATA ] 55.293 55.293 55.293 55.293 55.293 55.293 55.293
[ LCMDATA ] 55.0506 55.0506 55.0506 55.0506 55.0506 55.0506 55.0506
[ LCMDATA ] 54.7947 54.7947 54.7947 54.7947 54.7947 54.7947 54.7947
[ LCMDATA ] 54.5188 54.5188 54.5188 54.5188 54.5188 54.5188 54.5188
[ LCMDATA ] 54.2356 54.2356 54.2356 54.2356 54.2356 54.2356 54.2356
[ LCMDATA ] 53.9162 53.9162 53.9162 53.9162 53.9162 53.9162 53.9162
[ LCMDATA ] 53.5726 53.5726 53.5726 53.5726 53.5726 53.5726 53.5726
[ LCMDATA ] 53.2471 53.2471 53.2471 53.2471 53.2471 53.2471 53.2471
[ LCMDATA ] 52.9085 52.9085 52.9085 52.9085 52.9085 52.9085 52.9085
[ LCMDATA ] 52.5503 52.5503 52.5503 52.5503 52.5503 52.5503 52.5503
[ LCMDATA ] 52.1854 52.1854 52.1854 52.1854 52.1854 52.1854 52.1854
[ LCMDATA ] 51.8076 51.8076 51.8076 51.8076 51.8076 51.8076 51.8076
[ LCMDATA ] 51.3141 51.3141 51.3141 51.3141 51.3141 51.3141 51.3141
[ LCMDATA ] 50.9077 50.9077 50.9077 50.9077 50.9077 50.9077 50.9077
[ LCMDATA ] 50.4886 50.4886 50.4886 50.4886 50.4886 50.4886 50.4886
[ LCMDATA ] 50.0329 50.0329 50.0329 50.0329 50.0329 50.0329 50.0329
[ LCMDATA ] 49.5884 49.5884 49.5884 49.5884 49.5884 49.5884 49.5884
[ LCMDATA ] 49.1251 49.1251 49.1251 49.1251 49.1251 49.1251 49.1251
[ LCMDATA ] 48.6544 48.6544 48.6544 48.6544 48.6544 48.6544 48.6544
[ LCMDATA ] 48.1733 48.1733 48.1733 48.1733 48.1733 48.1733 48.1733
[ LCMDATA ] 47.678 47.678 47.678 47.678 47.678 47.678 47.678
[ LCMDATA ] 47.1729 47.1729 47.1729 47.1729 47.1729 47.1729 47.1729
[ LCMDATA ] 46.6565 46.6565 46.6565 46.6565 46.6565 46.6565 46.6565
[ LCMDATA ] 46.128 46.128 46.128 46.128 46.128 46.128 46.128
[ LCMDATA ] 45.5886 45.5886 45.5886 45.5886 45.5886 45.5886 45.5886
[ LCMDATA ] 45.0368 45.0368 45.0368 45.0368 45.0368 45.0368 45.0368
[ LCMDATA ] 44.4739 44.4739 44.4739 44.4739 44.4739 44.4739 44.4739
[ LCMDATA ] 43.9011 43.9011 43.9011 43.9011 43.9011 43.9011 43.9011
[ LCMDATA ] 43.3145 43.3145 43.3145 43.3145 43.3145 43.3145 43.3145
[ LCMDATA ] 42.7202 42.7202 42.7202 42.7202 42.7202 42.7202 42.7202
[ LCMDATA ] 42.1153 42.1153 42.1153 42.1153 42.1153 42.1153 42.1153
[ LCMDATA ] 41.3099 41.3099 41.3099 41.3099 41.3099 41.3099 41.3099
[ LCMDATA ] 40.6813 40.6813 40.6813 40.6813 40.6813 40.6813 40.6813
[ LCMDATA ] 40.0427 40.0427 40.0427 40.0427 40.0427 40.0427 40.0427
[ LCMDATA ] 39.336 39.336 39.336 39.336 39.336 39.336 39.336
[ LCMDATA ] 38.6769 38.6769 38.6769 38.6769 38.6769 38.6769 38.6769
[ LCMDATA ] 37.7537 37.7537 37.7537 37.7537 37.7537 37.7537 37.7537
[ LCMDATA ] 37.0533 37.0533 37.0533 37.0533 37.0533 37.0533 37.0533
[ LCMDATA ] 36.3624 36.3624 36.3624 36.3624 36.3624 36.3624 36.3624
[ LCMDATA ] 35.6626 35.6626 35.6626 35.6626 35.6626 35.6626 35.6626
[ LCMDATA ] 34.684 34.684 34.684 34.684 34.684 34.684 34.684
[ LCMDATA ] 33.8868 33.8868 33.8868 33.8868 33.8868 33.8868 33.8868
[ LCMDATA ] 32.9902 32.9902 32.9902 32.9902 32.9902 32.9902 32.9902
[ LCMDATA ] 32.2504 32.2504 32.2504 32.2504 32.2504 32.2504 32.2504
[ LCMDATA ] 31.5027 31.5027 31.5027 31.5027 31.5027 31.5027 31.5027
[ LCMDATA ] 30.7472 30.7472 30.7472 30.7472 30.7472 30.7472 30.7472
[ LCMDATA ] 29.9841 29.9841 29.9841 29.9841 29.9841 29.9841 29.9841
[ LCMDATA ] 29.2136 29.2136 29.2136 29.2136 29.2136 29.2136 29.2136
[ LCMDATA ] 28.4359 28.4359 28.4359 28.4359 28.4359 28.4359 28.4359
[ LCMDATA ] 27.6512 27.6512 27.6512 27.6512 27.6512 27.6512 27.6512
[ LCMDATA ] 26.8597 26.8597 26.8597 26.8597 26.8597 26.8597 26.8597
[ LCMDATA ] 26.0615 26.0615 26.0615 26.0615 26.0615 26.0615 26.0615
[ LCMDATA ] 25.2569 25.2569 25.2569 25.2569 25.2569 25.2569 25.2569
[ LCMDATA ] 24.4461 24.4461 24.4461 24.4461 24.4461 24.4461 24.4461
[ LCMDATA ] 23.6293 23.6293 23.6293 23.6293 23.6293 23.6293 23.6293
[ LCMDATA ] 22.8066 22.8066 22.8066 22.8066 22.8066 22.8066 22.8066
[ LCMDATA ] 21.9782 21.9782 21.9782 21.9782 21.9782 21.9782 21.9782
[ LCMDATA ] 21.1445 21.1445 21.1445 21.1445 21.1445 21.1445 21.1445
[ LCMDATA ] 20.2649 20.2649 20.2649 20.2649 20.2649 20.2649 20.2649
[ LCMDATA ] 19.4207 19.4207 19.4207 19.4207 19.4207 19.4207 19.4207
[ LCMDATA ] 18.4729 18.4729 18.4729 18.4729 18.4729 18.4729 18.4729
[ LCMDATA ] 17.5271 17.5271 17.5271 17.5271 17.5271 17.5271 17.5271
[ LCMDATA ] 16.6682 16.6682 16.6682 16.6682 16.6682 16.6682 16.6682
[ LCMDATA ] 15.8052 15.8052 15.8052 15.8052 15.8052 15.8052 15.8052
[ LCMDATA ] 14.9383 14.9383 14.9383 14.9383 14.9383 14.9383 14.9383
[ LCMDATA ] 14.0677 14.0677 14.0677 14.0677 14.0677 14.0677 14.0677
[ LCMDATA ] 12.9899 12.9899 12.9899 12.9899 12.9899 12.9899 12.9899
[ LCMDATA ] 12.1119 12.1119 12.1119 12.1119 12.1119 12.1119 12.1119
[ LCMDATA ] 10.9786 10.9786 10.9786 10.9786 10.9786 10.9786 10.9786
[ LCMDATA ] 10.094 10.094 10.094 10.094 10.094 10.094 10.094
[ LCMDATA ] 8.80395 8.80395 8.80395 8.80395 8.80395 8.80395 8.80395
[ LCMDATA ] 7.81679 7.81679 7.81679 7.81679 7.81679 7.81679 7.81679
[ LCMDATA ] 6.92436 6.92436 6.92436 6.92436 6.92436 6.92436 6.92436
[ LCMDATA ] 6.01515 6.01515 6.01515 6.01515 6.01515 6.01515 6.01515
[ LCMDATA ] 5.11936 5.11936 5.11936 5.11936 5.11936 5.11936 5.11936
[ LCMDATA ] 4.20968 4.20968 4.20968 4.20968 4.20968 4.20968 4.20968
[ LCMDATA ] 3.30829 3.30829 3.30829 3.30829 3.30829 3.30829 3.30829
[ LCMDATA ] 2.40856 2.40856 2.40856 2.40856 2.40856 2.40856 2.40856
[ LCMDATA ] 1.50818 1.50818 1.50818 1.50818 1.50818 1.50818 1.50818
[ LCMDATA ] 0.608418 0.608418 0.608418 0.608418 0.608418 0.608418 0.608418
[ LCMDATA ] -0.295394 -0.295394 -0.295394 -0.295394 -0.295394 -0.295394 -0.295394
[ LCMDATA ] -1.19523 -1.19523 -1.19523 -1.19523 -1.19523 -1.19523 -1.19523
[ LCMDATA ] -2.09477 -2.09477 -2.09477 -2.09477 -2.09477 -2.09477 -2.09477
[ LCMDATA ] -2.99405 -2.99405 -2.99405 -2.99405 -2.99405 -2.99405 -2.99405
[ LCMDATA ] -3.89232 -3.89232 -3.89232 -3.89232 -3.89232 -3.89232 -3.89232
[ LCMDATA ] -4.78964 -4.78964 -4.78964 -4.78964 -4.78964 -4.78964 -4.78964
[ LCMDATA ] -5.68595 -5.68595 -5.68595 -5.68595 -5.68595 -5.68595 -5.68595
[ LCMDATA ] -6.58069 -6.58069 -6.58069 -6.58069 -6.58069 -6.58069 -6.58069
[ LCMDATA ] -7.4738 -7.4738 -7.4738 -7.4738 -7.4738 -7.4738 -7.4738
[ LCMDATA ] -8.3652 -8.3652 -8.3652 -8.3652 -8.3652 -8.3652 -8.3652
[ LCMDATA ] -9.25439 -9.25439 -9.25439 -9.25439 -9.25439 -9.25439 -9.25439
[ LCMDATA ] -10.1413 -10.1413 -10.1413 -10.1413 -10.1413 -10.1413 -10.1413
[ LCMDATA ] -11.0257 -11.0257 -11.0257 -11.0257 -11.0257 -11.0257 -11.0257
[ LCMDATA ] -11.9074 -11.9074 -11.9074 -11.9074 -11.9074 -11.9074 -11.9074
[ LCMDATA ] -12.7862 -12.7862 -12.7862 -12.7862 -12.7862 -12.7862 -12.7862
[ LCMDATA ] -13.6618 -13.6618 -13.6618 -13.6618 -13.6618 -13.6618 -13.6618
[ LCMDATA ] -14.5424 -14.5424 -14.5424 -14.5424 -14.5424 -14.5424 -14.5424
[ LCMDATA ] -15.4242 -15.4242 -15.4242 -15.4242 -15.4242 -15.4242 -15.4242
[ LCMDATA ] -16.2902 -16.2902 -16.2902 -16.2902 -16.2902 -16.2902 -16.2902
[ LCMDATA ] -17.1684 -17.1684 -17.1684 -17.1684 -17.1684 -17.1684 -17.1684
[ LCMDATA ] -18.0248 -18.0248 -18.0248 -18.0248 -18.0248 -18.0248 -18.0248
[ LCMDATA ] -18.8792 -18.8792 -18.8792 -18.8792 -18.8792 -18.8792 -18.8792
[ LCMDATA ] -19.7265 -19.7265 -19.7265 -19.7265 -19.7265 -19.7265 -19.7265
[ LCMDATA ] -20.5689 -20.5689 -20.5689 -20.5689 -20.5689 -20.5689 -20.5689
[ LCMDATA ] -21.4062 -21.4062 -21.4062 -21.4062 -21.4062 -21.4062 -21.4062
[ LCMDATA ] -22.2391 -22.2391 -22.2391 -22.2391 -22.2391 -22.2391 -22.2391
[ LCMDATA ] -23.2094 -23.2094 -23.2094 -23.2094 -23.2094 -23.2094 -23.2094
[ LCMDATA ] -24.0976 -24.0976 -24.0976 -24.0976 -24.0976 -24.0976 -24.0976
[ LCMDATA ] -24.9136 -24.9136 -24.9136 -24.9136 -24.9136 -24.9136 -24.9136
[ LCMDATA ] -25.733 -25.733 -25.733 -25.733 -25.733 -25.733 -25.733
[ LCMDATA ] -26.5338 -26.5338 -26.5338 -26.5338 -26.5338 -26.5338 -26.5338
[ LCMDATA ] -27.3281 -27.3281 -27.3281 -27.3281 -27.3281 -27.3281 -27.3281
[ LCMDATA ] -28.1156 -28.1156 -28.1156 -28.1156 -28.1156 -28.1156 -28.1156
[ LCMDATA ] -28.913 -28.913 -28.913 -28.913 -28.913 -28.913 -28.913
[ LCMDATA ] -29.6863 -29.6863 -29.6863 -29.6863 -29.6863 -29.6863 -29.6863
[ LCMDATA ] -30.7168 -30.7168 -30.7168 -30.7168 -30.7168 -30.7168 -30.7168
[ LCMDATA ] -31.5497 -31.5497 -31.5497 -31.5497 -31.5497 -31.5497 -31.5497
[ LCMDATA ] -32.297 -32.297 -32.297 -32.297 -32.297 -32.297 -32.297
[ LCMDATA ] -33.0369 -33.0369 -33.0369 -33.0369 -33.0369 -33.0369 -33.0369
[ LCMDATA ] -33.768 -33.768 -33.768 -33.768 -33.768 -33.768 -33.768
[ LCMDATA ] -34.816 -34.816 -34.816 -34.816 -34.816 -34.816 -34.816
[ LCMDATA ] -35.5669 -35.5669 -35.5669 -35.5669 -35.5669 -35.5669 -35.5669
[ LCMDATA ] -36.268 -36.268 -36.268 -36.268 -36.268 -36.268 -36.268
[ LCMDATA ] -37.0758 -37.0758 -37.0758 -37.0758 -37.0758 -37.0758 -37.0758
[ LCMDATA ] -37.7572 -37.7572 -37.7572 -37.7572 -37.7572 -37.7572 -37.7572
[ LCMDATA ] -38.4294 -38.4294 -38.4294 -38.4294 -38.4294 -38.4294 -38.4294
[ LCMDATA ] -39.2704 -39.2704 -39.2704 -39.2704 -39.2704 -39.2704 -39.2704
[ LCMDATA ] -40.0647 -40.0647 -40.0647 -40.0647 -40.0647 -40.0647 -40.0647
[ LCMDATA ] -40.703 -40.703 -40.703 -40.703 -40.703 -40.703 -40.703
[ LCMDATA ] -41.3313 -41.3313 -41.3313 -41.3313 -41.3313 -41.3313 -41.3313
[ LCMDATA ] -42.0651 -42.0651 -42.0651 -42.0651 -42.0651 -42.0651 -42.0651
[ LCMDATA ] -42.6708 -42.6708 -42.6708 -42.6708 -42.6708 -42.6708 -42.6708
[ LCMDATA ] -43.266 -43.266 -43.266 -43.266 -43.266 -43.266 -43.266
[ LCMDATA ] -43.8506 -43.8506 -43.8506 -43.8506 -43.8506 -43.8506 -43.8506
[ LCMDATA ] -44.4625 -44.4625 -44.4625 -44.4625 -44.4625 -44.4625 -44.4625
[ LCMDATA ] -45.0245 -45.0245 -45.0245 -45.0245 -45.0245 -45.0245 -45.0245
[ LCMDATA ] -45.5754 -45.5754 -45.5754 -45.5754 -45.5754 -45.5754 -45.5754
[ LCMDATA ] -46.1281 -46.1281 -46.1281 -46.1281 -46.1281 -46.1281 -46.1281
[ LCMDATA ] -46.6561 -46.6561 -46.6561 -46.6561 -46.6561 -46.6561 -46.6561
[ LCMDATA ] -47.3721 -47.3721 -47.3721 -47.3721 -47.3721 -47.3721 -47.3721
[ LCMDATA ] -47.8724 -47.8724 -47.8724 -47.8724 -47.8724 -47.8724 -47.8724
[ LCMDATA ] -48.4706 -48.4706 -48.4706 -48.4706 -48.4706 -48.4706 -48.4706
[ LCMDATA ] -48.9443 -48.9443 -48.9443 -48.9443 -48.9443 -48.9443 -48.9443
[ LCMDATA ] -49.5878 -49.5878 -49.5878 -49.5878 -49.5878 -49.5878 -49.5878
[ LCMDATA ] -50.0324 -50.0324 -50.0324 -50.0324 -50.0324 -50.0324 -50.0324
[ LCMDATA ] -50.6267 -50.6267 -50.6267 -50.6267 -50.6267 -50.6267 -50.6267
[ LCMDATA ] -51.0417 -51.0417 -51.0417 -51.0417 -51.0417 -51.0417 -51.0417
[ LCMDATA ] -51.444 -51.444 -51.444 -51.444 -51.444 -51.444 -51.444
[ LCMDATA ] -51.9283 -51.9283 -51.9283 -51.9283 -51.9283 -51.9283 -51.9283
[ LCMDATA ] -52.302 -52.302 -52.302 -52.302 -52.302 -52.302 -52.302
[ LCMDATA ] -52.6628 -52.6628 -52.6628 -52.6628 -52.6628 -52.6628 -52.6628
[ LCMDATA ] -53.0106 -53.0106 -53.0106 -53.0106 -53.0106 -53.0106 -53.0106
[ LCMDATA ] -53.3453 -53.3453 -53.3453 -53.3453 -53.3453 -53.3453 -53.3453
[ LCMDATA ] -53.6669 -53.6669 -53.6669 -53.6669 -53.6669 -53.6669 -53.6669
[ LCMDATA ] -53.9752 -53.9752 -53.9752 -53.9752 -53.9752 -53.9752 -53.9752
[ LCMDATA ] -54.2811 -54.2811 -54.2811 -54.2811 -54.2811 -54.2811 -54.2811
[ LCMDATA ] -54.5622 -54.5622 -54.5622 -54.5622 -54.5622 -54.5622 -54.5622
[ LCMDATA ] -54.8299 -54.8299 -54.8299 -54.8299 -54.8299 -54.8299 -54.8299
[ LCMDATA ] -55.084 -55.084 -55.084 -55.084 -55.084 -55.084 -55.084
[ LCMDATA ] -55.3245 -55.3245 -55.3245 -55.3245 -55.3245 -55.3245 -55.3245
[ LCMDATA ] -55.5513 -55.5513 -55.5513 -55.5513 -55.5513 -55.5513 -55.5513
[ LCMDATA ] -55.7751 -55.7751 -55.7751 -55.7751 -55.7751 -55.7751 -55.7751
[ LCMDATA ] -55.9738 -55.9738 -55.9738 -55.9738 -55.9738 -55.9738 -55.9738
[ LCMDATA ] -56.1587 -56.1587 -56.1587 -56.1587 -56.1587 -56.1587 -56.1587
[ LCMDATA ] -56.3297 -56.3297 -56.3297 -56.3297 -56.3297 -56.3297 -56.3297
[ LCMDATA ] -56.5289 -56.5289 -56.5289 -56.5289 -56.5289 -56.5289 -56.5289
[ LCMDATA ] -56.6691 -56.6691 -56.6691 -56.6691 -56.6691 -56.6691 -56.6691
[ LCMDATA ] -56.7942 -56.7942 -56.7942 -56.7942 -56.7942 -56.7942 -56.7942
[ LCMDATA ] -56.9053 -56.9053 -56.9053 -56.9053 -56.9053 -56.9053 -56.9053
[ LCMDATA ] -57.0024 -57.0024 -57.0024 -57.0024 -57.0024 -57.0024 -57.0024
[ LCMDATA ] -57.0854 -57.0854 -57.0854 -57.0854 -57.0854 -57.0854 -57.0854
[ LCMDATA ] -57.1544 -57.1544 -57.1544 -57.1544 -57.1544 -57.1544 -57.1544
[ LCMDATA ] -57.2267 -57.2267 -57.2267 -57.2267 -57.2267 -57.2267 -57.2267
[ LCMDATA ] -57.2619 -57.2619 -57.2619 -57.2619 -57.2619 -57.2619 -57.2619
[ LCMDATA ] -57.2875 -57.2875 -57.2875 -57.2875 -57.2875 -57.2875 -57.2875
[ LCMDATA ] -57.2888 -57.2888 -57.2888 -57.2888 -57.2888 -57.2888 -57.2888
[ LCMDATA ] -57.2753 -57.2753 -57.2753 -57.2753 -57.2753 -57.2753 -57.2753
[ LCMDATA ] -57.2479 -57.2479 -57.2479 -57.2479 -57.2479 -57.2479 -57.2479
[ LCMDATA ] -57.2064 -57.2064 -57.2064 -57.2064 -57.2064 -57.2064 -57.2064
[ LCMDATA ] -57.1507 -57.1507 -57.1507 -57.1507 -57.1507 -57.1507 -57.1507
[ LCMDATA ] -57.0809 -57.0809 -57.0809 -57.0809 -57.0809 -57.0809 -57.0809
[ LCMDATA ] -56.9971 -56.9971 -56.9971 -56.9971 -56.9971 -56.9971 -56.9971
[ LCMDATA ] -56.8992 -56.8992 -56.8992 -56.8992 -56.8992 -56.8992 -56.8992
[ LCMDATA ] -56.7652 -56.7652 -56.7652 -56.7652 -56.7652 -56.7652 -56.7652
[ LCMDATA ] -56.6367 -56.6367 -56.6367 -56.6367 -56.6367 -56.6367 -56.6367
[ LCMDATA ] -56.482 -56.482 -56.482 -56.482 -56.482 -56.482 -56.482
[ LCMDATA ] -56.2979 -56.2979 -56.2979 -56.2979 -56.2979 -56.2979 -56.2979
[ LCMDATA ] -56.1242 -56.1242 -56.1242 -56.1242 -56.1242 -56.1242 -56.1242
[ LCMDATA ] -55.9136 -55.9136 -55.9136 -55.9136 -55.9136 -55.9136 -55.9136
[ LCMDATA ] -55.6243 -55.6243 -55.6243 -55.6243 -55.6243 -55.6243 -55.6243
[ LCMDATA ] -55.4021 -55.4021 -55.4021 -55.4021 -55.4021 -55.4021 -55.4021
[ LCMDATA ] -55.1661 -55.1661 -55.1661 -55.1661 -55.1661 -55.1661 -55.1661
[ LCMDATA ] -54.8978 -54.8978 -54.8978 -54.8978 -54.8978 -54.8978 -54.8978
[ LCMDATA ] -54.6296 -54.6296 -54.6296 -54.6296 -54.6296 -54.6296 -54.6296
[ LCMDATA ] -54.3491 -54.3491 -54.3491 -54.3491 -54.3491 -54.3491 -54.3491
[ LCMDATA ] -53.9699 -53.9699 -53.9699 -53.9699 -53.9699 -53.9699 -53.9699
[ LCMDATA ] -53.6614 -53.6614 -53.6614 -53.6614 -53.6614 -53.6614 -53.6614
[ LCMDATA ] -53.2096 -53.2096 -53.2096 -53.2096 -53.2096 -53.2096 -53.2096
[ LCMDATA ] -52.8695 -52.8695 -52.8695 -52.8695 -52.8695 -52.8695 -52.8695
[ LCMDATA ] -52.4588 -52.4588 -52.4588 -52.4588 -52.4588 -52.4588 -52.4588
[ LCMDATA ] -52.0075 -52.0075 -52.0075 -52.0075 -52.0075 -52.0075 -52.0075
[ LCMDATA ] -51.6237 -51.6237 -51.6237 -51.6237 -51.6237 -51.6237 -51.6237
[ LCMDATA ] -51.1311 -51.1311 -51.1311 -51.1311 -51.1311 -51.1311 -51.1311
[ LCMDATA ] -50.7189 -50.7189 -50.7189 -50.7189 -50.7189 -50.7189 -50.7189
[ LCMDATA ] -50.2942 -50.2942 -50.2942 -50.2942 -50.2942 -50.2942 -50.2942
[ LCMDATA ] -49.8571 -49.8571 -49.8571 -49.8571 -49.8571 -49.8571 -49.8571
[ LCMDATA ] -49.4076 -49.4076 -49.4076 -49.4076 -49.4076 -49.4076 -49.4076
[ LCMDATA ] -48.8343 -48.8343 -48.8343 -48.8343 -48.8343 -48.8343 -48.8343
[ LCMDATA ] -48.293 -48.293 -48.293 -48.293 -48.293 -48.293 -48.293
[ LCMDATA ] -47.8029 -47.8029 -47.8029 -47.8029 -47.8029 -47.8029 -47.8029
[ LCMDATA ] -47.1031 -47.1031 -47.1031 -47.1031 -47.1031 -47.1031 -47.1031
[ LCMDATA ] -46.5593 -46.5593 -46.5593 -46.5593 -46.5593 -46.5593 -46.5593
[ LCMDATA ] -46.0292 -46.0292 -46.0292 -46.0292 -46.0292 -46.0292 -46.0292
[ LCMDATA ] -45.4877 -45.4877 -45.4877 -45.4877 -45.4877 -45.4877 -45.4877
[ LCMDATA ] -44.9096 -44.9096 -44.9096 -44.9096 -44.9096 -44.9096 -44.9096
[ LCMDATA ] -44.3453 -44.3453 -44.3453 -44.3453 -44.3453 -44.3453 -44.3453
[ LCMDATA ] -43.7701 -43.7701 -43.7701 -43.7701 -43.7701 -43.7701 -43.7701
[ LCMDATA ] -43.1841 -43.1841 -43.1841 -43.1841 -43.1841 -43.1841 -43.1841
[ LCMDATA ] -42.3598 -42.3598 -42.3598 -42.3598 -42.3598 -42.3598 -42.3598
[ LCMDATA ] -41.7487 -41.7487 -41.7487 -41.7487 -41.7487 -41.7487 -41.7487
[ LCMDATA ] -41.1273 -41.1273 -41.1273 -41.1273 -41.1273 -41.1273 -41.1273
[ LCMDATA ] -40.4958 -40.4958 -40.4958 -40.4958 -40.4958 -40.4958 -40.4958
[ LCMDATA ] -39.8543 -39.8543 -39.8543 -39.8543 -39.8543 -39.8543 -39.8543
[ LCMDATA ] -39.2029 -39.2029 -39.2029 -39.2029 -39.2029 -39.2029 -39.2029
[ LCMDATA ] -38.5419 -38.5419 -38.5419 -38.5419 -38.5419 -38.5419 -38.5419
[ LCMDATA ] -37.8713 -37.8713 -37.8713 -37.8713 -37.8713 -37.8713 -37.8713
[ LCMDATA ] -37.1822 -37.1822 -37.1822 -37.1822 -37.1822 -37.1822 -37.1822
[ LCMDATA ] -36.493 -36.493 -36.493 -36.493 -36.493 -36.493 -36.493
[ LCMDATA ] -35.7948 -35.7948 -35.7948 -35.7948 -35.7948 -35.7948 -35.7948
[ LCMDATA ] -35.0878 -35.0878 -35.0878 -35.0878 -35.0878 -35.0878 -35.0878
[ LCMDATA ] -34.3698 -34.3698 -34.3698 -34.3698 -34.3698 -34.3698 -34.3698
[ LCMDATA ] -33.6011 -33.6011 -33.6011 -33.6011 -33.6011 -33.6011 -33.6011
[ LCMDATA ] -32.8306 -32.8306 -32.8306 -32.8306 -32.8306 -32.8306 -32.8306
[ LCMDATA ] -31.8238 -31.8238 -31.8238 -31.8238 -31.8238 -31.8238 -31.8238
[ LCMDATA ] -31.0716 -31.0716 -31.0716 -31.0716 -31.0716 -31.0716 -31.0716
[ LCMDATA ] -30.3118 -30.3118 -30.3118 -30.3118 -30.3118 -30.3118 -30.3118
[ LCMDATA ] -29.5444 -29.5444 -29.5444 -29.5444 -29.5444 -29.5444 -29.5444
[ LCMDATA ] -28.7698 -28.7698 -28.7698 -28.7698 -28.7698 -28.7698 -28.7698
[ LCMDATA ] -27.9881 -27.9881 -27.9881 -27.9881 -27.9881 -27.9881 -27.9881
[ LCMDATA ] -27.1994 -27.1994 -27.1994 -27.1994 -27.1994 -27.1994 -27.1994
[ LCMDATA ] -26.4041 -26.4041 -26.4041 -26.4041 -26.4041 -26.4041 -26.4041
[ LCMDATA ] -25.387 -25.387 -25.387 -25.387 -25.387 -25.387 -25.387
[ LCMDATA ] -24.5771 -24.5771 -24.5771 -24.5771 -24.5771 -24.5771 -24.5771
[ LCMDATA ] -23.7613 -23.7613 -23.7613 -23.7613 -23.7613 -23.7613 -23.7613
[ LCMDATA ] -22.9395 -22.9395 -22.9395 -22.9395 -22.9395 -22.9395 -22.9395
[ LCMDATA ] -22.1121 -22.1121 -22.1121 -22.1121 -22.1121 -22.1121 -22.1121
[ LCMDATA ] -21.2792 -21.2792 -21.2792 -21.2792 -21.2792 -21.2792 -21.2792
[ LCMDATA ] -20.4411 -20.4411 -20.4411 -20.4411 -20.4411 -20.4411 -20.4411
[ LCMDATA ] -19.5979 -19.5979 -19.5979 -19.5979 -19.5979 -19.5979 -19.5979
[ LCMDATA ] -18.7499 -18.7499 -18.7499 -18.7499 -18.7499 -18.7499 -18.7499
[ LCMDATA ] -17.8972 -17.8972 -17.8972 -17.8972 -17.8972 -17.8972 -17.8972
[ LCMDATA ] -17.0402 -17.0402 -17.0402 -17.0402 -17.0402 -17.0402 -17.0402
[ LCMDATA ] -16.1789 -16.1789 -16.1789 -16.1789 -16.1789 -16.1789 -16.1789
[ LCMDATA ] -15.3137 -15.3137 -15.3137 -15.3137 -15.3137 -15.3137 -15.3137
[ LCMDATA ] -14.4446 -14.4446 -14.4446 -14.4446 -14.4446 -14.4446 -14.4446
[ LCMDATA ] -13.5721 -13.5721 -13.5721 -13.5721 -13.5721 -13.5721 -13.5721
[ LCMDATA ] -12.6944 -12.6944 -12.6944 -12.6944 -12.6944 -12.6944 -12.6944
[ LCMDATA ] -11.8153 -11.8153 -11.8153 -11.8153 -11.8153 -11.8153 -11.8153
[ LCMDATA ] -10.9333 -10.9333 -10.9333 -10.9333 -10.9333 -10.9333 -10.9333
[ LCMDATA ] -10.0486 -10.0486 -10.0486 -10.0486 -10.0486 -10.0486 -10.0486
[ LCMDATA ] -9.16145 -9.16145 -9.16145 -9.16145 -9.16145 -9.16145 -9.16145
[ LCMDATA ] -8.27202 -8.27202 -8.27202 -8.27202 -8.27202 -8.27202 -8.27202
[ LCMDATA ] -7.38054 -7.38054 -7.38054 -7.38054 -7.38054 -7.38054 -7.38054
[ LCMDATA ] -6.48726 -6.48726 -6.48726 -6.48726 -6.48726 -6.48726 -6.48726
[ LCMDATA ] -5.59072 -5.59072 -5.59072 -5.59072 -5.59072 -5.59072 -5.59072
[ LCMDATA ] -4.69444 -4.69444 -4.69444 -4.69444 -4.69444 -4.69444 -4.69444
[ LCMDATA ] -3.797 -3.797 -3.797 -3.797 -3.797 -3.797 -3.797
[ LCMDATA ] -2.89864 -2.89864 -2.89864 -2.89864 -2.89864 -2.89864 -2.89864
[ LCMDATA ] -1.99956 -1.99956 -1.99956 -1.99956 -1.99956 -1.99956 -1.99956
[ LCMDATA ] -1.09997 -1.09997 -1.09997 -1.09997 -1.09997 -1.09997 -1.09997
[ LCMDATA ] -0.127943 -0.127943 -0.127943 -0.127943 -0.127943 -0.127943 -0.127943
[ LCMDATA ] 0.817619 0.817619 0.817619 0.817619 0.817619 0.817619 0.817619
[ LCMDATA ] 1.71731 1.71731 1.71731 1.71731 1.71731 1.71731 1.71731
[ LCMDATA ] 2.61657 2.61657 2.61657 2.61657 2.61657 2.61657 2.61657
[ LCMDATA ] 3.51519 3.51519 3.51519 3.51519 3.51519 3.51519 3.51519
[ LCMDATA ] 4.60453 4.60453 4.60453 4.60453 4.60453 4.60453 4.60453
[ LCMDATA ] 5.5012 5.5012 5.5012 5.5012 5.5012 5.5012 5.5012
[ LCMDATA ] 6.6201 6.6201 6.6201 6.6201 6.6201 6.6201 6.6201
[ LCMDATA ] 7.87022 7.87022 7.87022 7.87022 7.87022 7.87022 7.87022
[ LCMDATA ] 8.7606 8.7606 8.7606 8.7606 8.7606 8.7606 8.7606
[ LCMDATA ] 9.98975 9.98975 9.98975 9.98975 9.98975 9.98975 9.98975
[ LCMDATA ] 10.8746 10.8746 10.8746 10.8746 10.8746 10.8746 10.8746
[ LCMDATA ] 11.86 11.86 11.86 11.86 11.86 11.86 11.86
[ LCMDATA ] 12.739 12.739 12.739 12.739 12.739 12.739 12.739
[ LCMDATA ] 13.7141 13.7141 13.7141 13.7141 13.7141 13.7141 13.7141
[ LCMDATA ] 14.7777 14.7777 14.7777 14.7777 14.7777 14.7777 14.7777
[ LCMDATA ] 15.6453 15.6453 15.6453 15.6453 15.6453 15.6453 15.6453
[ LCMDATA ] 16.5116 16.5116 16.5116 16.5116 16.5116 16.5116 16.5116
[ LCMDATA ] 17.3713 17.3713 17.3713 17.3713 17.3713 17.3713 17.3713
[ LCMDATA ] 18.2327 18.2327 18.2327 18.2327 18.2327 18.2327 18.2327
[ LCMDATA ] 19.0836 19.0836 19.0836 19.0836 19.0836 19.0836 19.0836
[ LCMDATA ] 19.9297 19.9297 19.9297 19.9297 19.9297 19.9297 19.9297
[ LCMDATA ] 20.7709 20.7709 20.7709 20.7709 20.7709 20.7709 20.7709
[ LCMDATA ] 21.607 21.607 21.607 21.607 21.607 21.607 21.607
[ LCMDATA ] 22.4378 22.4378 22.4378 22.4378 22.4378 22.4378 22.4378
[ LCMDATA ] 23.3485 23.3485 23.3485 23.3485 23.3485 23.3485 23.3485
[ LCMDATA ] 24.1674 24.1674 24.1674 24.1674 24.1674 24.1674 24.1674
[ LCMDATA ] 24.9803 24.9803 24.9803 24.9803 24.9803 24.9803 24.9803
[ LCMDATA ] 25.787 25.787 25.787 25.787 25.787 25.787 25.787
[ LCMDATA ] 26.5874 26.5874 26.5874 26.5874 26.5874 26.5874 26.5874
[ LCMDATA ] 27.3813 27.3813 27.3813 27.3813 27.3813 27.3813 27.3813
[ LCMDATA ] 28.1683 28.1683 28.1683 28.1683 28.1683 28.1683 28.1683
[ LCMDATA ] 28.9485 28.9485 28.9485 28.9485 28.9485 28.9485 28.9485
[ LCMDATA ] 29.7214 29.7214 29.7214 29.7214 29.7214 29.7214 29.7214
[ LCMDATA ] 30.6734 30.6734 30.6734 30.6734 30.6734 30.6734 30.6734
[ LCMDATA ] 31.4987 31.4987 31.4987 31.4987 31.4987 31.4987 31.4987
[ LCMDATA ] 32.4355 32.4355 32.4355 32.4355 32.4355 32.4355 32.4355
[ LCMDATA ] 33.3377 33.3377 33.3377 33.3377 33.3377 33.3377 33.3377
[ LCMDATA ] 34.262 34.262 34.262 34.262 34.262 34.262 34.262
[ LCMDATA ] 34.9789 34.9789 34.9789 34.9789 34.9789 34.9789 34.9789
[ LCMDATA ] 35.6879 35.6879 35.6879 35.6879 35.6879 35.6879 35.6879
[ LCMDATA ] 36.6612 36.6612 36.6612 36.6612 36.6612 36.6612 36.6612
[ LCMDATA ] 37.3482 37.3482 37.3482 37.3482 37.3482 37.3482 37.3482
[ LCMDATA ] 38.0259 38.0259 38.0259 38.0259 38.0259 38.0259 38.0259
[ LCMDATA ] 38.9534 38.9534 38.9534 38.9534 38.9534 38.9534 38.9534
[ LCMDATA ] 39.6084 39.6084 39.6084 39.6084 39.6084 39.6084 39.6084
[ LCMDATA ] 40.2537 40.2537 40.2537 40.2537 40.2537 40.2537 40.2537
[ LCMDATA ] 41.0743 41.0743 41.0743 41.0743 41.0743 41.0743 41.0743
[ LCMDATA ] 41.6965 41.6965 41.6965 41.6965 41.6965 41.6965 41.6965
[ LCMDATA ] 42.3085 42.3085 42.3085 42.3085 42.3085 42.3085 42.3085
[ LCMDATA ] 43.0728 43.0728 43.0728 43.0728 43.0728 43.0728 43.0728
[ LCMDATA ] 43.6608 43.6608 43.6608 43.6608 43.6608 43.6608 43.6608
[ LCMDATA ] 44.3434 44.3434 44.3434 44.3434 44.3434 44.3434 44.3434
[ LCMDATA ] 44.9763 44.9763 44.9763 44.9763 44.9763 44.9763 44.9763
[ LCMDATA ] 45.7088 45.7088 45.7088 45.7088 45.7088 45.7088 45.7088
[ LCMDATA ] 46.362 46.362 46.362 46.362 46.362 46.362 46.362
[ LCMDATA ] 46.8849 46.8849 46.8849 46.8849 46.8849 46.8849 46.8849
[ LCMDATA ] 47.3963 47.3963 47.3963 47.3963 47.3963 47.3963 47.3963
[ LCMDATA ] 47.9058 47.9058 47.9058 47.9058 47.9058 47.9058 47.9058
[ LCMDATA ] 48.3934 48.3934 48.3934 48.3934 48.3934 48.3934 48.3934
[ LCMDATA ] 48.9437 48.9437 48.9437 48.9437 48.9437 48.9437 48.9437
[ LCMDATA ] 49.459 49.459 49.459 49.459 49.459 49.459 49.459
[ LCMDATA ] 49.907 49.907 49.907 49.907 49.907 49.907 49.907
[ LCMDATA ] 50.3428 50.3428 50.3428 50.3428 50.3428 50.3428 50.3428
[ LCMDATA ] 50.8264 50.8264 50.8264 50.8264 50.8264 50.8264 50.8264
[ LCMDATA ] 51.2353 51.2353 51.2353 51.2353 51.2353 51.2353 51.2353
[ LCMDATA ] 51.7196 51.7196 51.7196 51.7196 51.7196 51.7196 51.7196
[ LCMDATA ] 52.1003 52.1003 52.1003 52.1003 52.1003 52.1003 52.1003
[ LCMDATA ] 52.4719 52.4719 52.4719 52.4719 52.4719 52.4719 52.4719
[ LCMDATA ] 52.8267 52.8267 52.8267 52.8267 52.8267 52.8267 52.8267
[ LCMDATA ] 53.1724 53.1724 53.1724 53.1724 53.1724 53.1724 53.1724
[ LCMDATA ] 53.5008 53.5008 53.5008 53.5008 53.5008 53.5008 53.5008
[ LCMDATA ] 53.816 53.816 53.816 53.816 53.816 53.816 53.816
[ LCMDATA ] 54.118 54.118 54.118 54.118 54.118 54.118 54.118
[ LCMDATA ] 54.4066 54.4066 54.4066 54.4066 54.4066 54.4066 54.4066
[ LCMDATA ] 54.6818 54.6818 54.6818 54.6818 54.6818 54.6818 54.6818
[ LCMDATA ] 54.9435 54.9435 54.9435 54.9435 54.9435 54.9435 54.9435
[ LCMDATA ] 55.1916 55.1916 55.1916 55.1916 55.1916 55.1916 55.1916
[ LCMDATA ] 55.4261 55.4261 55.4261 55.4261 55.4261 55.4261 55.4261
[ LCMDATA ] 55.6469 55.6469 55.6469 55.6469 55.6469 55.6469 55.6469
[ LCMDATA ] 55.854 55.854 55.854 55.854 55.854 55.854 55.854
[ LCMDATA ] 56.0474 56.0474 56.0474 56.0474 56.0474 56.0474 56.0474
[ LCMDATA ] 56.2269 56.2269 56.2269 56.2269 56.2269 56.2269 56.2269
[ LCMDATA ] 56.3925 56.3925 56.3925 56.3925 56.3925 56.3925 56.3925
[ LCMDATA ] 56.5442 56.5442 56.5442 56.5442 56.5442 56.5442 56.5442
[ LCMDATA ] 56.6819 56.6819 56.6819 56.6819 56.6819 56.6819 56.6819
[ LCMDATA ] 56.8069 56.8069 56.8069 56.8069 56.8069 56.8069 56.8069
[ LCMDATA ] 56.9165 56.9165 56.9165 56.9165 56.9165 56.9165 56.9165
[ LCMDATA ] 57.0128 57.0128 57.0128 57.0128 57.0128 57.0128 57.0128
[ LCMDATA ] 57.0941 57.0941 57.0941 57.0941 57.0941 57.0941 57.0941
[ LCMDATA ] 57.1684 57.1684 57.1684 57.1684 57.1684 57.1684 57.1684
[ LCMDATA ] 57.2244 57.2244 57.2244 57.2244 57.2244 57.2244 57.2244
[ LCMDATA ] 57.2665 57.2665 57.2665 57.2665 57.2665 57.2665 57.2665
[ LCMDATA ] 57.2875 57.2875 57.2875 57.2875 57.2875 57.2875 57.2875
[ LCMDATA ] 57.2873 57.2873 57.2873 57.2873 57.2873 57.2873 57.2873
[ LCMDATA ] 57.2691 57.2691 57.2691 57.2691 57.2691 57.2691 57.2691
[ LCMDATA ] 57.2377 57.2377 57.2377 57.2377 57.2377 57.2377 57.2377
[ LCMDATA ] 57.1922 57.1922 57.1922 57.1922 57.1922 57.1922 57.1922
[ LCMDATA ] 57.1325 57.1325 57.1325 57.1325 57.1325 57.1325 57.1325
[ LCMDATA ] 57.0588 57.0588 57.0588 57.0588 57.0588 57.0588 57.0588
[ LCMDATA ] 56.971 56.971 56.971 56.971 56.971 56.971 56.971
[ LCMDATA ] 56.8691 56.8691 56.8691 56.8691 56.8691 56.8691 56.8691
[ LCMDATA ] 56.7521 56.7521 56.7521 56.7521 56.7521 56.7521 56.7521
[ LCMDATA ] 56.6221 56.6221 56.6221 56.6221 56.6221 56.6221 56.6221
[ LCMDATA ] 56.4781 56.4781 56.4781 56.4781 56.4781 56.4781 56.4781
[ LCMDATA ] 56.3191 56.3191 56.3191 56.3191 56.3191 56.3191 56.3191
[ LCMDATA ] 56.1472 56.1472 56.1472 56.1472 56.1472 56.1472 56.1472
[ LCMDATA ] 55.9614 55.9614 55.9614 55.9614 55.9614 55.9614 55.9614
[ LCMDATA ] 55.7618 55.7618 55.7618 55.7618 55.7618 55.7618 55.7618
[ LCMDATA ] 55.5394 55.5394 55.5394 55.5394 55.5394 55.5394 55.5394
[ LCMDATA ] 55.2594 55.2594 55.2594 55.2594 55.2594 55.2594 55.2594
[ LCMDATA ] 54.9606 54.9606 54.9606 54.9606 54.9606 54.9606 54.9606
[ LCMDATA ] 54.6998 54.6998 54.6998 54.6998 54.6998 54.6998 54.6998
[ LCMDATA ] 54.3096 54.3096 54.3096 54.3096 54.3096 54.3096 54.3096
[ LCMDATA ] 54.0165 54.0165 54.0165 54.0165 54.0165 54.0165 54.0165
[ LCMDATA ] 53.71 53.71 53.71 53.71 53.71 53.71 53.71
[ LCMDATA ] 53.3902 53.3902 53.3902 53.3902 53.3902 53.3902 53.3902
[ LCMDATA ] 53.0573 53.0573 53.0573 53.0573 53.0573 53.0573 53.0573
[ LCMDATA ] 52.7113 52.7113 52.7113 52.7113 52.7113 52.7113 52.7113
[ LCMDATA ] 52.2188 52.2188 52.2188 52.2188 52.2188 52.2188 52.2188
[ LCMDATA ] 51.8422 51.8422 51.8422 51.8422 51.8422 51.8422 51.8422
[ LCMDATA ] 51.4122 51.4122 51.4122 51.4122 51.4122 51.4122 51.4122
[ LCMDATA ] 51.0089 51.0089 51.0089 51.0089 51.0089 51.0089 51.0089
[ LCMDATA ] 50.5589 50.5589 50.5589 50.5589 50.5589 50.5589 50.5589
[ LCMDATA ] 50.1294 50.1294 50.1294 50.1294 50.1294 50.1294 50.1294
[ LCMDATA ] 49.6876 49.6876 49.6876 49.6876 49.6876 49.6876 49.6876
[ LCMDATA ] 49.2335 49.2335 49.2335 49.2335 49.2335 49.2335 49.2335
[ LCMDATA ] 48.5941 48.5941 48.5941 48.5941 48.5941 48.5941 48.5941
[ LCMDATA ] 48.0003 48.0003 48.0003 48.0003 48.0003 48.0003 48.0003
[ LCMDATA ] 47.5032 47.5032 47.5032 47.5032 47.5032 47.5032 47.5032
[ LCMDATA ] 46.9943 46.9943 46.9943 46.9943 46.9943 46.9943 46.9943
[ LCMDATA ] 46.4559 46.4559 46.4559 46.4559 46.4559 46.4559 46.4559
[ LCMDATA ] 45.7712 45.7712 45.7712 45.7712 45.7712 45.7712 45.7712
[ LCMDATA ] 45.2244 45.2244 45.2244 45.2244 45.2244 45.2244 45.2244
[ LCMDATA ] 44.6664 44.6664 44.6664 44.6664 44.6664 44.6664 44.6664
[ LCMDATA ] 44.0445 44.0445 44.0445 44.0445 44.0445 44.0445 44.0445
[ LCMDATA ] 43.4636 43.4636 43.4636 43.4636 43.4636 43.4636 43.4636
[ LCMDATA ] 42.872 42.872 42.872 42.872 42.872 42.872 42.872
[ LCMDATA ] 42.0729 42.0729 42.0729 42.0729 42.0729 42.0729 42.0729
[ LCMDATA ] 41.4569 41.4569 41.4569 41.4569 41.4569 41.4569 41.4569
[ LCMDATA ] 40.8201 40.8201 40.8201 40.8201 40.8201 40.8201 40.8201
[ LCMDATA ] 40.1836 40.1836 40.1836 40.1836 40.1836 40.1836 40.1836
[ LCMDATA ] 39.5373 39.5373 39.5373 39.5373 39.5373 39.5373 39.5373
[ LCMDATA ] 38.8812 38.8812 38.8812 38.8812 38.8812 38.8812 38.8812
[ LCMDATA ] 38.026 38.026 38.026 38.026 38.026 38.026 38.026
[ LCMDATA ] 37.0554 37.0554 37.0554 37.0554 37.0554 37.0554 37.0554
[ LCMDATA ] 36.3646 36.3646 36.3646 36.3646 36.3646 36.3646 36.3646
[ LCMDATA ] 35.6647 35.6647 35.6647 35.6647 35.6647 35.6647 35.6647
[ LCMDATA ] 34.8043 34.8043 34.8043 34.8043 34.8043 34.8043 34.8043
[ LCMDATA ] 34.0436 34.0436 34.0436 34.0436 34.0436 34.0436 34.0436
[ LCMDATA ] 33.3156 33.3156 33.3156 33.3156 33.3156 33.3156 33.3156
[ LCMDATA ] 32.3397 32.3397 32.3397 32.3397 32.3397 32.3397 32.3397
[ LCMDATA ] 31.5929 31.5929 31.5929 31.5929 31.5929 31.5929 31.5929
[ LCMDATA ] 30.8384 30.8384 30.8384 30.8384 30.8384 30.8384 30.8384
[ LCMDATA ] 30.0762 30.0762 30.0762 30.0762 30.0762 30.0762 30.0762
[ LCMDATA ] 29.2099 29.2099 29.2099 29.2099 29.2099 29.2099 29.2099
[ LCMDATA ] 28.2599 28.2599 28.2599 28.2599 28.2599 28.2599 28.2599
[ LCMDATA ] 27.4444 27.4444 27.4444 27.4444 27.4444 27.4444 27.4444
[ LCMDATA ] 26.473 26.473 26.473 26.473 26.473 26.473 26.473
[ LCMDATA ] 25.6717 25.6717 25.6717 25.6717 25.6717 25.6717 25.6717
[ LCMDATA ] 24.864 24.864 24.864 24.864 24.864 24.864 24.864
[ LCMDATA ] 24.0503 24.0503 24.0503 24.0503 24.0503 24.0503 24.0503
[ LCMDATA ] 23.2305 23.2305 23.2305 23.2305 23.2305 23.2305 23.2305
[ LCMDATA ] 22.4051 22.4051 22.4051 22.4051 22.4051 22.4051 22.4051
[ LCMDATA ] 21.5741 21.5741 21.5741 21.5741 21.5741 21.5741 21.5741
[ LCMDATA ] 20.7378 20.7378 20.7378 20.7378 20.7378 20.7378 20.7378
[ LCMDATA ] 19.8964 19.8964 19.8964 19.8964 19.8964 19.8964 19.8964
[ LCMDATA ] 19.0501 19.0501 19.0501 19.0501 19.0501 19.0501 19.0501
[ LCMDATA ] 18.1991 18.1991 18.1991 18.1991 18.1991 18.1991 18.1991
[ LCMDATA ] 17.3435 17.3435 17.3435 17.3435 17.3435 17.3435 17.3435
[ LCMDATA ] 16.4837 16.4837 16.4837 16.4837 16.4837 16.4837 16.4837
[ LCMDATA ] 15.6199 15.6199 15.6199 15.6199 15.6199 15.6199 15.6199
[ LCMDATA ] 14.7522 14.7522 14.7522 14.7522 14.7522 14.7522 14.7522
[ LCMDATA ] 13.8808 13.8808 13.8808 13.8808 13.8808 13.8808 13.8808
[ LCMDATA ] 13.006 13.006 13.006 13.006 13.006 13.006 13.006
[ LCMDATA ] 12.128 12.128 12.128 12.128 12.128 12.128 12.128
[ LCMDATA ] 11.2471 11.2471 11.2471 11.2471 11.2471 11.2471 11.2471
[ LCMDATA ] 10.3633 10.3633 10.3633 10.3633 10.3633 10.3633 10.3633
[ LCMDATA ] 9.23599 9.23599 9.23599 9.23599 9.23599 9.23599 9.23599
[ LCMDATA ] 8.34674 8.34674 8.34674 8.34674 8.34674 8.34674 8.34674
[ LCMDATA ] 7.45543 7.45543 7.45543 7.45543 7.45543 7.45543 7.45543
[ LCMDATA ] 6.56227 6.56227 6.56227 6.56227 6.56227 6.56227 6.56227
[ LCMDATA ] 5.64249 5.64249 5.64249 5.64249 5.64249 5.64249 5.64249
[ LCMDATA ] 4.74573 4.74573 4.74573 4.74573 4.74573 4.74573 4.74573
[ LCMDATA ] 3.81331 3.81331 3.81331 3.81331 3.81331 3.81331 3.81331
[ LCMDATA ] 2.91495 2.91495 2.91495 2.91495 2.91495 2.91495 2.91495
[ LCMDATA ] 2.01588 2.01588 2.01588 2.01588 2.01588 2.01588 2.01588
[ LCMDATA ] 1.09636 1.09636 1.09636 1.09636 1.09636 1.09636 1.09636
[ LCMDATA ] 0.124082 0.124082 0.124082 0.124082 0.124082 0.124082 0.124082
[ LCMDATA ] -0.775817 -0.775817 -0.775817 -0.775817 -0.775817 -0.775817 -0.775817
[ LCMDATA ] -1.67552 -1.67552 -1.67552 -1.67552 -1.67552 -1.67552 -1.67552
[ LCMDATA ] -2.72829 -2.72829 -2.72829 -2.72829 -2.72829 -2.72829 -2.72829
[ LCMDATA ] -3.62682 -3.62682 -3.62682 -3.62682 -3.62682 -3.62682 -3.62682
[ LCMDATA ] -4.69594 -4.69594 -4.69594 -4.69594 -4.69594 -4.69594 -4.69594
[ LCMDATA ] -5.59221 -5.59221 -5.59221 -5.59221 -5.59221 -5.59221 -5.59221
[ LCMDATA ] -6.80026 -6.80026 -6.80026 -6.80026 -6.80026 -6.80026 -6.80026
[ LCMDATA ] -7.89554 -7.89554 -7.89554 -7.89554 -7.89554 -7.89554 -7.89554
[ LCMDATA ] -8.78587 -8.78587 -8.78587 -8.78587 -8.78587 -8.78587 -8.78587
[ LCMDATA ] -9.67685 -9.67685 -9.67685 -9.67685 -9.67685 -9.67685 -9.67685
[ LCMDATA ] -10.5803 -10.5803 -10.5803 -10.5803 -10.5803 -10.5803 -10.5803
[ LCMDATA ] -11.4634 -11.4634 -11.4634 -11.4634 -11.4634 -11.4634 -11.4634
[ LCMDATA ] -12.381 -12.381 -12.381 -12.381 -12.381 -12.381 -12.381
[ LCMDATA ] -13.2692 -13.2692 -13.2692 -13.2692 -13.2692 -13.2692 -13.2692
[ LCMDATA ] -14.195 -14.195 -14.195 -14.195 -14.195 -14.195 -14.195
[ LCMDATA ] -15.0651 -15.0651 -15.0651 -15.0651 -15.0651 -15.0651 -15.0651
[ LCMDATA ] -15.9332 -15.9332 -15.9332 -15.9332 -15.9332 -15.9332 -15.9332
[ LCMDATA ] -16.7956 -16.7956 -16.7956 -16.7956 -16.7956 -16.7956 -16.7956
[ LCMDATA ] -17.8661 -17.8661 -17.8661 -17.8661 -17.8661 -17.8661 -17.8661
[ LCMDATA ] -18.719 -18.719 -18.719 -18.719 -18.719 -18.719 -18.719
[ LCMDATA ] -19.5994 -19.5994 -19.5994 -19.5994 -19.5994 -19.5994 -19.5994
[ LCMDATA ] -20.4713 -20.4713 -20.4713 -20.4713 -20.4713 -20.4713 -20.4713
[ LCMDATA ] -21.3092 -21.3092 -21.3092 -21.3092 -21.3092 -21.3092 -21.3092
[ LCMDATA ] -22.1419 -22.1419 -22.1419 -22.1419 -22.1419 -22.1419 -22.1419
[ LCMDATA ] -22.9692 -22.9692 -22.9692 -22.9692 -22.9692 -22.9692 -22.9692
[ LCMDATA ] -23.7907 -23.7907 -23.7907 -23.7907 -23.7907 -23.7907 -23.7907
[ LCMDATA ] -24.6064 -24.6064 -24.6064 -24.6064 -24.6064 -24.6064 -24.6064
[ LCMDATA ] -25.416 -25.416 -25.416 -25.416 -25.416 -25.416 -25.416
[ LCMDATA ] -26.2194 -26.2194 -26.2194 -26.2194 -26.2194 -26.2194 -26.2194
[ LCMDATA ] -27.0162 -27.0162 -27.0162 -27.0162 -27.0162 -27.0162 -27.0162
[ LCMDATA ] -27.8064 -27.8064 -27.8064 -27.8064 -27.8064 -27.8064 -27.8064
[ LCMDATA ] -28.5898 -28.5898 -28.5898 -28.5898 -28.5898 -28.5898 -28.5898
[ LCMDATA ] -29.3661 -29.3661 -29.3661 -29.3661 -29.3661 -29.3661 -29.3661
[ LCMDATA ] -30.1374 -30.1374 -30.1374 -30.1374 -30.1374 -30.1374 -30.1374
[ LCMDATA ] -30.9219 -30.9219 -30.9219 -30.9219 -30.9219 -30.9219 -30.9219
[ LCMDATA ] -31.6756 -31.6756 -31.6756 -31.6756 -31.6756 -31.6756 -31.6756
[ LCMDATA ] -32.4586 -32.4586 -32.4586 -32.4586 -32.4586 -32.4586 -32.4586
[ LCMDATA ] -33.1961 -33.1961 -33.1961 -33.1961 -33.1961 -33.1961 -33.1961
[ LCMDATA ] -33.9947 -33.9947 -33.9947 -33.9947 -33.9947 -33.9947 -33.9947
[ LCMDATA ] -34.7148 -34.7148 -34.7148 -34.7148 -34.7148 -34.7148 -34.7148
[ LCMDATA ] -35.4264 -35.4264 -35.4264 -35.4264 -35.4264 -35.4264 -35.4264
[ LCMDATA ] -36.1292 -36.1292 -36.1292 -36.1292 -36.1292 -36.1292 -36.1292
[ LCMDATA ] -36.8231 -36.8231 -36.8231 -36.8231 -36.8231 -36.8231 -36.8231
[ LCMDATA ] -37.508 -37.508 -37.508 -37.508 -37.508 -37.508 -37.508
[ LCMDATA ] -38.1835 -38.1835 -38.1835 -38.1835 -38.1835 -38.1835 -38.1835
[ LCMDATA ] -38.8497 -38.8497 -38.8497 -38.8497 -38.8497 -38.8497 -38.8497
[ LCMDATA ] -39.5063 -39.5063 -39.5063 -39.5063 -39.5063 -39.5063 -39.5063
[ LCMDATA ] -40.1531 -40.1531 -40.1531 -40.1531 -40.1531 -40.1531 -40.1531
[ LCMDATA ] -40.79 -40.79 -40.79 -40.79 -40.79 -40.79 -40.79
[ LCMDATA ] -41.4169 -41.4169 -41.4169 -41.4169 -41.4169 -41.4169 -41.4169
[ LCMDATA ] -42.0335 -42.0335 -42.0335 -42.0335 -42.0335 -42.0335 -42.0335
[ LCMDATA ] -42.6398 -42.6398 -42.6398 -42.6398 -42.6398 -42.6398 -42.6398
[ LCMDATA ] -43.2355 -43.2355 -43.2355 -43.2355 -43.2355 -43.2355 -43.2355
[ LCMDATA ] -43.8206 -43.8206 -43.8206 -43.8206 -43.8206 -43.8206 -43.8206
[ LCMDATA ] -44.3948 -44.3948 -44.3948 -44.3948 -44.3948 -44.3948 -44.3948
[ LCMDATA ] -44.9581 -44.9581 -44.9581 -44.9581 -44.9581 -44.9581 -44.9581
[ LCMDATA ] -45.5104 -45.5104 -45.5104 -45.5104 -45.5104 -45.5104 -45.5104
[ LCMDATA ] -46.0572 -46.0572 -46.0572 -46.0572 -46.0572 -46.0572 -46.0572
[ LCMDATA ] -46.6115 -46.6115 -46.6115 -46.6115 -46.6115 -46.6115 -46.6115
[ LCMDATA ] -47.1505 -47.1505 -47.1505 -47.1505 -47.1505 -47.1505 -47.1505
[ LCMDATA ] -47.6995 -47.6995 -47.6995 -47.6995 -47.6995 -47.6995 -47.6995
[ LCMDATA ] -48.2311 -48.2311 -48.2311 -48.2311 -48.2311 -48.2311 -48.2311
[ LCMDATA ] -48.712 -48.712 -48.712 -48.712 -48.712 -48.712 -48.712
[ LCMDATA ] -49.1796 -49.1796 -49.1796 -49.1796 -49.1796 -49.1796 -49.1796
[ LCMDATA ] -49.6351 -49.6351 -49.6351 -49.6351 -49.6351 -49.6351 -49.6351
[ LCMDATA ] -50.0784 -50.0784 -50.0784 -50.0784 -50.0784 -50.0784 -50.0784
[ LCMDATA ] -50.5094 -50.5094 -50.5094 -50.5094 -50.5094 -50.5094 -50.5094
[ LCMDATA ] -50.9282 -50.9282 -50.9282 -50.9282 -50.9282 -50.9282 -50.9282
[ LCMDATA ] -51.3341 -51.3341 -51.3341 -51.3341 -51.3341 -51.3341 -51.3341
[ LCMDATA ] -51.7288 -51.7288 -51.7288 -51.7288 -51.7288 -51.7288 -51.7288
[ LCMDATA ] -52.1092 -52.1092 -52.1092 -52.1092 -52.1092 -52.1092 -52.1092
[ LCMDATA ] -52.4769 -52.4769 -52.4769 -52.4769 -52.4769 -52.4769 -52.4769
[ LCMDATA ] -52.8315 -52.8315 -52.8315 -52.8315 -52.8315 -52.8315 -52.8315
[ LCMDATA ] -53.173 -53.173 -53.173 -53.173 -53.173 -53.173 -53.173
[ LCMDATA ] -53.5014 -53.5014 -53.5014 -53.5014 -53.5014 -53.5014 -53.5014
[ LCMDATA ] -53.8167 -53.8167 -53.8167 -53.8167 -53.8167 -53.8167 -53.8167
[ LCMDATA ] -54.1188 -54.1188 -54.1188 -54.1188 -54.1188 -54.1188 -54.1188
[ LCMDATA ] -54.4074 -54.4074 -54.4074 -54.4074 -54.4074 -54.4074 -54.4074
[ LCMDATA ] -54.6825 -54.6825 -54.6825 -54.6825 -54.6825 -54.6825 -54.6825
[ LCMDATA ] -54.9442 -54.9442 -54.9442 -54.9442 -54.9442 -54.9442 -54.9442
[ LCMDATA ] -55.1923 -55.1923 -55.1923 -55.1923 -55.1923 -55.1923 -55.1923
[ LCMDATA ] -55.427 -55.427 -55.427 -55.427 -55.427 -55.427 -55.427
[ LCMDATA ] -55.6478 -55.6478 -55.6478 -55.6478 -55.6478 -55.6478 -55.6478
[ LCMDATA ] -55.8549 -55.8549 -55.8549 -55.8549 -55.8549 -55.8549 -55.8549
[ LCMDATA ] -56.0482 -56.0482 -56.0482 -56.0482 -56.0482 -56.0482 -56.0482
[ LCMDATA ] -56.2361 -56.2361 -56.2361 -56.2361 -56.2361 -56.2361 -56.2361
[ LCMDATA ] -56.401 -56.401 -56.401 -56.401 -56.401 -56.401 -56.401
[ LCMDATA ] -56.5705 -56.5705 -56.5705 -56.5705 -56.5705 -56.5705 -56.5705
[ LCMDATA ] -56.7057 -56.7057 -56.7057 -56.7057 -56.7057 -56.7057 -56.7057
[ LCMDATA ] -56.8416 -56.8416 -56.8416 -56.8416 -56.8416 -56.8416 -56.8416
[ LCMDATA ] -56.9637 -56.9637 -56.9637 -56.9637 -56.9637 -56.9637 -56.9637
[ LCMDATA ] -57.0526 -57.0526 -57.0526 -57.0526 -57.0526 -57.0526 -57.0526
[ LCMDATA ] -57.1274 -57.1274 -57.1274 -57.1274 -57.1274 -57.1274 -57.1274
[ LCMDATA ] -57.1881 -57.1881 -57.1881 -57.1881 -57.1881 -57.1881 -57.1881
[ LCMDATA ] -57.2347 -57.2347 -57.2347 -57.2347 -57.2347 -57.2347 -57.2347
[ LCMDATA ] -57.2672 -57.2672 -57.2672 -57.2672 -57.2672 -57.2672 -57.2672
[ LCMDATA ] -57.2859 -57.2859 -57.2859 -57.2859 -57.2859 -57.2859 -57.2859
[ LCMDATA ] -57.2896 -57.2896 -57.2896 -57.2896 -57.2896 -57.2896 -57.2896
[ LCMDATA ] -57.2791 -57.2791 -57.2791 -57.2791 -57.2791 -57.2791 -57.2791
[ LCMDATA ] -57.2545 -57.2545 -57.2545 -57.2545 -57.2545 -57.2545 -57.2545
[ LCMDATA ] -57.2158 -57.2158 -57.2158 -57.2158 -57.2158 -57.2158 -57.2158
[ LCMDATA ] -57.1629 -57.1629 -57.1629 -57.1629 -57.1629 -57.1629 -57.1629
[ LCMDATA ] -57.096 -57.096 -57.096 -57.096 -57.096 -57.096 -57.096
[ LCMDATA ] -57.0149 -57.0149 -57.0149 -57.0149 -57.0149 -57.0149 -57.0149
[ LCMDATA ] -56.9198 -56.9198 -56.9198 -56.9198 -56.9198 -56.9198 -56.9198
[ LCMDATA ] -56.8107 -56.8107 -56.8107 -56.8107 -56.8107 -56.8107 -56.8107
[ LCMDATA ] -56.6875 -56.6875 -56.6875 -56.6875 -56.6875 -56.6875 -56.6875
[ LCMDATA ] -56.5503 -56.5503 -56.5503 -56.5503 -56.5503 -56.5503 -56.5503
[ LCMDATA ] -56.3992 -56.3992 -56.3992 -56.3992 -56.3992 -56.3992 -56.3992
[ LCMDATA ] -56.2342 -56.2342 -56.2342 -56.2342 -56.2342 -56.2342 -56.2342
[ LCMDATA ] -56.0553 -56.0553 -56.0553 -56.0553 -56.0553 -56.0553 -56.0553
[ LCMDATA ] -55.8625 -55.8625 -55.8625 -55.8625 -55.8625 -55.8625 -55.8625
[ LCMDATA ] -55.656 -55.656 -55.656 -55.656 -55.656 -55.656 -55.656
[ LCMDATA ] -55.4358 -55.4358 -55.4358 -55.4358 -55.4358 -55.4358 -55.4358
[ LCMDATA ] -55.2018 -55.2018 -55.2018 -55.2018 -55.2018 -55.2018 -55.2018
[ LCMDATA ] -54.9543 -54.9543 -54.9543 -54.9543 -54.9543 -54.9543 -54.9543
[ LCMDATA ] -54.6902 -54.6902 -54.6902 -54.6902 -54.6902 -54.6902 -54.6902
[ LCMDATA ] -54.4153 -54.4153 -54.4153 -54.4153 -54.4153 -54.4153 -54.4153
[ LCMDATA ] -54.1066 -54.1066 -54.1066 -54.1066 -54.1066 -54.1066 -54.1066
[ LCMDATA ] -53.7949 -53.7949 -53.7949 -53.7949 -53.7949 -53.7949 -53.7949
[ LCMDATA ] -53.4687 -53.4687 -53.4687 -53.4687 -53.4687 -53.4687 -53.4687
[ LCMDATA ] -53.1389 -53.1389 -53.1389 -53.1389 -53.1389 -53.1389 -53.1389
[ LCMDATA ] -52.7865 -52.7865 -52.7865 -52.7865 -52.7865 -52.7865 -52.7865
[ LCMDATA ] -52.4302 -52.4302 -52.4302 -52.4302 -52.4302 -52.4302 -52.4302
[ LCMDATA ] -52.0492 -52.0492 -52.0492 -52.0492 -52.0492 -52.0492 -52.0492
[ LCMDATA ] -51.6668 -51.6668 -51.6668 -51.6668 -51.6668 -51.6668 -51.6668
[ LCMDATA ] -51.2716 -51.2716 -51.2716 -51.2716 -51.2716 -51.2716 -51.2716
[ LCMDATA ] -50.8638 -50.8638 -50.8638 -50.8638 -50.8638 -50.8638 -50.8638
[ LCMDATA ] -50.2359 -50.2359 -50.2359 -50.2359 -50.2359 -50.2359 -50.2359
[ LCMDATA ] -49.7085 -49.7085 -49.7085 -49.7085 -49.7085 -49.7085 -49.7085
[ LCMDATA ] -48.8832 -48.8832 -48.8832 -48.8832 -48.8832 -48.8832 -48.8832
[ LCMDATA ] -48.2145 -48.2145 -48.2145 -48.2145 -48.2145 -48.2145 -48.2145
[ LCMDATA ] -47.6221 -47.6221 -47.6221 -47.6221 -47.6221 -47.6221 -47.6221
[ LCMDATA ] -46.8065 -46.8065 -46.8065 -46.8065 -46.8065 -46.8065 -46.8065
[ LCMDATA ] -46.1763 -46.1763 -46.1763 -46.1763 -46.1763 -46.1763 -46.1763
[ LCMDATA ] -45.1994 -45.1994 -45.1994 -45.1994 -45.1994 -45.1994 -45.1994
[ LCMDATA ] -44.5277 -44.5277 -44.5277 -44.5277 -44.5277 -44.5277 -44.5277
[ LCMDATA ] -43.7237 -43.7237 -43.7237 -43.7237 -43.7237 -43.7237 -43.7237
[ LCMDATA ] -43.0188 -43.0188 -43.0188 -43.0188 -43.0188 -43.0188 -43.0188
[ LCMDATA ] -42.1761 -42.1761 -42.1761 -42.1761 -42.1761 -42.1761 -42.1761
[ LCMDATA ] -41.4379 -41.4379 -41.4379 -41.4379 -41.4379 -41.4379 -41.4379
[ LCMDATA ] -40.8112 -40.8112 -40.8112 -40.8112 -40.8112 -40.8112 -40.8112
[ LCMDATA ] -40.1552 -40.1552 -40.1552 -40.1552 -40.1552 -40.1552 -40.1552
[ LCMDATA ] -39.3025 -39.3025 -39.3025 -39.3025 -39.3025 -39.3025 -39.3025
[ LCMDATA ] -38.5712 -38.5712 -38.5712 -38.5712 -38.5712 -38.5712 -38.5712
[ LCMDATA ] -37.9011 -37.9011 -37.9011 -37.9011 -37.9011 -37.9011 -37.9011
[ LCMDATA ] -36.7088 -36.7088 -36.7088 -36.7088 -36.7088 -36.7088 -36.7088
[ LCMDATA ] -35.7324 -35.7324 -35.7324 -35.7324 -35.7324 -35.7324 -35.7324
[ LCMDATA ] -34.7393 -34.7393 -34.7393 -34.7393 -34.7393 -34.7393 -34.7393
[ LCMDATA ] -34.0195 -34.0195 -34.0195 -34.0195 -34.0195 -34.0195 -34.0195
[ LCMDATA ] -32.8508 -32.8508 -32.8508 -32.8508 -32.8508 -32.8508 -32.8508
[ LCMDATA ] -31.8101 -31.8101 -31.8101 -31.8101 -31.8101 -31.8101 -31.8101
[ LCMDATA ] -30.7548 -30.7548 -30.7548 -30.7548 -30.7548 -30.7548 -30.7548
[ LCMDATA ] -29.8378 -29.8378 -29.8378 -29.8378 -29.8378 -29.8378 -29.8378
[ LCMDATA ] -28.911 -28.911 -28.911 -28.911 -28.911 -28.911 -28.911
[ LCMDATA ] -27.9734 -27.9734 -27.9734 -27.9734 -27.9734 -27.9734 -27.9734
[ LCMDATA ] -27.1846 -27.1846 -27.1846 -27.1846 -27.1846 -27.1846 -27.1846
[ LCMDATA ] -26.3889 -26.3889 -26.3889 -26.3889 -26.3889 -26.3889 -26.3889
[ LCMDATA ] -25.5869 -25.5869 -25.5869 -25.5869 -25.5869 -25.5869 -25.5869
[ LCMDATA ] -24.6171 -24.6171 -24.6171 -24.6171 -24.6171 -24.6171 -24.6171
[ LCMDATA ] -23.3093 -23.3093 -23.3093 -23.3093 -23.3093 -23.3093 -23.3093
[ LCMDATA ] -22.1523 -22.1523 -22.1523 -22.1523 -22.1523 -22.1523 -22.1523
[ LCMDATA ] -21.1522 -21.1522 -21.1522 -21.1522 -21.1522 -21.1522 -21.1522
[ LCMDATA ] -20.3133 -20.3133 -20.3133 -20.3133 -20.3133 -20.3133 -20.3133
[ LCMDATA ] -19.1308 -19.1308 -19.1308 -19.1308 -19.1308 -19.1308 -19.1308
[ LCMDATA ] -18.1097 -18.1097 -18.1097 -18.1097 -18.1097 -18.1097 -18.1097
[ LCMDATA ] -17.2537 -17.2537 -17.2537 -17.2537 -17.2537 -17.2537 -17.2537
[ LCMDATA ] -16.221 -16.221 -16.221 -16.221 -16.221 -16.221 -16.221
[ LCMDATA ] -15.0895 -15.0895 -15.0895 -15.0895 -15.0895 -15.0895 -15.0895
[ LCMDATA ] -14.138 -14.138 -14.138 -14.138 -14.138 -14.138 -14.138
[ LCMDATA ] -13.2474 -13.2474 -13.2474 -13.2474 -13.2474 -13.2474 -13.2474
[ LCMDATA ] -12.3703 -12.3703 -12.3703 -12.3703 -12.3703 -12.3703 -12.3703
[ LCMDATA ] -11.4647 -11.4647 -11.4647 -11.4647 -11.4647 -11.4647 -11.4647
[ LCMDATA ] -10.485 -10.485 -10.485 -10.485 -10.485 -10.485 -10.485
[ LCMDATA ] -9.59904 -9.59904 -9.59904 -9.59904 -9.59904 -9.59904 -9.59904
[ LCMDATA ] -8.62449 -8.62449 -8.62449 -8.62449 -8.62449 -8.62449 -8.62449
[ LCMDATA ] -7.70249 -7.70249 -7.70249 -7.70249 -7.70249 -7.70249 -7.70249
[ LCMDATA ] -6.53094 -6.53094 -6.53094 -6.53094 -6.53094 -6.53094 -6.53094
[ LCMDATA ] -5.4593 -5.4593 -5.4593 -5.4593 -5.4593 -5.4593 -5.4593
[ LCMDATA ] -4.56277 -4.56277 -4.56277 -4.56277 -4.56277 -4.56277 -4.56277
[ LCMDATA ] -2.76645 -2.76645 -2.76645 -2.76645 -2.76645 -2.76645 -2.76645
[ LCMDATA ] -1.14794 -1.14794 -1.14794 -1.14794 -1.14794 -1.14794 -1.14794
[ LCMDATA ] -0.248037 -0.248037 -0.248037 -0.248037 -0.248037 -0.248037 -0.248037
[ LCMDATA ] 1.37181 1.37181 1.37181 1.37181 1.37181 1.37181 1.37181
[ LCMDATA ] 2.45102 2.45102 2.45102 2.45102 2.45102 2.45102 2.45102
[ LCMDATA ] 3.34978 3.34978 3.34978 3.34978 3.34978 3.34978 3.34978
[ LCMDATA ] 4.27909 4.27909 4.27909 4.27909 4.27909 4.27909 4.27909
[ LCMDATA ] 5.29112 5.29112 5.29112 5.29112 5.29112 5.29112 5.29112
[ LCMDATA ] 6.1865 6.1865 6.1865 6.1865 6.1865 6.1865 6.1865
[ LCMDATA ] 7.08036 7.08036 7.08036 7.08036 7.08036 7.08036 7.08036
[ LCMDATA ] 7.97246 7.97246 7.97246 7.97246 7.97246 7.97246 7.97246
[ LCMDATA ] 8.95824 8.95824 8.95824 8.95824 8.95824 8.95824 8.95824
[ LCMDATA ] 9.84595 9.84595 9.84595 9.84595 9.84595 9.84595 9.84595
[ LCMDATA ] 10.7312 10.7312 10.7312 10.7312 10.7312 10.7312 10.7312
[ LCMDATA ] 11.6139 11.6139 11.6139 11.6139 11.6139 11.6139 11.6139
[ LCMDATA ] 12.4936 12.4936 12.4936 12.4936 12.4936 12.4936 12.4936
[ LCMDATA ] 13.6581 13.6581 13.6581 13.6581 13.6581 13.6581 13.6581
[ LCMDATA ] 14.5306 14.5306 14.5306 14.5306 14.5306 14.5306 14.5306
[ LCMDATA ] 15.7457 15.7457 15.7457 15.7457 15.7457 15.7457 15.7457
[ LCMDATA ] 16.609 16.609 16.609 16.609 16.609 16.609 16.609
[ LCMDATA ] 17.8109 17.8109 17.8109 17.8109 17.8109 17.8109 17.8109
[ LCMDATA ] 18.664 18.664 18.664 18.664 18.664 18.664 18.664
[ LCMDATA ] 19.5125 19.5125 19.5125 19.5125 19.5125 19.5125 19.5125
[ LCMDATA ] 20.6923 20.6923 20.6923 20.6923 20.6923 20.6923 20.6923
[ LCMDATA ] 21.862 21.862 21.862 21.862 21.862 21.862 21.862
[ LCMDATA ] 23.0213 23.0213 23.0213 23.0213 23.0213 23.0213 23.0213
[ LCMDATA ] 23.8433 23.8433 23.8433 23.8433 23.8433 23.8433 23.8433
[ LCMDATA ] 24.661 24.661 24.661 24.661 24.661 24.661 24.661
[ LCMDATA ] 25.4702 25.4702 25.4702 25.4702 25.4702 25.4702 25.4702
[ LCMDATA ] 26.2763 26.2763 26.2763 26.2763 26.2763 26.2763 26.2763
[ LCMDATA ] 27.0727 27.0727 27.0727 27.0727 27.0727 27.0727 27.0727
[ LCMDATA ] 27.8721 27.8721 27.8721 27.8721 27.8721 27.8721 27.8721
[ LCMDATA ] 28.6749 28.6749 28.6749 28.6749 28.6749 28.6749 28.6749
[ LCMDATA ] 29.4504 29.4504 29.4504 29.4504 29.4504 29.4504 29.4504
[ LCMDATA ] 30.3187 30.3187 30.3187 30.3187 30.3187 30.3187 30.3187
[ LCMDATA ] 31.0785 31.0785 31.0785 31.0785 31.0785 31.0785 31.0785
[ LCMDATA ] 31.8306 31.8306 31.8306 31.8306 31.8306 31.8306 31.8306
[ LCMDATA ] 32.5749 32.5749 32.5749 32.5749 32.5749 32.5749 32.5749
[ LCMDATA ] 33.3112 33.3112 33.3112 33.3112 33.3112 33.3112 33.3112
[ LCMDATA ] 34.0392 34.0392 34.0392 34.0392 34.0392 34.0392 34.0392
[ LCMDATA ] 34.7588 34.7588 34.7588 34.7588 34.7588 34.7588 34.7588
[ LCMDATA ] 35.9074 35.9074 35.9074 35.9074 35.9074 35.9074 35.9074
[ LCMDATA ] 37.2919 37.2919 37.2919 37.2919 37.2919 37.2919 37.2919
[ LCMDATA ] 38.6398 38.6398 38.6398 38.6398 38.6398 38.6398 38.6398
[ LCMDATA ] 39.4304 39.4304 39.4304 39.4304 39.4304 39.4304 39.4304
[ LCMDATA ] 40.2071 40.2071 40.2071 40.2071 40.2071 40.2071 40.2071
[ LCMDATA ] 41.0946 41.0946 41.0946 41.0946 41.0946 41.0946 41.0946
[ LCMDATA ] 41.8392 41.8392 41.8392 41.8392 41.8392 41.8392 41.8392
[ LCMDATA ] 42.6902 42.6902 42.6902 42.6902 42.6902 42.6902 42.6902
[ LCMDATA ] 43.402 43.402 43.402 43.402 43.402 43.402 43.402
[ LCMDATA ] 43.9845 43.9845 43.9845 43.9845 43.9845 43.9845 43.9845
[ LCMDATA ] 44.5556 44.5556 44.5556 44.5556 44.5556 44.5556 44.5556
[ LCMDATA ] 45.1158 45.1158 45.1158 45.1158 45.1158 45.1158 45.1158
[ LCMDATA ] 45.6649 45.6649 45.6649 45.6649 45.6649 45.6649 45.6649
[ LCMDATA ] 46.4145 46.4145 46.4145 46.4145 46.4145 46.4145 46.4145
[ LCMDATA ] 47.0391 47.0391 47.0391 47.0391 47.0391 47.0391 47.0391
[ LCMDATA ] 47.9447 47.9447 47.9447 47.9447 47.9447 47.9447 47.9447
[ LCMDATA ] 48.5276 48.5276 48.5276 48.5276 48.5276 48.5276 48.5276
[ LCMDATA ] 49.1852 49.1852 49.1852 49.1852 49.1852 49.1852 49.1852
[ LCMDATA ] 49.6406 49.6406 49.6406 49.6406 49.6406 49.6406 49.6406
[ LCMDATA ] 50.3436 50.3436 50.3436 50.3436 50.3436 50.3436 50.3436
[ LCMDATA ] 50.7669 50.7669 50.7669 50.7669 50.7669 50.7669 50.7669
[ LCMDATA ] 51.1778 51.1778 51.1778 51.1778 51.1778 51.1778 51.1778
[ LCMDATA ] 51.5759 51.5759 51.5759 51.5759 51.5759 51.5759 51.5759
[ LCMDATA ] 51.9613 51.9613 51.9613 51.9613 51.9613 51.9613 51.9613
[ LCMDATA ] 52.4068 52.4068 52.4068 52.4068 52.4068 52.4068 52.4068
[ LCMDATA ] 53.0401 53.0401 53.0401 53.0401 53.0401 53.0401 53.0401
[ LCMDATA ] 53.4391 53.4391 53.4391 53.4391 53.4391 53.4391 53.4391
[ LCMDATA ] 53.8802 53.8802 53.8802 53.8802 53.8802 53.8802 53.8802
[ LCMDATA ] 54.2373 54.2373 54.2373 54.2373 54.2373 54.2373 54.2373
[ LCMDATA ] 54.6303 54.6303 54.6303 54.6303 54.6303 54.6303 54.6303
[ LCMDATA ] 54.918 54.918 54.918 54.918 54.918 54.918 54.918
[ LCMDATA ] 55.1675 55.1675 55.1675 55.1675 55.1675 55.1675 55.1675
[ LCMDATA ] 55.4033 55.4033 55.4033 55.4033 55.4033 55.4033 55.4033
[ LCMDATA ] 55.6255 55.6255 55.6255 55.6255 55.6255 55.6255 55.6255
[ LCMDATA ] 55.834 55.834 55.834 55.834 55.834 55.834 55.834
[ LCMDATA ] 56.0287 56.0287 56.0287 56.0287 56.0287 56.0287 56.0287
[ LCMDATA ] 56.2625 56.2625 56.2625 56.2625 56.2625 56.2625 56.2625
[ LCMDATA ] 56.4253 56.4253 56.4253 56.4253 56.4253 56.4253 56.4253
[ LCMDATA ] 56.6296 56.6296 56.6296 56.6296 56.6296 56.6296 56.6296
[ LCMDATA ] 56.7588 56.7588 56.7588 56.7588 56.7588 56.7588 56.7588
[ LCMDATA ] 56.9163 56.9163 56.9163 56.9163 56.9163 56.9163 56.9163
[ LCMDATA ] 57.0119 57.0119 57.0119 57.0119 57.0119 57.0119 57.0119
[ LCMDATA ] 57.1609 57.1609 57.1609 57.1609 57.1609 57.1609 57.1609
[ LCMDATA ] 57.2231 57.2231 57.2231 57.2231 57.2231 57.2231 57.2231
[ LCMDATA ] 57.2702 57.2702 57.2702 57.2702 57.2702 57.2702 57.2702
[ LCMDATA ] 57.2895 57.2895 57.2895 57.2895 57.2895 57.2895 57.2895
[ LCMDATA ] 57.284 57.284 57.284 57.284 57.284 57.284 57.284
[ LCMDATA ] 57.2638 57.2638 57.2638 57.2638 57.2638 57.2638 57.2638
[ LCMDATA ] 57.1812 57.1812 57.1812 57.1812 57.1812 57.1812 57.1812
[ LCMDATA ] 57.0585 57.0585 57.0585 57.0585 57.0585 57.0585 57.0585
[ LCMDATA ] 56.9707 56.9707 56.9707 56.9707 56.9707 56.9707 56.9707
[ LCMDATA ] 56.8684 56.8684 56.8684 56.8684 56.8684 56.8684 56.8684
[ LCMDATA ] 56.7408 56.7408 56.7408 56.7408 56.7408 56.7408 56.7408
[ LCMDATA ] 56.6095 56.6095 56.6095 56.6095 56.6095 56.6095 56.6095
[ LCMDATA ] 56.459 56.459 56.459 56.459 56.459 56.459 56.459
[ LCMDATA ] 56.2993 56.2993 56.2993 56.2993 56.2993 56.2993 56.2993
[ LCMDATA ] 56.1257 56.1257 56.1257 56.1257 56.1257 56.1257 56.1257
[ LCMDATA ] 55.9203 55.9203 55.9203 55.9203 55.9203 55.9203 55.9203
[ LCMDATA ] 55.7178 55.7178 55.7178 55.7178 55.7178 55.7178 55.7178
[ LCMDATA ] 55.5015 55.5015 55.5015 55.5015 55.5015 55.5015 55.5015
[ LCMDATA ] 55.2476 55.2476 55.2476 55.2476 55.2476 55.2476 55.2476
[ LCMDATA ] 55.0026 55.0026 55.0026 55.0026 55.0026 55.0026 55.0026
[ LCMDATA ] 54.6707 54.6707 54.6707 54.6707 54.6707 54.6707 54.6707
[ LCMDATA ] 54.395 54.395 54.395 54.395 54.395 54.395 54.395
[ LCMDATA ] 53.865 53.865 53.865 53.865 53.865 53.865 53.865
[ LCMDATA ] 53.4873 53.4873 53.4873 53.4873 53.4873 53.4873 53.4873
[ LCMDATA ] 53.0912 53.0912 53.0912 53.0912 53.0912 53.0912 53.0912
[ LCMDATA ] 52.6051 52.6051 52.6051 52.6051 52.6051 52.6051 52.6051
[ LCMDATA ] 52.1678 52.1678 52.1678 52.1678 52.1678 52.1678 52.1678
[ LCMDATA ] 51.635 51.635 51.635 51.635 51.635 51.635 51.635
[ LCMDATA ] 51.2387 51.2387 51.2387 51.2387 51.2387 51.2387 51.2387
[ LCMDATA ] 50.6625 50.6625 50.6625 50.6625 50.6625 50.6625 50.6625
[ LCMDATA ] 50.2339 50.2339 50.2339 50.2339 50.2339 50.2339 50.2339
[ LCMDATA ] 49.795 49.795 49.795 49.795 49.795 49.795 49.795
[ LCMDATA ] 49.3439 49.3439 49.3439 49.3439 49.3439 49.3439 49.3439
[ LCMDATA ] 48.8805 48.8805 48.8805 48.8805 48.8805 48.8805 48.8805
[ LCMDATA ] 48.4052 48.4052 48.4052 48.4052 48.4052 48.4052 48.4052
[ LCMDATA ] 47.9179 47.9179 47.9179 47.9179 47.9179 47.9179 47.9179
[ LCMDATA ] 47.3667 47.3667 47.3667 47.3667 47.3667 47.3667 47.3667
[ LCMDATA ] 46.8547 46.8547 46.8547 46.8547 46.8547 46.8547 46.8547
[ LCMDATA ] 46.2879 46.2879 46.2879 46.2879 46.2879 46.2879 46.2879
[ LCMDATA ] 45.716 45.716 45.716 45.716 45.716 45.716 45.716
[ LCMDATA ] 45.1315 45.1315 45.1315 45.1315 45.1315 45.1315 45.1315
[ LCMDATA ] 44.5361 44.5361 44.5361 44.5361 44.5361 44.5361 44.5361
[ LCMDATA ] 43.9646 43.9646 43.9646 43.9646 43.9646 43.9646 43.9646
[ LCMDATA ] 43.3822 43.3822 43.3822 43.3822 43.3822 43.3822 43.3822
[ LCMDATA ] 42.7891 42.7891 42.7891 42.7891 42.7891 42.7891 42.7891
[ LCMDATA ] 42.1854 42.1854 42.1854 42.1854 42.1854 42.1854 42.1854
[ LCMDATA ] 41.5714 41.5714 41.5714 41.5714 41.5714 41.5714 41.5714
[ LCMDATA ] 40.947 40.947 40.947 40.947 40.947 40.947 40.947
[ LCMDATA ] 40.3126 40.3126 40.3126 40.3126 40.3126 40.3126 40.3126
[ LCMDATA ] 39.6682 39.6682 39.6682 39.6682 39.6682 39.6682 39.6682
[ LCMDATA ] 39.0141 39.0141 39.0141 39.0141 39.0141 39.0141 39.0141
[ LCMDATA ] 38.3503 38.3503 38.3503 38.3503 38.3503 38.3503 38.3503
[ LCMDATA ] 37.677 37.677 37.677 37.677 37.677 37.677 37.677
[ LCMDATA ] 36.9945 36.9945 36.9945 36.9945 36.9945 36.9945 36.9945
[ LCMDATA ] 36.3028 36.3028 36.3028 36.3028 36.3028 36.3028 36.3028
[ LCMDATA ] 35.6022 35.6022 35.6022 35.6022 35.6022 35.6022 35.6022
[ LCMDATA ] 34.8928 34.8928 34.8928 34.8928 34.8928 34.8928 34.8928
[ LCMDATA ] 34.1747 34.1747 34.1747 34.1747 34.1747 34.1747 34.1747
[ LCMDATA ] 33.4483 33.4483 33.4483 33.4483 33.4483 33.4483 33.4483
[ LCMDATA ] 32.7136 32.7136 32.7136 32.7136 32.7136 32.7136 32.7136
[ LCMDATA ] 31.9708 31.9708 31.9708 31.9708 31.9708 31.9708 31.9708
[ LCMDATA ] 31.2201 31.2201 31.2201 31.2201 31.2201 31.2201 31.2201
[ LCMDATA ] 30.4522 30.4522 30.4522 30.4522 30.4522 30.4522 30.4522
[ LCMDATA ] 29.6514 29.6514 29.6514 29.6514 29.6514 29.6514 29.6514
[ LCMDATA ] 28.8777 28.8777 28.8777 28.8777 28.8777 28.8777 28.8777
[ LCMDATA ] 28.088 28.088 28.088 28.088 28.088 28.088 28.088
[ LCMDATA ] 27.2903 27.2903 27.2903 27.2903 27.2903 27.2903 27.2903
[ LCMDATA ] 26.4957 26.4957 26.4957 26.4957 26.4957 26.4957 26.4957
[ LCMDATA ] 25.6946 25.6946 25.6946 25.6946 25.6946 25.6946 25.6946
[ LCMDATA ] 24.8871 24.8871 24.8871 24.8871 24.8871 24.8871 24.8871
[ LCMDATA ] 24.0735 24.0735 24.0735 24.0735 24.0735 24.0735 24.0735
[ LCMDATA ] 23.254 23.254 23.254 23.254 23.254 23.254 23.254
[ LCMDATA ] 22.4287 22.4287 22.4287 22.4287 22.4287 22.4287 22.4287
[ LCMDATA ] 21.5978 21.5978 21.5978 21.5978 21.5978 21.5978 21.5978
[ LCMDATA ] 20.7617 20.7617 20.7617 20.7617 20.7617 20.7617 20.7617
[ LCMDATA ] 19.9204 19.9204 19.9204 19.9204 19.9204 19.9204 19.9204
[ LCMDATA ] 19.0742 19.0742 19.0742 19.0742 19.0742 19.0742 19.0742
[ LCMDATA ] 18.2234 18.2234 18.2234 18.2234 18.2234 18.2234 18.2234
[ LCMDATA ] 17.368 17.368 17.368 17.368 17.368 17.368 17.368
[ LCMDATA ] 16.5083 16.5083 16.5083 16.5083 16.5083 16.5083 16.5083
[ LCMDATA ] 15.6445 15.6445 15.6445 15.6445 15.6445 15.6445 15.6445
[ LCMDATA ] 14.7708 14.7708 14.7708 14.7708 14.7708 14.7708 14.7708
[ LCMDATA ] 13.8995 13.8995 13.8995 13.8995 13.8995 13.8995 13.8995
[ LCMDATA ] 13.0248 13.0248 13.0248 13.0248 13.0248 13.0248 13.0248
[ LCMDATA ] 12.1469 12.1469 12.1469 12.1469 12.1469 12.1469 12.1469
[ LCMDATA ] 11.266 11.266 11.266 11.266 11.266 11.266 11.266
[ LCMDATA ] 10.3823 10.3823 10.3823 10.3823 10.3823 10.3823 10.3823
[ LCMDATA ] 9.49601 9.49601 9.49601 9.49601 9.49601 9.49601 9.49601
[ LCMDATA ] 8.60741 8.60741 8.60741 8.60741 8.60741 8.60741 8.60741
[ LCMDATA ] 7.71669 7.71669 7.71669 7.71669 7.71669 7.71669 7.71669
[ LCMDATA ] 6.82406 6.82406 6.82406 6.82406 6.82406 6.82406 6.82406
[ LCMDATA ] 5.92975 5.92975 5.92975 5.92975 5.92975 5.92975 5.92975
[ LCMDATA ] 5.03396 5.03396 5.03396 5.03396 5.03396 5.03396 5.03396
[ LCMDATA ] 4.13693 4.13693 4.13693 4.13693 4.13693 4.13693 4.13693
[ LCMDATA ] 3.2389 3.2389 3.2389 3.2389 3.2389 3.2389 3.2389
[ LCMDATA ] 2.34006 2.34006 2.34006 2.34006 2.34006 2.34006 2.34006
[ LCMDATA ] 1.44065 1.44065 1.44065 1.44065 1.44065 1.44065 1.44065
[ LCMDATA ] 0.540863 0.540863 0.540863 0.540863 0.540863 0.540863 0.540863
[ LCMDATA ] -0.359049 -0.359049 -0.359049 -0.359049 -0.359049 -0.359049 -0.359049
[ LCMDATA ] -1.25887 -1.25887 -1.25887 -1.25887 -1.25887 -1.25887 -1.25887
[ LCMDATA ] -2.15838 -2.15838 -2.15838 -2.15838 -2.15838 -2.15838 -2.15838
[ LCMDATA ] -3.05912 -3.05912 -3.05912 -3.05912 -3.05912 -3.05912 -3.05912
[ LCMDATA ] -3.95735 -3.95735 -3.95735 -3.95735 -3.95735 -3.95735 -3.95735
[ LCMDATA ] -4.85459 -4.85459 -4.85459 -4.85459 -4.85459 -4.85459 -4.85459
[ LCMDATA ] -5.75064 -5.75064 -5.75064 -5.75064 -5.75064 -5.75064 -5.75064
[ LCMDATA ] -6.64527 -6.64527 -6.64527 -6.64527 -6.64527 -6.64527 -6.64527
[ LCMDATA ] -7.55293 -7.55293 -7.55293 -7.55293 -7.55293 -7.55293 -7.55293
[ LCMDATA ] -8.44402 -8.44402 -8.44402 -8.44402 -8.44402 -8.44402 -8.44402
[ LCMDATA ] -9.35128 -9.35128 -9.35128 -9.35128 -9.35128 -9.35128 -9.35128
[ LCMDATA ] -10.2489 -10.2489 -10.2489 -10.2489 -10.2489 -10.2489 -10.2489
[ LCMDATA ] -11.1329 -11.1329 -11.1329 -11.1329 -11.1329 -11.1329 -11.1329
[ LCMDATA ] -12.0143 -12.0143 -12.0143 -12.0143 -12.0143 -12.0143 -12.0143
[ LCMDATA ] -12.8927 -12.8927 -12.8927 -12.8927 -12.8927 -12.8927 -12.8927
[ LCMDATA ] -13.7743 -13.7743 -13.7743 -13.7743 -13.7743 -13.7743 -13.7743
[ LCMDATA ] -14.646 -14.646 -14.646 -14.646 -14.646 -14.646 -14.646
[ LCMDATA ] -15.5142 -15.5142 -15.5142 -15.5142 -15.5142 -15.5142 -15.5142
[ LCMDATA ] -16.3786 -16.3786 -16.3786 -16.3786 -16.3786 -16.3786 -16.3786
[ LCMDATA ] -17.2389 -17.2389 -17.2389 -17.2389 -17.2389 -17.2389 -17.2389
[ LCMDATA ] -18.0949 -18.0949 -18.0949 -18.0949 -18.0949 -18.0949 -18.0949
[ LCMDATA ] -18.9477 -18.9477 -18.9477 -18.9477 -18.9477 -18.9477 -18.9477
[ LCMDATA ] -19.7947 -19.7947 -19.7947 -19.7947 -19.7947 -19.7947 -19.7947
[ LCMDATA ] -20.6367 -20.6367 -20.6367 -20.6367 -20.6367 -20.6367 -20.6367
[ LCMDATA ] -21.4736 -21.4736 -21.4736 -21.4736 -21.4736 -21.4736 -21.4736
[ LCMDATA ] -22.3052 -22.3052 -22.3052 -22.3052 -22.3052 -22.3052 -22.3052
[ LCMDATA ] -23.1313 -23.1313 -23.1313 -23.1313 -23.1313 -23.1313 -23.1313
[ LCMDATA ] -23.9518 -23.9518 -23.9518 -23.9518 -23.9518 -23.9518 -23.9518
[ LCMDATA ] -24.7663 -24.7663 -24.7663 -24.7663 -24.7663 -24.7663 -24.7663
[ LCMDATA ] -25.5747 -25.5747 -25.5747 -25.5747 -25.5747 -25.5747 -25.5747
[ LCMDATA ] -26.3768 -26.3768 -26.3768 -26.3768 -26.3768 -26.3768 -26.3768
[ LCMDATA ] -27.1723 -27.1723 -27.1723 -27.1723 -27.1723 -27.1723 -27.1723
[ LCMDATA ] -27.9612 -27.9612 -27.9612 -27.9612 -27.9612 -27.9612 -27.9612
[ LCMDATA ] -28.7432 -28.7432 -28.7432 -28.7432 -28.7432 -28.7432 -28.7432
[ LCMDATA ] -29.5181 -29.5181 -29.5181 -29.5181 -29.5181 -29.5181 -29.5181
[ LCMDATA ] -30.2857 -30.2857 -30.2857 -30.2857 -30.2857 -30.2857 -30.2857
[ LCMDATA ] -31.0458 -31.0458 -31.0458 -31.0458 -31.0458 -31.0458 -31.0458
[ LCMDATA ] -31.7982 -31.7982 -31.7982 -31.7982 -31.7982 -31.7982 -31.7982
[ LCMDATA ] -32.5429 -32.5429 -32.5429 -32.5429 -32.5429 -32.5429 -32.5429
[ LCMDATA ] -33.2794 -33.2794 -33.2794 -33.2794 -33.2794 -33.2794 -33.2794
[ LCMDATA ] -34.0078 -34.0078 -34.0078 -34.0078 -34.0078 -34.0078 -34.0078
[ LCMDATA ] -34.7278 -34.7278 -34.7278 -34.7278 -34.7278 -34.7278 -34.7278
[ LCMDATA ] -35.4392 -35.4392 -35.4392 -35.4392 -35.4392 -35.4392 -35.4392
[ LCMDATA ] -36.1419 -36.1419 -36.1419 -36.1419 -36.1419 -36.1419 -36.1419
[ LCMDATA ] -36.8356 -36.8356 -36.8356 -36.8356 -36.8356 -36.8356 -36.8356
[ LCMDATA ] -37.5203 -37.5203 -37.5203 -37.5203 -37.5203 -37.5203 -37.5203
[ LCMDATA ] -38.2783 -38.2783 -38.2783 -38.2783 -38.2783 -38.2783 -38.2783
[ LCMDATA ] -38.9875 -38.9875 -38.9875 -38.9875 -38.9875 -38.9875 -38.9875
[ LCMDATA ] -39.642 -39.642 -39.642 -39.642 -39.642 -39.642 -39.642
[ LCMDATA ] -40.308 -40.308 -40.308 -40.308 -40.308 -40.308 -40.308
[ LCMDATA ] -40.9425 -40.9425 -40.9425 -40.9425 -40.9425 -40.9425 -40.9425
[ LCMDATA ] -41.7147 -41.7147 -41.7147 -41.7147 -41.7147 -41.7147 -41.7147
[ LCMDATA ] -42.3888 -42.3888 -42.3888 -42.3888 -42.3888 -42.3888 -42.3888
[ LCMDATA ] -42.989 -42.989 -42.989 -42.989 -42.989 -42.989 -42.989
[ LCMDATA ] -43.5785 -43.5785 -43.5785 -43.5785 -43.5785 -43.5785 -43.5785
[ LCMDATA ] -44.1573 -44.1573 -44.1573 -44.1573 -44.1573 -44.1573 -44.1573
[ LCMDATA ] -44.7252 -44.7252 -44.7252 -44.7252 -44.7252 -44.7252 -44.7252
[ LCMDATA ] -45.3293 -45.3293 -45.3293 -45.3293 -45.3293 -45.3293 -45.3293
[ LCMDATA ] -45.9648 -45.9648 -45.9648 -45.9648 -45.9648 -45.9648 -45.9648
[ LCMDATA ] -46.5702 -46.5702 -46.5702 -46.5702 -46.5702 -46.5702 -46.5702
[ LCMDATA ] -47.0885 -47.0885 -47.0885 -47.0885 -47.0885 -47.0885 -47.0885
[ LCMDATA ] -47.5953 -47.5953 -47.5953 -47.5953 -47.5953 -47.5953 -47.5953
[ LCMDATA ] -48.099 -48.099 -48.099 -48.099 -48.099 -48.099 -48.099
[ LCMDATA ] -48.5819 -48.5819 -48.5819 -48.5819 -48.5819 -48.5819 -48.5819
[ LCMDATA ] -49.0528 -49.0528 -49.0528 -49.0528 -49.0528 -49.0528 -49.0528
[ LCMDATA ] -49.5117 -49.5117 -49.5117 -49.5117 -49.5117 -49.5117 -49.5117
[ LCMDATA ] -49.9583 -49.9583 -49.9583 -49.9583 -49.9583 -49.9583 -49.9583
[ LCMDATA ] -50.3926 -50.3926 -50.3926 -50.3926 -50.3926 -50.3926 -50.3926
[ LCMDATA ] -50.8144 -50.8144 -50.8144 -50.8144 -50.8144 -50.8144 -50.8144
[ LCMDATA ] -51.2238 -51.2238 -51.2238 -51.2238 -51.2238 -51.2238 -51.2238
[ LCMDATA ] -51.6204 -51.6204 -51.6204 -51.6204 -51.6204 -51.6204 -51.6204
[ LCMDATA ] -52.0044 -52.0044 -52.0044 -52.0044 -52.0044 -52.0044 -52.0044
[ LCMDATA ] -52.3755 -52.3755 -52.3755 -52.3755 -52.3755 -52.3755 -52.3755
[ LCMDATA ] -52.7337 -52.7337 -52.7337 -52.7337 -52.7337 -52.7337 -52.7337
[ LCMDATA ] -53.0789 -53.0789 -53.0789 -53.0789 -53.0789 -53.0789 -53.0789
[ LCMDATA ] -53.411 -53.411 -53.411 -53.411 -53.411 -53.411 -53.411
[ LCMDATA ] -53.7299 -53.7299 -53.7299 -53.7299 -53.7299 -53.7299 -53.7299
[ LCMDATA ] -54.0355 -54.0355 -54.0355 -54.0355 -54.0355 -54.0355 -54.0355
[ LCMDATA ] -54.3901 -54.3901 -54.3901 -54.3901 -54.3901 -54.3901 -54.3901
[ LCMDATA ] -54.6661 -54.6661 -54.6661 -54.6661 -54.6661 -54.6661 -54.6661
[ LCMDATA ] -54.9286 -54.9286 -54.9286 -54.9286 -54.9286 -54.9286 -54.9286
[ LCMDATA ] -55.1775 -55.1775 -55.1775 -55.1775 -55.1775 -55.1775 -55.1775
[ LCMDATA ] -55.4887 -55.4887 -55.4887 -55.4887 -55.4887 -55.4887 -55.4887
[ LCMDATA ] -55.7816 -55.7816 -55.7816 -55.7816 -55.7816 -55.7816 -55.7816
[ LCMDATA ] -56.0223 -56.0223 -56.0223 -56.0223 -56.0223 -56.0223 -56.0223
[ LCMDATA ] -56.2036 -56.2036 -56.2036 -56.2036 -56.2036 -56.2036 -56.2036
[ LCMDATA ] -56.3711 -56.3711 -56.3711 -56.3711 -56.3711 -56.3711 -56.3711
[ LCMDATA ] -56.5247 -56.5247 -56.5247 -56.5247 -56.5247 -56.5247 -56.5247
[ LCMDATA ] -56.6994 -56.6994 -56.6994 -56.6994 -56.6994 -56.6994 -56.6994
[ LCMDATA ] -56.8213 -56.8213 -56.8213 -56.8213 -56.8213 -56.8213 -56.8213
[ LCMDATA ] -56.9581 -56.9581 -56.9581 -56.9581 -56.9581 -56.9581 -56.9581
[ LCMDATA ] -57.0656 -57.0656 -57.0656 -57.0656 -57.0656 -57.0656 -57.0656
[ LCMDATA ] -57.1524 -57.1524 -57.1524 -57.1524 -57.1524 -57.1524 -57.1524
[ LCMDATA ] -57.2077 -57.2077 -57.2077 -57.2077 -57.2077 -57.2077 -57.2077
[ LCMDATA ] -57.2488 -57.2488 -57.2488 -57.2488 -57.2488 -57.2488 -57.2488
[ LCMDATA ] -57.2759 -57.2759 -57.2759 -57.2759 -57.2759 -57.2759 -57.2759
[ LCMDATA ] -57.2897 -57.2897 -57.2897 -57.2897 -57.2897 -57.2897 -57.2897
[ LCMDATA ] -57.2854 -57.2854 -57.2854 -57.2854 -57.2854 -57.2854 -57.2854
[ LCMDATA ] -57.2669 -57.2669 -57.2669 -57.2669 -57.2669 -57.2669 -57.2669
[ LCMDATA ] -57.2178 -57.2178 -57.2178 -57.2178 -57.2178 -57.2178 -57.2178
[ LCMDATA ] -57.1656 -57.1656 -57.1656 -57.1656 -57.1656 -57.1656 -57.1656
[ LCMDATA ] -57.0993 -57.0993 -57.0993 -57.0993 -57.0993 -57.0993 -57.0993
[ LCMDATA ] -56.9982 -56.9982 -56.9982 -56.9982 -56.9982 -56.9982 -56.9982
[ LCMDATA ] -56.9005 -56.9005 -56.9005 -56.9005 -56.9005 -56.9005 -56.9005
[ LCMDATA ] -56.766 -56.766 -56.766 -56.766 -56.766 -56.766 -56.766
[ LCMDATA ] -56.6375 -56.6375 -56.6375 -56.6375 -56.6375 -56.6375 -56.6375
[ LCMDATA ] -56.4951 -56.4951 -56.4951 -56.4951 -56.4951 -56.4951 -56.4951
[ LCMDATA ] -56.2765 -56.2765 -56.2765 -56.2765 -56.2765 -56.2765 -56.2765
[ LCMDATA ] -56.0608 -56.0608 -56.0608 -56.0608 -56.0608 -56.0608 -56.0608
[ LCMDATA ] -55.8682 -55.8682 -55.8682 -55.8682 -55.8682 -55.8682 -55.8682
[ LCMDATA ] -55.6607 -55.6607 -55.6607 -55.6607 -55.6607 -55.6607 -55.6607
[ LCMDATA ] -55.428 -55.428 -55.428 -55.428 -55.428 -55.428 -55.428
[ LCMDATA ] -55.1853 -55.1853 -55.1853 -55.1853 -55.1853 -55.1853 -55.1853
[ LCMDATA ] -54.9368 -54.9368 -54.9368 -54.9368 -54.9368 -54.9368 -54.9368
[ LCMDATA ] -54.5894 -54.5894 -54.5894 -54.5894 -54.5894 -54.5894 -54.5894
[ LCMDATA ] -54.3096 -54.3096 -54.3096 -54.3096 -54.3096 -54.3096 -54.3096
[ LCMDATA ] -53.9066 -53.9066 -53.9066 -53.9066 -53.9066 -53.9066 -53.9066
[ LCMDATA ] -53.5406 -53.5406 -53.5406 -53.5406 -53.5406 -53.5406 -53.5406
[ LCMDATA ] -53.2138 -53.2138 -53.2138 -53.2138 -53.2138 -53.2138 -53.2138
[ LCMDATA ] -52.8299 -52.8299 -52.8299 -52.8299 -52.8299 -52.8299 -52.8299
[ LCMDATA ] -52.3834 -52.3834 -52.3834 -52.3834 -52.3834 -52.3834 -52.3834
[ LCMDATA ] -52.0126 -52.0126 -52.0126 -52.0126 -52.0126 -52.0126 -52.0126
[ LCMDATA ] -51.6289 -51.6289 -51.6289 -51.6289 -51.6289 -51.6289 -51.6289
[ LCMDATA ] -51.0528 -51.0528 -51.0528 -51.0528 -51.0528 -51.0528 -51.0528
[ LCMDATA ] -50.6382 -50.6382 -50.6382 -50.6382 -50.6382 -50.6382 -50.6382
[ LCMDATA ] -50.1584 -50.1584 -50.1584 -50.1584 -50.1584 -50.1584 -50.1584
[ LCMDATA ] -49.7174 -49.7174 -49.7174 -49.7174 -49.7174 -49.7174 -49.7174
[ LCMDATA ] -49.2641 -49.2641 -49.2641 -49.2641 -49.2641 -49.2641 -49.2641
[ LCMDATA ] -48.7139 -48.7139 -48.7139 -48.7139 -48.7139 -48.7139 -48.7139
[ LCMDATA ] -48.2343 -48.2343 -48.2343 -48.2343 -48.2343 -48.2343 -48.2343
[ LCMDATA ] -47.7428 -47.7428 -47.7428 -47.7428 -47.7428 -47.7428 -47.7428
[ LCMDATA ] -47.2395 -47.2395 -47.2395 -47.2395 -47.2395 -47.2395 -47.2395
[ LCMDATA ] -46.7245 -46.7245 -46.7245 -46.7245 -46.7245 -46.7245 -46.7245
[ LCMDATA ] -46.1981 -46.1981 -46.1981 -46.1981 -46.1981 -46.1981 -46.1981
[ LCMDATA ] -45.6602 -45.6602 -45.6602 -45.6602 -45.6602 -45.6602 -45.6602
[ LCMDATA ] -45.111 -45.111 -45.111 -45.111 -45.111 -45.111 -45.111
[ LCMDATA ] -44.5508 -44.5508 -44.5508 -44.5508 -44.5508 -44.5508 -44.5508
[ LCMDATA ] -43.9795 -43.9795 -43.9795 -43.9795 -43.9795 -43.9795 -43.9795
[ LCMDATA ] -43.3974 -43.3974 -43.3974 -43.3974 -43.3974 -43.3974 -43.3974
[ LCMDATA ] -42.8046 -42.8046 -42.8046 -42.8046 -42.8046 -42.8046 -42.8046
[ LCMDATA ] -42.2012 -42.2012 -42.2012 -42.2012 -42.2012 -42.2012 -42.2012
[ LCMDATA ] -41.5874 -41.5874 -41.5874 -41.5874 -41.5874 -41.5874 -41.5874
[ LCMDATA ] -40.9633 -40.9633 -40.9633 -40.9633 -40.9633 -40.9633 -40.9633
[ LCMDATA ] -40.3292 -40.3292 -40.3292 -40.3292 -40.3292 -40.3292 -40.3292
[ LCMDATA ] -39.5212 -39.5212 -39.5212 -39.5212 -39.5212 -39.5212 -39.5212
[ LCMDATA ] -38.8649 -38.8649 -38.8649 -38.8649 -38.8649 -38.8649 -38.8649
[ LCMDATA ] -37.886 -37.886 -37.886 -37.886 -37.886 -37.886 -37.886
[ LCMDATA ] -37.0529 -37.0529 -37.0529 -37.0529 -37.0529 -37.0529 -37.0529
[ LCMDATA ] -36.362 -36.362 -36.362 -36.362 -36.362 -36.362 -36.362
[ LCMDATA ] -35.4138 -35.4138 -35.4138 -35.4138 -35.4138 -35.4138 -35.4138
[ LCMDATA ] -34.7021 -34.7021 -34.7021 -34.7021 -34.7021 -34.7021 -34.7021
[ LCMDATA ] -33.8759 -33.8759 -33.8759 -33.8759 -33.8759 -33.8759 -33.8759
[ LCMDATA ] -33.067 -33.067 -33.067 -33.067 -33.067 -33.067 -33.067
[ LCMDATA ] -32.3281 -32.3281 -32.3281 -32.3281 -32.3281 -32.3281 -32.3281
[ LCMDATA ] -31.5812 -31.5812 -31.5812 -31.5812 -31.5812 -31.5812 -31.5812
[ LCMDATA ] -30.8265 -30.8265 -30.8265 -30.8265 -30.8265 -30.8265 -30.8265
[ LCMDATA ] -30.0642 -30.0642 -30.0642 -30.0642 -30.0642 -30.0642 -30.0642
[ LCMDATA ] -29.2945 -29.2945 -29.2945 -29.2945 -29.2945 -29.2945 -29.2945
[ LCMDATA ] -28.5175 -28.5175 -28.5175 -28.5175 -28.5175 -28.5175 -28.5175
[ LCMDATA ] -27.7335 -27.7335 -27.7335 -27.7335 -27.7335 -27.7335 -27.7335
[ LCMDATA ] -26.9427 -26.9427 -26.9427 -26.9427 -26.9427 -26.9427 -26.9427
[ LCMDATA ] -26.1452 -26.1452 -26.1452 -26.1452 -26.1452 -26.1452 -26.1452
[ LCMDATA ] -25.3413 -25.3413 -25.3413 -25.3413 -25.3413 -25.3413 -25.3413
[ LCMDATA ] -24.5311 -24.5311 -24.5311 -24.5311 -24.5311 -24.5311 -24.5311
[ LCMDATA ] -23.7148 -23.7148 -23.7148 -23.7148 -23.7148 -23.7148 -23.7148
[ LCMDATA ] -22.8928 -22.8928 -22.8928 -22.8928 -22.8928 -22.8928 -22.8928
[ LCMDATA ] -22.065 -22.065 -22.065 -22.065 -22.065 -22.065 -22.065
[ LCMDATA ] -21.2318 -21.2318 -21.2318 -21.2318 -21.2318 -21.2318 -21.2318
[ LCMDATA ] -20.3934 -20.3934 -20.3934 -20.3934 -20.3934 -20.3934 -20.3934
[ LCMDATA ] -19.5499 -19.5499 -19.5499 -19.5499 -19.5499 -19.5499 -19.5499
[ LCMDATA ] -18.7017 -18.7017 -18.7017 -18.7017 -18.7017 -18.7017 -18.7017
[ LCMDATA ] -17.8488 -17.8488 -17.8488 -17.8488 -17.8488 -17.8488 -17.8488
[ LCMDATA ] -16.9686 -16.9686 -16.9686 -16.9686 -16.9686 -16.9686 -16.9686
[ LCMDATA ] -16.107 -16.107 -16.107 -16.107 -16.107 -16.107 -16.107
[ LCMDATA ] -15.2414 -15.2414 -15.2414 -15.2414 -15.2414 -15.2414 -15.2414
[ LCMDATA ] -14.3721 -14.3721 -14.3721 -14.3721 -14.3721 -14.3721 -14.3721
[ LCMDATA ] -13.4992 -13.4992 -13.4992 -13.4992 -13.4992 -13.4992 -13.4992
[ LCMDATA ] -12.623 -12.623 -12.623 -12.623 -12.623 -12.623 -12.623
[ LCMDATA ] -11.7437 -11.7437 -11.7437 -11.7437 -11.7437 -11.7437 -11.7437
[ LCMDATA ] -10.7329 -10.7329 -10.7329 -10.7329 -10.7329 -10.7329 -10.7329
[ LCMDATA ] -9.65119 -9.65119 -9.65119 -9.65119 -9.65119 -9.65119 -9.65119
[ LCMDATA ] -8.76298 -8.76298 -8.76298 -8.76298 -8.76298 -8.76298 -8.76298
[ LCMDATA ] -7.8726 -7.8726 -7.8726 -7.8726 -7.8726 -7.8726 -7.8726
[ LCMDATA ] -6.78302 -6.78302 -6.78302 -6.78302 -6.78302 -6.78302 -6.78302
[ LCMDATA ] -5.88862 -5.88862 -5.88862 -5.88862 -5.88862 -5.88862 -5.88862
[ LCMDATA ] -4.99278 -4.99278 -4.99278 -4.99278 -4.99278 -4.99278 -4.99278
[ LCMDATA ] -4.04405 -4.04405 -4.04405 -4.04405 -4.04405 -4.04405 -4.04405
[ LCMDATA ] -3.11395 -3.11395 -3.11395 -3.11395 -3.11395 -3.11395 -3.11395
[ LCMDATA ] -2.21502 -2.21502 -2.21502 -2.21502 -2.21502 -2.21502 -2.21502
[ LCMDATA ] -1.31553 -1.31553 -1.31553 -1.31553 -1.31553 -1.31553 -1.31553
[ LCMDATA ] -0.415728 -0.415728 -0.415728 -0.415728 -0.415728 -0.415728 -0.415728
[ LCMDATA ] 0.484187 0.484187 0.484187 0.484187 0.484187 0.484187 0.484187
[ LCMDATA ] 1.45202 1.45202 1.45202 1.45202 1.45202 1.45202 1.45202
[ LCMDATA ] 2.35143 2.35143 2.35143 2.35143 2.35143 2.35143 2.35143
[ LCMDATA ] 3.33576 3.33576 3.33576 3.33576 3.33576 3.33576 3.33576
[ LCMDATA ] 4.24272 4.24272 4.24272 4.24272 4.24272 4.24272 4.24272
[ LCMDATA ] 5.1396 5.1396 5.1396 5.1396 5.1396 5.1396 5.1396
[ LCMDATA ] 6.03522 6.03522 6.03522 6.03522 6.03522 6.03522 6.03522
[ LCMDATA ] 6.92934 6.92934 6.92934 6.92934 6.92934 6.92934 6.92934
[ LCMDATA ] 7.82177 7.82177 7.82177 7.82177 7.82177 7.82177 7.82177
[ LCMDATA ] 8.71226 8.71226 8.71226 8.71226 8.71226 8.71226 8.71226
[ LCMDATA ] 9.60059 9.60059 9.60059 9.60059 9.60059 9.60059 9.60059
[ LCMDATA ] 10.4869 10.4869 10.4869 10.4869 10.4869 10.4869 10.4869
[ LCMDATA ] 11.3706 11.3706 11.3706 11.3706 11.3706 11.3706 11.3706
[ LCMDATA ] 12.2513 12.2513 12.2513 12.2513 12.2513 12.2513 12.2513
[ LCMDATA ] 13.1288 13.1288 13.1288 13.1288 13.1288 13.1288 13.1288
[ LCMDATA ] 14.0034 14.0034 14.0034 14.0034 14.0034 14.0034 14.0034
[ LCMDATA ] 14.8743 14.8743 14.8743 14.8743 14.8743 14.8743 14.8743
[ LCMDATA ] 15.7415 15.7415 15.7415 15.7415 15.7415 15.7415 15.7415
[ LCMDATA ] 16.6048 16.6048 16.6048 16.6048 16.6048 16.6048 16.6048
[ LCMDATA ] 17.464 17.464 17.464 17.464 17.464 17.464 17.464
[ LCMDATA ] 18.3213 18.3213 18.3213 18.3213 18.3213 18.3213 18.3213
[ LCMDATA ] 19.1717 19.1717 19.1717 19.1717 19.1717 19.1717 19.1717
[ LCMDATA ] 20.0233 20.0233 20.0233 20.0233 20.0233 20.0233 20.0233
[ LCMDATA ] 20.8639 20.8639 20.8639 20.8639 20.8639 20.8639 20.8639
[ LCMDATA ] 21.7004 21.7004 21.7004 21.7004 21.7004 21.7004 21.7004
[ LCMDATA ] 22.6197 22.6197 22.6197 22.6197 22.6197 22.6197 22.6197
[ LCMDATA ] 23.4881 23.4881 23.4881 23.4881 23.4881 23.4881 23.4881
[ LCMDATA ] 24.3525 24.3525 24.3525 24.3525 24.3525 24.3525 24.3525
[ LCMDATA ] 25.2111 25.2111 25.2111 25.2111 25.2111 25.2111 25.2111
[ LCMDATA ] 26.0205 26.0205 26.0205 26.0205 26.0205 26.0205 26.0205
[ LCMDATA ] 26.8219 26.8219 26.8219 26.8219 26.8219 26.8219 26.8219
[ LCMDATA ] 27.6137 27.6137 27.6137 27.6137 27.6137 27.6137 27.6137
[ LCMDATA ] 28.3988 28.3988 28.3988 28.3988 28.3988 28.3988 28.3988
[ LCMDATA ] 29.1805 29.1805 29.1805 29.1805 29.1805 29.1805 29.1805
[ LCMDATA ] 29.9612 29.9612 29.9612 29.9612 29.9612 29.9612 29.9612
[ LCMDATA ] 30.7245 30.7245 30.7245 30.7245 30.7245 30.7245 30.7245
[ LCMDATA ] 31.4824 31.4824 31.4824 31.4824 31.4824 31.4824 31.4824
[ LCMDATA ] 32.2303 32.2303 32.2303 32.2303 32.2303 32.2303 32.2303
[ LCMDATA ] 32.98 32.98 32.98 32.98 32.98 32.98 32.98
[ LCMDATA ] 33.7118 33.7118 33.7118 33.7118 33.7118 33.7118 33.7118
[ LCMDATA ] 34.5283 34.5283 34.5283 34.5283 34.5283 34.5283 34.5283
[ LCMDATA ] 35.2421 35.2421 35.2421 35.2421 35.2421 35.2421 35.2421
[ LCMDATA ] 36.0316 36.0316 36.0316 36.0316 36.0316 36.0316 36.0316
[ LCMDATA ] 36.7267 36.7267 36.7267 36.7267 36.7267 36.7267 36.7267
[ LCMDATA ] 37.5489 37.5489 37.5489 37.5489 37.5489 37.5489 37.5489
[ LCMDATA ] 38.3732 38.3732 38.3732 38.3732 38.3732 38.3732 38.3732
[ LCMDATA ] 39.0367 39.0367 39.0367 39.0367 39.0367 39.0367 39.0367
[ LCMDATA ] 39.6905 39.6905 39.6905 39.6905 39.6905 39.6905 39.6905
[ LCMDATA ] 40.3347 40.3347 40.3347 40.3347 40.3347 40.3347 40.3347
[ LCMDATA ] 40.9688 40.9688 40.9688 40.9688 40.9688 40.9688 40.9688
[ LCMDATA ] 41.739 41.739 41.739 41.739 41.739 41.739 41.739
[ LCMDATA ] 42.4859 42.4859 42.4859 42.4859 42.4859 42.4859 42.4859
[ LCMDATA ] 43.0843 43.0843 43.0843 43.0843 43.0843 43.0843 43.0843
[ LCMDATA ] 43.7316 43.7316 43.7316 43.7316 43.7316 43.7316 43.7316
[ LCMDATA ] 44.3075 44.3075 44.3075 44.3075 44.3075 44.3075 44.3075
[ LCMDATA ] 44.8725 44.8725 44.8725 44.8725 44.8725 44.8725 44.8725
[ LCMDATA ] 45.4265 45.4265 45.4265 45.4265 45.4265 45.4265 45.4265
[ LCMDATA ] 45.9692 45.9692 45.9692 45.9692 45.9692 45.9692 45.9692
[ LCMDATA ] 46.5319 46.5319 46.5319 46.5319 46.5319 46.5319 46.5319
[ LCMDATA ] 47.0586 47.0586 47.0586 47.0586 47.0586 47.0586 47.0586
[ LCMDATA ] 47.566 47.566 47.566 47.566 47.566 47.566 47.566
[ LCMDATA ] 48.0662 48.0662 48.0662 48.0662 48.0662 48.0662 48.0662
[ LCMDATA ] 48.55 48.55 48.55 48.55 48.55 48.55 48.55
[ LCMDATA ] 49.0223 49.0223 49.0223 49.0223 49.0223 49.0223 49.0223
[ LCMDATA ] 49.482 49.482 49.482 49.482 49.482 49.482 49.482
[ LCMDATA ] 49.9428 49.9428 49.9428 49.9428 49.9428 49.9428 49.9428
[ LCMDATA ] 50.3775 50.3775 50.3775 50.3775 50.3775 50.3775 50.3775
[ LCMDATA ] 50.8687 50.8687 50.8687 50.8687 50.8687 50.8687 50.8687
[ LCMDATA ] 51.3669 51.3669 51.3669 51.3669 51.3669 51.3669 51.3669
[ LCMDATA ] 51.8453 51.8453 51.8453 51.8453 51.8453 51.8453 51.8453
[ LCMDATA ] 52.2247 52.2247 52.2247 52.2247 52.2247 52.2247 52.2247
[ LCMDATA ] 52.6261 52.6261 52.6261 52.6261 52.6261 52.6261 52.6261
[ LCMDATA ] 52.9753 52.9753 52.9753 52.9753 52.9753 52.9753 52.9753
[ LCMDATA ] 53.3113 53.3113 53.3113 53.3113 53.3113 53.3113 53.3113
[ LCMDATA ] 53.6343 53.6343 53.6343 53.6343 53.6343 53.6343 53.6343
[ LCMDATA ] 53.9439 53.9439 53.9439 53.9439 53.9439 53.9439 53.9439
[ LCMDATA ] 54.2403 54.2403 54.2403 54.2403 54.2403 54.2403 54.2403
[ LCMDATA ] 54.5233 54.5233 54.5233 54.5233 54.5233 54.5233 54.5233
[ LCMDATA ] 54.7929 54.7929 54.7929 54.7929 54.7929 54.7929 54.7929
[ LCMDATA ] 55.0489 55.0489 55.0489 55.0489 55.0489 55.0489 55.0489
[ LCMDATA ] 55.2913 55.2913 55.2913 55.2913 55.2913 55.2913 55.2913
[ LCMDATA ] 55.5201 55.5201 55.5201 55.5201 55.5201 55.5201 55.5201
[ LCMDATA ] 55.7352 55.7352 55.7352 55.7352 55.7352 55.7352 55.7352
[ LCMDATA ] 55.9366 55.9366 55.9366 55.9366 55.9366 55.9366 55.9366
[ LCMDATA ] 56.1241 56.1241 56.1241 56.1241 56.1241 56.1241 56.1241
[ LCMDATA ] 56.2978 56.2978 56.2978 56.2978 56.2978 56.2978 56.2978
[ LCMDATA ] 56.4576 56.4576 56.4576 56.4576 56.4576 56.4576 56.4576
[ LCMDATA ] 56.6035 56.6035 56.6035 56.6035 56.6035 56.6035 56.6035
[ LCMDATA ] 56.7658 56.7658 56.7658 56.7658 56.7658 56.7658 56.7658
[ LCMDATA ] 56.9037 56.9037 56.9037 56.9037 56.9037 56.9037 56.9037
[ LCMDATA ] 57.0094 57.0094 57.0094 57.0094 57.0094 57.0094 57.0094
[ LCMDATA ] 57.0941 57.0941 57.0941 57.0941 57.0941 57.0941 57.0941
[ LCMDATA ] 57.1847 57.1847 57.1847 57.1847 57.1847 57.1847 57.1847
[ LCMDATA ] 57.2437 57.2437 57.2437 57.2437 57.2437 57.2437 57.2437
[ LCMDATA ] 57.2784 57.2784 57.2784 57.2784 57.2784 57.2784 57.2784
[ LCMDATA ] 57.2894 57.2894 57.2894 57.2894 57.2894 57.2894 57.2894
[ LCMDATA ] 57.2864 57.2864 57.2864 57.2864 57.2864 57.2864 57.2864
[ LCMDATA ] 57.2692 57.2692 57.2692 57.2692 57.2692 57.2692 57.2692
[ LCMDATA ] 57.2378 57.2378 57.2378 57.2378 57.2378 57.2378 57.2378
[ LCMDATA ] 57.1924 57.1924 57.1924 57.1924 57.1924 57.1924 57.1924
[ LCMDATA ] 57.1328 57.1328 57.1328 57.1328 57.1328 57.1328 57.1328
[ LCMDATA ] 57.0591 57.0591 57.0591 57.0591 57.0591 57.0591 57.0591
[ LCMDATA ] 56.9714 56.9714 56.9714 56.9714 56.9714 56.9714 56.9714
[ LCMDATA ] 56.853 56.853 56.853 56.853 56.853 56.853 56.853
[ LCMDATA ] 56.735 56.735 56.735 56.735 56.735 56.735 56.735
[ LCMDATA ] 56.5567 56.5567 56.5567 56.5567 56.5567 56.5567 56.5567
[ LCMDATA ] 56.3706 56.3706 56.3706 56.3706 56.3706 56.3706 56.3706
[ LCMDATA ] 56.2031 56.2031 56.2031 56.2031 56.2031 56.2031 56.2031
[ LCMDATA ] 56.0217 56.0217 56.0217 56.0217 56.0217 56.0217 56.0217
[ LCMDATA ] 55.8217 55.8217 55.8217 55.8217 55.8217 55.8217 55.8217
[ LCMDATA ] 55.6123 55.6123 55.6123 55.6123 55.6123 55.6123 55.6123
[ LCMDATA ] 55.3818 55.3818 55.3818 55.3818 55.3818 55.3818 55.3818
[ LCMDATA ] 55.0609 55.0609 55.0609 55.0609 55.0609 55.0609 55.0609
[ LCMDATA ] 54.7718 54.7718 54.7718 54.7718 54.7718 54.7718 54.7718
[ LCMDATA ] 54.5012 54.5012 54.5012 54.5012 54.5012 54.5012 54.5012
[ LCMDATA ] 54.2125 54.2125 54.2125 54.2125 54.2125 54.2125 54.2125
[ LCMDATA ] 53.9149 53.9149 53.9149 53.9149 53.9149 53.9149 53.9149
[ LCMDATA ] 53.5247 53.5247 53.5247 53.5247 53.5247 53.5247 53.5247
[ LCMDATA ] 53.1946 53.1946 53.1946 53.1946 53.1946 53.1946 53.1946
[ LCMDATA ] 52.854 52.854 52.854 52.854 52.854 52.854 52.854
[ LCMDATA ] 52.5002 52.5002 52.5002 52.5002 52.5002 52.5002 52.5002
[ LCMDATA ] 52.1298 52.1298 52.1298 52.1298 52.1298 52.1298 52.1298
[ LCMDATA ] 51.7501 51.7501 51.7501 51.7501 51.7501 51.7501 51.7501
[ LCMDATA ] 51.3577 51.3577 51.3577 51.3577 51.3577 51.3577 51.3577
[ LCMDATA ] 50.9526 50.9526 50.9526 50.9526 50.9526 50.9526 50.9526
[ LCMDATA ] 50.5345 50.5345 50.5345 50.5345 50.5345 50.5345 50.5345
[ LCMDATA ] 50.1044 50.1044 50.1044 50.1044 50.1044 50.1044 50.1044
[ LCMDATA ] 49.6618 49.6618 49.6618 49.6618 49.6618 49.6618 49.6618
[ LCMDATA ] 49.207 49.207 49.207 49.207 49.207 49.207 49.207
[ LCMDATA ] 48.7401 48.7401 48.7401 48.7401 48.7401 48.7401 48.7401
[ LCMDATA ] 48.0967 48.0967 48.0967 48.0967 48.0967 48.0967 48.0967
[ LCMDATA ] 47.6019 47.6019 47.6019 47.6019 47.6019 47.6019 47.6019
[ LCMDATA ] 46.9987 46.9987 46.9987 46.9987 46.9987 46.9987 46.9987
[ LCMDATA ] 46.3608 46.3608 46.3608 46.3608 46.3608 46.3608 46.3608
[ LCMDATA ] 45.8264 45.8264 45.8264 45.8264 45.8264 45.8264 45.8264
[ LCMDATA ] 45.2024 45.2024 45.2024 45.2024 45.2024 45.2024 45.2024
[ LCMDATA ] 44.5174 44.5174 44.5174 44.5174 44.5174 44.5174 44.5174
[ LCMDATA ] 43.9015 43.9015 43.9015 43.9015 43.9015 43.9015 43.9015
[ LCMDATA ] 43.3179 43.3179 43.3179 43.3179 43.3179 43.3179 43.3179
[ LCMDATA ] 42.6536 42.6536 42.6536 42.6536 42.6536 42.6536 42.6536
[ LCMDATA ] 42.0476 42.0476 42.0476 42.0476 42.0476 42.0476 42.0476
[ LCMDATA ] 41.2207 41.2207 41.2207 41.2207 41.2207 41.2207 41.2207
[ LCMDATA ] 40.5907 40.5907 40.5907 40.5907 40.5907 40.5907 40.5907
[ LCMDATA ] 39.9506 39.9506 39.9506 39.9506 39.9506 39.9506 39.9506
[ LCMDATA ] 39.3007 39.3007 39.3007 39.3007 39.3007 39.3007 39.3007
[ LCMDATA ] 38.5188 38.5188 38.5188 38.5188 38.5188 38.5188 38.5188
[ LCMDATA ] 37.6974 37.6974 37.6974 37.6974 37.6974 37.6974 37.6974
[ LCMDATA ] 36.9202 36.9202 36.9202 36.9202 36.9202 36.9202 36.9202
[ LCMDATA ] 35.9832 35.9832 35.9832 35.9832 35.9832 35.9832 35.9832
[ LCMDATA ] 35.1719 35.1719 35.1719 35.1719 35.1719 35.1719 35.1719
[ LCMDATA ] 34.4091 34.4091 34.4091 34.4091 34.4091 34.4091 34.4091
[ LCMDATA ] 33.6854 33.6854 33.6854 33.6854 33.6854 33.6854 33.6854
[ LCMDATA ] 32.9533 32.9533 32.9533 32.9533 32.9533 32.9533 32.9533
[ LCMDATA ] 32.2131 32.2131 32.2131 32.2131 32.2131 32.2131 32.2131
[ LCMDATA ] 31.4298 31.4298 31.4298 31.4298 31.4298 31.4298 31.4298
[ LCMDATA ] 30.6233 30.6233 30.6233 30.6233 30.6233 30.6233 30.6233
[ LCMDATA ] 29.8589 29.8589 29.8589 29.8589 29.8589 29.8589 29.8589
[ LCMDATA ] 28.8404 28.8404 28.8404 28.8404 28.8404 28.8404 28.8404
[ LCMDATA ] 27.9787 27.9787 27.9787 27.9787 27.9787 27.9787 27.9787
[ LCMDATA ] 27.1609 27.1609 27.1609 27.1609 27.1609 27.1609 27.1609
[ LCMDATA ] 26.3652 26.3652 26.3652 26.3652 26.3652 26.3652 26.3652
[ LCMDATA ] 25.2332 25.2332 25.2332 25.2332 25.2332 25.2332 25.2332
[ LCMDATA ] 24.4222 24.4222 24.4222 24.4222 24.4222 24.4222 24.4222
[ LCMDATA ] 23.6052 23.6052 23.6052 23.6052 23.6052 23.6052 23.6052
[ LCMDATA ] 22.6739 22.6739 22.6739 22.6739 22.6739 22.6739 22.6739
[ LCMDATA ] 21.8187 21.8187 21.8187 21.8187 21.8187 21.8187 21.8187
[ LCMDATA ] 20.6416 20.6416 20.6416 20.6416 20.6416 20.6416 20.6416
[ LCMDATA ] 19.6093 19.6093 19.6093 19.6093 19.6093 19.6093 19.6093
[ LCMDATA ] 18.7614 18.7614 18.7614 18.7614 18.7614 18.7614 18.7614
[ LCMDATA ] 17.7291 17.7291 17.7291 17.7291 17.7291 17.7291 17.7291
[ LCMDATA ] 16.6814 16.6814 16.6814 16.6814 16.6814 16.6814 16.6814
[ LCMDATA ] 15.7809 15.7809 15.7809 15.7809 15.7809 15.7809 15.7809
[ LCMDATA ] 14.9139 14.9139 14.9139 14.9139 14.9139 14.9139 14.9139
[ LCMDATA ] 14.0432 14.0432 14.0432 14.0432 14.0432 14.0432 14.0432
[ LCMDATA ] 13.1334 13.1334 13.1334 13.1334 13.1334 13.1334 13.1334
[ LCMDATA ] 12.2559 12.2559 12.2559 12.2559 12.2559 12.2559 12.2559
[ LCMDATA ] 11.3753 11.3753 11.3753 11.3753 11.3753 11.3753 11.3753
[ LCMDATA ] 10.4633 10.4633 10.4633 10.4633 10.4633 10.4633 10.4633
[ LCMDATA ] 9.38788 9.38788 9.38788 9.38788 9.38788 9.38788 9.38788
[ LCMDATA ] 8.499 8.499 8.499 8.499 8.499 8.499 8.499
[ LCMDATA ] 7.60803 7.60803 7.60803 7.60803 7.60803 7.60803 7.60803
[ LCMDATA ] 6.71517 6.71517 6.71517 6.71517 6.71517 6.71517 6.71517
[ LCMDATA ] 5.82067 5.82067 5.82067 5.82067 5.82067 5.82067 5.82067
[ LCMDATA ] 4.92472 4.92472 4.92472 4.92472 4.92472 4.92472 4.92472
[ LCMDATA ] 4.02757 4.02757 4.02757 4.02757 4.02757 4.02757 4.02757
[ LCMDATA ] 3.12942 3.12942 3.12942 3.12942 3.12942 3.12942 3.12942
[ LCMDATA ] 2.23049 2.23049 2.23049 2.23049 2.23049 2.23049 2.23049
[ LCMDATA ] 1.33103 1.33103 1.33103 1.33103 1.33103 1.33103 1.33103
[ LCMDATA ] 0.295032 0.295032 0.295032 0.295032 0.295032 0.295032 0.295032
[ LCMDATA ] -0.604872 -0.604872 -0.604872 -0.604872 -0.604872 -0.604872 -0.604872
[ LCMDATA ] -1.50463 -1.50463 -1.50463 -1.50463 -1.50463 -1.50463 -1.50463
[ LCMDATA ] -2.44692 -2.44692 -2.44692 -2.44692 -2.44692 -2.44692 -2.44692
[ LCMDATA ] -3.49917 -3.49917 -3.49917 -3.49917 -3.49917 -3.49917 -3.49917
